කේ.	PER
මිත්‍රරත්නගේ	PER
‘‘කිරි	O
පැණි	O
නාට්‍යයේ	O
කිරි	O
මුදලාලිගේ	O
ගෝලයාගේ	O
චරිතය	O
රඟපෑ	O
පසිඳු	PER
රංගනාත්	PER
හතරසිංහ	PER
(විවෘත)	O
.	O
හොඳම	O
සංගීතය	O
–	O
වත්තල	LOC
ලයිසියම්	ORG
ජාත්‍යන්තර	ORG
පාසලේ	ORG
‘‘තණකොළ	O
පෙත්තයි	O
යාළුවො	O
රොත්තයි”	O
නාට්‍යයේ	O
සුදර්ශන	PER
බණ්ඩාර	PER
(සීමිත)	O
.	O
අමිතා	PER
රබ්බිඩිගලගේ	PER
‘‘වටින	O
කෙනෙක්	O
මං”	O
නාට්‍යයේ	O
ර`ගපෑ	O
විරාජ්	PER
උදාර	PER
වික්‍රමආරච්චි	PER
(විවෘත)	O
සෙසු	O
අංශ	O
සඳහා	O
ද	O
සම්මාන	O
පිරිනැමිණි	O
.	O
සංස්කෘතික	O
හා	O
කලා	O
කටයුතු	O
ඇමැති	O
ටී.	PER
බී.	PER
ඒකනායක	PER
,	O
එම	O
අමාත්‍යාංශයේ	O
ලේකම්	O
වසන්ත	PER
ඒකනායක	PER
,	O
සංස්කෘතික	ORG
කටයුතු	ORG
දෙපාර්තමේන්තුවේ	ORG
අධ්‍යක්‍ෂ	O
විජිත්	PER
කණුගල	PER
,	O
ටවර්	ORG
රඟහල	ORG
පදනමේ	ORG
අධ්‍යක්‍ෂ	O
ජනරාල්	O
නීතිඥ	O
ඩග්ලස්	PER
සිරිවර්ධන	PER
,	O
ශ්‍රී	ORG
ලංකා	ORG
කලා	ORG
මණ්ඩලයේ	ORG
සභාපති	O
මහාචාර්ය	O
කාලෝ	PER
ෆොන්සේකා	PER
,	O
රාජ්‍ය	ORG
නාට්‍ය	ORG
අනුමණ්ඩලයේ	ORG
සභාපති	O
ශි‍්‍රයන්ත	PER
මෙන්ඩිස්	PER
,	O
රංගන	O
ශිල්පීන්	O
වන	O
ජනක්	PER
ප්‍රේමලාල්	PER
,	O
ජගත්	PER
චමිල	PER
සහ	O
සුගත්	PER
වටගෙදර	PER
,	O
පියල්	PER
සමරවීර	PER
සම්මාන	O
ප්‍රදානය	O
කිරීම	O
සඳහා	O
එක්	O
වූහ	O
.	O
උල්	O
දත්	O
ඇති	O
,	O
දිවියකු	O
තරම්	O
ලොකු	O
අමුතු	O
විදියේ	O
උරගයකුගේ	O
පොසිල	O
අස්ථි	O
හමුවෙලා	O
තියෙනවා	O
දකුණු	LOC
දිග	LOC
බ්‍රසීලයෙන්	LOC
.	O
මේ	O
සත්ත්වයාගේ	O
අස්ථි	O
පරීක්ෂා	O
කිරීමේදී	O
තහවුරු	O
වුණා	O
ඒවා	O
අවුරුදු	O
මිලියන	O
265	O
කට	O
වඩා	O
පැරණියි	O
කියලා	O
.	O
ඒ	O
කියන්නේ	O
මේ	O
සතා	O
ලොව	O
ජීවත්වෙලා	O
තියෙන්නේ	O
ඩයිනසෝරයන්	O
මිහිමත	O
පහළ	O
වෙන්නත්	O
ඇවිද	O
යන්නත්	O
කලින්	O
.	O
ඒ	O
විතරක්	O
නොවේ	O
මේ	O
සතා	O
ඩයිනසෝරයින්	O
ගොදුරු	O
කර	O
ගන්නා	O
විලෝපිකයෙක්	O
වූ	O
බවත්	O
විද්‍යාඥයන්	O
පවසනවා	O
.	O
හිස්	O
කබලක්	O
මේ	O
විලෝපිකයාගේ	O
හිස්	O
කබලක්	O
හමුවුණේ	O
බ්‍රසීලයේ	LOC
රියෝ	LOC
ග්‍රාන්ද්	LOC
දෝ	LOC
සල්	LOC
නිම්නයේ	LOC
පිහිටි	O
ගම්මානයක්	O
අසලින්	O
.	O
ඒ	O
සොයා	O
ගැනීමට	O
මඟ	O
පෑදී	O
තිබෙන්නේ	O
අන්තර්	O
ජාලයේ	O
‘ගූගල්	O
මැප්ස්’	O
යොදා	O
ගනිමින්	O
චන්ද්‍රිකා	O
තාක්ෂණයෙන්	O
ප්‍රදේශයේ	O
භූ	O
විෂමතා	O
පරීක්ෂා	O
කිරීමෙන්	O
අනතුරුව	O
යැයි	O
පැවැසෙනවා	O
.	O
අසාමාන්‍ය	O
සලකුණක්	O
දැකපු	O
බ්‍රසීල	LOC
විද්‍යාඥයන්	O
කණ්ඩායමක්	O
ගියා	O
ඒ	O
ගැන	O
පරීක්ෂා	O
කරන්න	O
.	O
එවිටයි	O
පොසිලකරණයට	O
ලක්	O
වුණු	O
හිස්	O
කබල	O
හමුවුණේ	O
.	O
මේ	O
සත්ත්වයා	O
ලොව	O
පහළ	O
වී	O
ඇත්තේ	O
ඩයිනසෝරයින්	O
මිහිමත	O
පහළ	O
වීමට	O
වසර	O
මිලියන	O
40	O
කට	O
පෙරයි	O
.	O
මෙයා	O
අයත්	O
වන්නේ	O
වඳවී	O
ගිය	O
උරග	O
පවුලකටයි	O
.	O
ඒ	O
හින්දා	O
මෙයාගේ	O
මුතුන්මිත්තන්	O
ගැන	O
කිසිම	O
සාක්ෂියක්	O
තාමත්	O
ලැබිලා	O
නැහැ	O
.	O
මේ	O
සතා	O
නම්	O
කර	O
තියෙන්නේ	O
‘පැම්පාෆොනියස්	O
බික්කායි’	O
යනුවෙනුයි	O
.	O
මේ	O
සතා	O
ඩයිනෝසෙපේලියානුවෙක්	O
.	O
ඒ	O
කියන්නේ	O
ඩයිනසෝරයින්	O
හා	O
පෙනුමෙන්	O
සමාන	O
ඩයිනසෝරයන්	O
නොවන	O
‘අන්ටේසෝරස්’	O
නමැති	O
පවුලේ	O
සාමාජිකයෙක්	O
.	O
‘අන්ටේසෝරස්’	O
සතුන්	O
ඩයිනසෝරයින්	O
ලොව	O
පහළ	O
වෙද්දී	O
මියැදුණා	O
කියලයි	O
මෙතෙක්	O
කල්	O
විශ්වාස	O
කළේ	O
.	O
‘පැම්පාෆොනියස්	O
බික්කායි’	O
අචලතාපියෙක්	O
.	O
සතුන්	O
පසුපස	O
ලූහුබැඳ	O
ඔවුන්	O
ගොදුරු	O
කර	O
ගන්න	O
ශක්තිමත්	O
හකු	O
යුගලක්	O
සහ	O
තියුණු	O
දත්	O
මේ	O
සත්ත්වයාට	O
තිබෙනවා	O
.	O
‘පැම්පාෆොනියස්	O
බික්කායි’	O
යන	O
නම	O
මේ	O
සතාට	O
යොදා	O
ඇති	O
අයුරුත්	O
අපූරුයි	O
.	O
‘පැම්පාස්’	O
කියලා	O
කියන්නේ	O
බ්‍රසීලයේ	LOC
පිහිටන	O
තැනිතලා	O
තණ	O
බිම්වලටයි	O
.	O
‘ෆෝනියස්’	O
යනු	O
ගී‍්‍රක	O
වදනක්	O
.	O
එහි	O
අර්ථය	O
‘ඝාතකයා’	O
යන්නයි	O
.	O
වර්තමානයේ	O
බ්‍රසීලයෙන්	LOC
මේ	O
සතාගේ	O
පොසිල	O
හිස්	O
කබලක්	O
හමුවුණත්	O
,	O
මේ	O
සතා	O
ජීවත්	O
වෙද්දී	O
ලෝකය	O
මහද්වීපවලට	O
වෙන්	O
වී	O
තිබුණේ	O
නැහැ	O
.	O
අද	O
බ්‍රසීලය	LOC
යැයි	O
හඳුන්වන	O
රට	O
ලෝකයේ	O
කොතැනක	O
තිබුණේදැයි	O
විද්‍යාඥයන්ට	O
හරියටම	O
කියන්න	O
බැහැ	O
.	O
‘පැම්පාෆොනියස්	O
බික්කායි’	O
ජීවත්	O
වෙද්දී	O
,	O
අතීතයේ	O
පැවැතියේ	O
එක්	O
මහා	O
මහද්වීපයක්	O
.	O
එය	O
හැඳින්වෙන්නේ	O
‘පැන්ජියා’	O
කියලයි	O
.	O
මීට	O
පෙර	O
හමු	O
වූ	O
අය	O
මීට	O
පෙර	O
,	O
ඩයිනසෝරයන්ට	O
පෙර	O
ජීවත්	O
වූ	O
සතුන්	O
හමුවුණේ	O
රුසියාවෙන්	LOC
,	O
කසකස්තානයෙන්	LOC
,	O
චීනයෙන්	LOC
සහ	O
දකුණු	LOC
අප්‍රිකාවෙන්	LOC
.	O
ඒත්	O
මේ	O
අලූත්	O
සොයා	O
ගැනීමෙන්	O
පැහැදිලියි	O
මේ	O
සතුන්	O
අතීතයේ	O
ලෝකය	O
පුරා	O
ව්‍යාප්ත	O
වී	O
සිටිය	O
බව	O
.	O
පැම්පාෆොනියස්	O
බික්කායිගේ	O
පොසිල	O
හිස්කබල	O
සොයා	O
ගැනීමේ	O
පොසිල	O
විද්‍යාඥ	O
කණ්ඩායමට	O
නායකත්වය	O
දුන්නේ	O
බ්‍රසීලයේ	LOC
ටෙරේසිනාහි	LOC
පියාඋයි	ORG
ෆෙඩරල්	ORG
සරසවියේ	ORG
පොසිල	O
විද්‍යාඥ	O
ආචාර්ය	O
ජුවාන්	PER
කාලෝස්	PER
සිස්නේරස්	PER
.	O
ඔහු	O
ඒ	O
ගැන	O
කියන්නේ	O
මෙහෙමයි:	O
”මේ	O
පොසිලය	O
මංශභක්ෂක	O
ඇන්ටේසෝරසයකුගේ	O
.	O
මෙම	O
සොයා	O
ගැනීමෙන්	O
ආදිකාලෙ	O
පැන්ජියාව	LOC
පවතිද්දී	O
ඒ	O
ප්‍රදේශය	O
පුරා	O
මංශභක්ෂක	O
ඩයිනෝසෙෆලියන්ස්	O
සතුන්	O
ජීවත්	O
වූ	O
බව	O
.”අනෙක්	O
ඩයිනෝසෙපේලියානුවන්ට	O
අයත්	O
වන	O
සතුන්	O
වන්නේ	O
දකුණු	LOC
අප්‍රිකානු	LOC
ඇන්ටේසෝරස්	O
මැග්නිෆිකස්	O
හා	O
රුසියානු	LOC
ටයිටනොෆොනියස්	O
පොටෙන්ස්	O
දෙදෙනායි	O
.	O
ඒ	O
අතරින්	O
රුසියානු	LOC
සත්ත්වයා	O
ප්‍රමාණයෙන්	O
විශාලයි	O
.	O
උගේ	O
දිග	O
අඩි	O
18කට	O
වැඩියි	O
.	O
පර්මීයානු	O
යුගයේ	O
මේ	O
මිහිමත	O
ඇවිද	O
ගිය	O
විශාල	O
ම	O
සත්ත්වයා	O
මොහු	O
විය	O
හැකියි	O
.	O
එකම	O
භූමියක්	O
පර්යේෂකයන්	O
විශ්වාස	O
කරන්නේ	O
ලෝකයේ	O
භූමි	O
එකට	O
එක්ව	O
තිබූ	O
නිසා	O
මේ	O
සත්ත්වයාට	O
පැන්ජියාවේ	LOC
උතුරුදිග	O
කොටසේ	O
එනම්	O
ලොරේසියාවේ	LOC
සිට	O
දකුණුදිග	O
කොටසේ	O
එනම්	O
ගොඞ්වානාවට	LOC
සංක්‍රමණය	O
වෙන්නට	O
හැකි	O
වෙන්න	O
ඇත	O
.	O
පර්මීයානු	O
යුගය	O
අවසාන	O
වෙත්ම	O
මේ	O
සියලූ	O
සත්ත්ව	O
ජීවිත	O
සම්පූර්ණයෙන්	O
මිහිමතින්	O
තුරන්	O
වෙන්නට	O
ඇති	O
,	O
කලින්	O
ඇති	O
නොවූ	O
,	O
නොසිතූ	O
විරූ	O
මහා	O
විනාශයක්	O
හේතුවෙන්	O
.	O
ලෝකය	O
පුරා	O
විසිරී	O
තිබුණු	O
සංකීර්ණ	O
පරිසර	O
පද්ධති	O
සියල්ල	O
කුමක්	O
හෝ	O
විශාල	O
සංසිද්ධියක්	O
නිසා	O
මුළුමනින්ම	O
විනාශ	O
වී	O
යන්නට	O
ඇති	O
.	O
ඉතිරි	O
වන්නට	O
ඇත්තේ	O
සත්ත්ව	O
විශේෂ	O
අතරින්	O
සියයට	O
පහක්	O
පමණයි	O
.	O
මේ	O
විනාශය	O
සිදු	O
වන්නට	O
ඇත්තේ	O
සමහර	O
විට	O
වසර	O
පන්ලක්ෂයක්	O
තිස්සේ	O
සිදු	O
වුණු	O
දැවැන්ත	O
යමහල්	O
විදාරණයක්	O
නිසා	O
,	O
එනම්	O
ලොව	O
පුරා	O
සෑම	O
තැනකින්	O
ම	O
ගිනිකඳු	O
පිපිරීම්	O
නිසා	O
වියහැකි	O
යැයි	O
දැන්	O
අනුමාන	O
කෙරෙනවා	O
.	O
රට	O
තුළ	O
තිබෙන	O
ජාතික	O
උරුමයන්	O
පිළිබඳව	O
පාසල්	O
ළමයින්	O
දැනුවත්	O
කිරීමට	O
නව	O
වැඩපිළිවෙළක්	O
සකස්	O
කරන	O
බව	O
ජාතික	O
උරුමයන්	O
පිළිබඳ	O
අමාත්‍ය	O
ආචාර්ය	O
ජගත්	PER
බාලසූරිය	PER
මහතා	O
අවධාරණය	O
කරයි	O
.	O
මේ	O
පිළිබඳව	O
අදහස්	O
දක්වන	O
අමාත්‍යවරයා	O
,	O
මේ	O
රටේ	O
සමස්ත	O
පාසල්	O
පද්ධතිය	O
තුළ	O
අධ්‍යාපනය	O
ලබන	O
සිංහල	O
,	O
දෙමළ	O
,	O
මුස්ලිම්	O
හෝවේවා	O
කුමන	O
ජාතියකට	O
,	O
ආගමකොට	O
අයත්	O
වුවත්	O
ශ්‍රී	O
ලාංකිකයන්	O
හැටියට	O
අපේ	O
රටේ	O
අභිමානය	O
පිළිබඳව	O
අවබෝධයක්	O
ඇති	O
විය	O
යුතුයි	O
.	O
මේ	O
රටේ	O
සියලු	O
ආගමික	O
,	O
සංස්කෘතික	O
,	O
වැදගත්කමකින්	O
යුතු	O
ඕනෑම	O
මහෝත්සවයකදී	O
සහජීවනයෙන්	O
කටයුතු	O
කරන	O
දරුවන්ගේ	O
සිත්	O
තුළ	O
ඇති	O
අව්‍යාජත්වය	O
නිසාම	O
,	O
පුරවැසිභාවය	O
ලබා	O
තිබෙන	O
රටක	O
සංස්කෘතික	O
අනන්‍යතාව	O
දැනගැනීම	O
ඉතා	O
වටිනා	O
කාරණාවක්	O
.	O
අද	O
බොහෝ	O
ජාතික	O
උරුමයන්වල	O
අවශේෂ	O
පවතින්නේ	O
උතුරු	LOC
නැගෙනහිර	LOC
.	O
අපේ	O
රටේ	O
සංස්කෘතික	O
වටිනාකම	O
අනාගත	O
පරපුරට	O
දැක	O
බලාගන්න	O
,	O
ගවේෂණය	O
කරන්න	O
,	O
අත්විඳින්න	O
ඉඩප්‍රස්තාව	O
සකස්කළ	O
යුතුයි	O
.	O
මේ	O
රටට	O
ඇදී	O
එන	O
විශාල	O
විදේශ	O
සංචාරකයන්	O
පිරිසටත්	O
,	O
අපේ	O
රටේ	O
ජාතික	O
උරුමය	O
පිළිබඳව	O
හඳුන්වා	O
දීමකට	O
වෙ	O
නම	O
මාර්ගෝපදේශනයක්	O
තිබිය	O
යුතුයි	O
.	O
මෙවර	O
ජගත්	O
පරිසර	O
දින	O
ජාතික	O
සැමරුම්	O
උත්සවය	O
ජනාධිපති	O
මහින්ද	PER
රාජපක්ෂ	PER
මැතිතුමාගේ	O
ප්‍රධානත්වයෙන්	O
හා	O
සම්භාවනීය	O
අමුත්තන්ගේ	O
සහ	O
පාසල්	O
සිසුන්	O
500කගේ	O
සහභාගීත්වයෙන්	O
මේ	O
මස	O
05	O
වන	O
දින	O
කොළඹ	LOC
රාජකීය	ORG
විද්‍යාලීය	ORG
නව	LOC
රඟහලේ	LOC
දී	O
සැමරීමට	O
පරිසර	ORG
හා	ORG
පුනර්ජනනීය	ORG
බලශක්ති	ORG
අමාත්‍යාංශය	ORG
කටයුතු	O
යොදා	O
ඇත	O
.	O
ජාතික	O
පරිසර	O
සතිය	O
05	O
වනදා	O
සිට	O
17වනදා	O
දක්වා	O
ක්‍රියාත්මක	O
කෙරේ	O
.	O
මීට	O
සමගාමී	O
ලෙස	O
ශ්‍රී	LOC
ලංකාවේ	LOC
වනාන්තර	O
සංරක්ෂණය	O
හා	O
කළමනාකරණය	O
කිරීම	O
සඳහා	O
“වන	ORG
සුරැකුම්	ORG
කමිටු”	ORG
ස්ථාපිත	O
කිරීම	O
,	O
කළුතර	LOC
දිස්ත්‍රික්කයේ	LOC
දොඹගහකන්ද	LOC
රක්ෂිතය	LOC
සංරක්ෂණය	O
සහ	O
සංවර්ධනය	O
සඳහා	O
වැඩසටහන්	O
දියත්	O
කිරීම	O
,	O
පාරිසරික	O
පාගමන්	O
ඇතුළු	O
ප්‍රජා	O
මූලික	O
වැඩසටහන්	O
රැසක්	O
ක්‍රියාත්මක	O
කිරීම	O
,	O
පරිසර	O
දිනයට	O
සමගාමීව	O
දිස්ත්‍රික්	O
මට්ටමින්	O
දැනුවත්	O
කිරීම්	O
හා	O
පරිසර	O
සංරක්ෂණ	O
වැඩසටහන්	O
ක්‍රියාත්මක	O
කිරීමට	O
මේ	O
මස	O
06	O
වන	O
දින	O
වන	ORG
සංරක්ෂණ	ORG
දෙපාර්තමේන්තුව	ORG
මගින්	O
කටයුතු	O
යොදා	O
ඇත	O
.	O
එමෙන්	O
ම	O
බදුල්ල	LOC
දිස්ත්‍රික්කයේ	LOC
පාසල්වල	O
තුරු	O
ජන	O
සිසු	O
බැංකු	O
ව්‍යාපෘතිය	O
සහ	O
දේශීය	O
ශාක	O
සිටුවීමේ	O
වැඩසටහන්	O
ක්‍රියාත්මක	O
කිරීම	O
,	O
අනුරාධපුර	LOC
,	O
මැදවච්චිය	LOC
ප්‍රදේශයේ	O
තේක්ක	O
වන	O
වගාස්ථාපිත	O
කිරීමේ	O
ව්‍යාපෘති	O
ක්‍රියාත්මක	O
කිරීම	O
,	O
රාජ්‍ය	ORG
දැව	ORG
සංස්ථාව	ORG
සතු	O
ඉඩම්වල	O
දේශීය	O
දැවමය	O
ශාක	O
රෝපණය	O
කිරීමේ	O
වැඩසටහන්	O
ආරම්භ	O
කිරීම	O
රාජ්‍ය	ORG
දැව	ORG
සංස්ථාව	ORG
මගින්	O
මේ	O
මස	O
09	O
වන	O
දින	O
කටයුතු	O
යොදා	O
ඇත	O
.	O
ජාතික	ORG
මැණික්	ORG
හා	ORG
ස්වර්ණාභරණ	ORG
අධිකාරිය	ORG
සහ	O
මැණික්	ORG
හා	ORG
ස්වර්ණාභරණ	ORG
පර්යේෂණ	ORG
හා	ORG
අභ්‍යාස	ORG
ආයතනය	ORG
මගින්	O
මේ	O
මස	O
10	O
වන	O
දින	O
මැණික්	O
පතල්	O
වැඩ	O
හවුල්කරුවන්ගේ	O
අධ්‍යාපනය	O
ලබන	O
දරුවන්	O
සඳහා	O
ශිෂ්‍යත්ව	O
ප්‍රදානය	O
,	O
අත්හැර	O
දමන	O
ලද	O
මැණික්	O
පතල්	O
වසා	O
දැමීමේ	O
වැඩසටහන්	O
ක්‍රියාත්මක	O
කිරීම	O
,	O
පතල්	O
කම්කරුවන්ගේ	O
ආරක්ෂාව	O
සහ	O
පරිසර	O
සංරක්ෂණය	O
පිළිබඳ	O
විශේෂ	O
වැඩමුළු	O
මාලාවක්	O
පැවැත්වීම	O
සිදු	O
කෙරේ	O
.	O
එමෙන්	O
ම	O
ශ්‍රී	ORG
ලංකා	ORG
සුනිත්‍ය	ORG
බලශක්ති	ORG
අධිකාරිය	ORG
මගින්	O
මේ	O
මස	O
11වන	O
දින	O
ප්‍රජාව	O
සතු	O
පුනර්ජනනීය	O
බලශක්ති	O
උත්පාදන	O
බලාගාර	O
අළුත්වැඩියා	O
කිරීම	O
සඳහා	O
අවශ්‍ය	O
සහයෝගය	O
ලබාදීමේ	O
අරමුණ	O
පෙරදැරිව	O
“සුනිත්‍යාලෝක”	O
වැඩසටහන	O
ආරම්භ	O
කිරීම	O
,	O
පාසල්	O
ප්‍රජාව	O
බලශක්ති	O
කමනාකරණය	O
හා	O
පුනර්ජනනීය	O
බලශක්ති	O
භාවිතය	O
සඳහා	O
යොමු	O
කිරීම	O
හා	O
විෂය	O
මාලාවේ	O
අන්තර්ගත	O
බලශක්ති	O
පිළිබඳ	O
සෛද්ධාන්තික	O
කරුණු	O
ඔවුන්ගේ	O
ප්‍රායෝගික	O
ජිවිතය	O
හා	O
බද්ධ	O
කිරීමේ	O
අරමුණින්	O
දිවයිනේ	O
අධ්‍යාපන	O
කලාප	O
96	O
ආවරණය	O
වන	O
පරිදි	O
බලශක්ති	O
සමාජ	O
පිහිටුවීම	O
සිදු	O
කෙරේ	O
.	O
පස්	O
කැපීමෙන්	O
හානි	O
වූ	O
ඉඩම්	O
පුනරුත්තාපනය	O
කිරීම	O
,	O
ගං	O
ඉවුරු	O
සංරක්ෂණය	O
කිරීම	O
යටතේ	O
භූවිද්‍යා	ORG
සමීක්ෂණ	ORG
හා	ORG
පතල්	ORG
කාර්යාංශයට	ORG
අයත්	O
ප්‍රාදේශීය	O
කාර්යාල	O
ආශ්‍රිතව	O
විවිධ	O
වැඩසටහන්	O
ක්‍රියාත්මක	O
කිරීම	O
,	O
ත්‍රිකුණාමලයේ	LOC
පරිසර	O
සංරක්ෂණයට	O
අදාළ	O
වැඩසටහන්	O
රැසක්	O
ක්‍රියාත්මක	O
කිරීම	O
,	O
නිලාවේලි	LOC
ප්‍රදේශයේ	O
කඩොලාන	O
පැළ	O
රෝපණය	O
කිරීම	O
,	O
ධීවර	O
වරායන්	O
පිරිසිදු	O
කිරීමේ	O
වැඩසටහන්	O
ක්‍රියාත්මක	O
කිරීම	O
,	O
පරෙවි	LOC
දූපත්	LOC
ආශ්‍රිත	O
කොරල්පරය	O
කිමිදුම්කරුවන්	O
යොදාගෙන	O
පිරිසිදු	O
කිරීම	O
මේ	O
මස	O
16	O
වන	O
දින	O
භූ	ORG
විද්‍යා	ORG
සමීක්ෂණ	ORG
හා	ORG
පතල්	ORG
කාර්යාංශය	ORG
,	O
සමුද්‍රීය	ORG
පරිසර	ORG
ආරක්ෂණ	ORG
අධිකාරිය	ORG
යන	O
ආයත	O
එක්ව	O
සිදු	O
කෙරේ	O
.	O
එමෙන්	O
ම	O
කොළඹ 	LOC
ප්‍රදේශයේ	O
පානීය	O
ජල	O
අවශ්‍යතාවයෙන්	O
80%ක්	O
පමණ	O
සපුරාලන	O
කැලණි	O
ගඟ	O
හා	O
එහි	O
ගංගාධාර	O
ප්‍රදේශ	O
සංරක්ෂණය	O
සහ	O
කළමනාකරණය	O
කිරීම	O
පිණිස	O
විශේෂ	O
ව්‍යාපෘතියක්	O
පරිසර	ORG
හා	ORG
පුනර්ජනනීය	ORG
බලශක්ති	ORG
අමාත්‍ය	O
සුසිල්	PER
ප්‍රේමජයන්ත	PER
මහතාගේ	O
සහ	O
ආර්ථික	O
සංවර්ධන	O
අමාත්‍යවරයාගේ	O
ප්‍රධානත්වයෙන්	O
ආරම්භ	O
කිරීමට	O
මේ	O
මස	O
17	O
වන	O
දින	O
මධ්‍යම	ORG
පරිසර	ORG
අධිකාරිය	ORG
මගින්	O
කටයුතු	O
යොදා	O
ඇත	O
.	O
දෙහිවල	LOC
එස්.	ORG
ද.	ORG
එස්.	ORG
ජයසිංහ	ORG
මධ්‍ය	ORG
මහා	ORG
විද්‍යාලයේ	ORG
විෂය	O
ආවරණය	O
සඳහා	O
ගුරුවරයෙකු	O
හෝ	O
නොමැතිව	O
ළමුන්ගේ	O
ස්වෝත්සාහයෙන්	O
ආරම්භ	O
කර	O
ඇති	O
ගෙවතුවගාව	O
සාර්ථක	O
ලෙස	O
ඵලදරා	O
බස්නාහිර	LOC
පළාත්	LOC
පාසල්	O
අතර	O
වගා	O
තරඟයෙන්	O
තෙවන	O
ස්ථානය	O
පවා	O
දිනා	O
ගැනීමට	O
හැකිවී	O
ඇතැයි	O
වත්මන්	O
විදුහල්පති	O
මේජර්	O
ඞී.	PER
ඒ.	PER
ඞී.	PER
වානගුරු	PER
මහතා	O
කියා	O
සිටී	O
.	O
මෙම	O
විදුහල්	O
භූමියේ	O
අක්කර	O
18ක්	O
ඇති	O
අතර	O
විශාල	O
ප්‍රමාණයක්	O
කැලෑවට	O
ගොස්	O
තිබූ	O
අතර	O
,	O
ළමුන්	O
දිනපතා	O
උදෑසන	O
හා	O
විවේක	O
කාලය	O
කැපකර	O
එළි	O
පෙහෙලි	O
කර	O
මෙලෙස	O
වගා	O
භූමියක්	O
බවට	O
පත්කර	O
කෘතිම	O
පොහොර	O
භාවිතය	O
,	O
කෘමිනාශක	O
භාවිතයද	O
නැතිව	O
කොම්පෝ්ස්ට්	O
පෝර	O
යොදා	O
ගැනීම	O
සාර්ථක	O
ඵලදාවක්	O
ලැබීමටද	O
හේතු	O
වී	O
ඇත	O
.	O
ඒ	O
අතර	O
ඉඩමේ	O
දැනට	O
පොල්	O
පැල	O
35ක්ද	O
සිටවා	O
තිබෙන	O
බැවින්	O
එළවළු	O
ඵලදාව	O
ළමුන්	O
අතර	O
බෙදා	O
ගැනීමෙන්	O
සුවිශේෂී	O
සිදුවීමක්ද	O
වන	O
අතර	O
නැවුම්	O
එළවළු	O
පාරිභෝජනයද	O
මේ	O
නිසා	O
මගපෑදි	O
ඇති	O
බවත්	O
විදුහල්පතිවරයා	O
වැඩි	O
දුරටත්	O
කියා	O
සිටී	O
.	O
දෑ	O
අභිමානය	O
ලොවට	O
විදාහල	O
අපරාජිත	O
සීතාවක	LOC
යුගය	O
හා	O
සබැඳි	O
සීතාවක	LOC
අභිමන	O
2012	O
ප්‍රදර්ශණය	O
හංවැල්ල	LOC
රාජසිංහ	ORG
මධ්‍ය	ORG
මහා	ORG
විදුහලේ	ORG
දී	O
පැවැත්විණි	O
.	O
අවිස්සාවේල්ල	LOC
හොනිටන්	LOC
ප්‍රදේශයේ	O
සීතාවක	ORG
උරුමය	ORG
පදනම	ORG
හා	O
එක්ව	O
ජල	O
සම්පාදන	O
හා	O
ජලාපවහන	O
අමාත්‍ය	O
ආණ්ඩු	O
පක්‍ෂයේ	O
ප්‍රධාන	O
සංවිධායක	O
දිනේෂ්	PER
ගුණවර්ධන	PER
මහතාගේ	O
මූලිකත්වයෙන්	O
මෙම	O
ප්‍රදර්ශණය	O
හා	O
උත්සවය	O
සංවිධානය	O
කර	O
තිබිණ	O
.	O
සීතාවක	LOC
,	O
අවිස්සාවේල්ල	LOC
,	O
පුවක්පිටිය	LOC
,	O
කොස්ගම	LOC
,	O
කළුඅග්ගල	LOC
,	O
හංවැල්ල	LOC
,	O
පාදුක්ක	LOC
ප්‍රදේශයන්හි	O
පාසල්	O
සිසුන්	O
ආචාර්ය	O
මණ්ඩලය	O
,	O
දෙමව්පියෝ	O
සහ	O
ජනතාවද	O
මෙම	O
ප්‍රදර්ශණයට	O
සහභාගී	O
වී	O
සිටියහ	O
.	O
සීතාවක	LOC
අභිමන	O
මෙම	O
2012	O
ප්‍රදර්ශණය	O
සඳහා	O
අධ්‍යාපනික	O
,	O
තාක්‍ෂණික	O
,	O
පුරාවිද්‍යා	O
,	O
විද්‍යා	O
හා	O
ආයුර්වේද	O
අංගයන්ගෙන්	O
සමන්විත	O
වූ	O
විදුහල්	O
තුල	O
ප්‍රදර්ශණ	O
කුටි	O
ජනවාරි	O
12	O
,	O
13	O
,	O
14	O
තෙදින	O
පාසල්	O
සිසුන්	O
හා	O
ජනතාව	O
වෙනුවෙන්	O
පෙ.	O
ව.	O
9.00	O
සිට	O
රාත්‍රී	O
10.00	O
දක්වා	O
විවෘත	O
කර	O
පැවති	O
අතර	O
,	O
ෙඓතිහාසික	O
සීතාවක	LOC
යුගයට	O
අයත්	O
යූධ	O
උපකරණ	O
ඇතුළු	O
භාණ්ඩ	O
සමූහයක්	O
ප්‍රදර්ශණය	O
අතර	O
විය	O
.	O
සීතාවක	LOC
මායාදුන්න	PER
රජුගේ	O
පාලන	O
සමය	O
,	O
සීතාවක	LOC
1	PER
වැනි	PER
රාජසිංහ	PER
සමයත්	O
ඉතිහාසයෙන්	O
වැලලී	O
ගොස්	O
ඇති	O
බව	O
විද්වතුන්	O
පවසති	O
.	O
සමකාලීන	O
පෘතුගීසී	O
ඉතිහාසඥයෝ	O
ඔවුන්ට	O
වාසිදායක	O
අයුරින්	O
රජවරු	O
උපහාසයට	O
හා	O
අපහාසයට	O
ලක්වන	O
අයුරින්	O
ලියා	O
ඇති	O
බව	O
පැවසේ	O
.	O
අභිමන	O
මේ	O
ප්‍රදර්ශණ	O
තුලින්	O
මේ	O
රජවරුන්ගේ	O
වීරත්වය	O
හුවා	O
දක්වා	O
තිබේ	O
.	O
අධිරාජ්‍ය	O
බැඳී	O
අරගලයක්	O
තුලින්	O
විදේශ	O
ජාතීන්	O
පලවා	O
හැරීමට	O
කටයුතු	O
කර	O
තිබේ	O
.	O
එම	O
රජවරුන්ගේ	O
පාලන	O
සමය	O
ගැන	O
සොයාගත්	O
සාදක	O
මගින්	O
සීතාවක	ORG
පිරිවෙන්	ORG
ගුරු	ORG
අභ්‍යාස	ORG
විද්‍යාලයේ	ORG
අධ්‍යක්‍ෂ	O
කොළඹ	LOC
දිසා	O
අධිකරණ	O
සංඝනායක	O
වේරහැර	PER
ආරියවංශ	PER
නාහිමි	O
,	O
ජයන්තා	PER
කුමාරි	PER
සවණබැද්ද	PER
ලේඛක	O
ලේඛිකාවන්	O
සමූහයක්	O
ග්‍රන්ථ	O
සමූහයක්	O
එලි	O
දක්වා	O
තිබෙති	O
.	O
කලවාන	PER
අධ්‍යාපන	O
කොට්ඨාශයට	O
අයත්	O
දුෂ්කර	O
ග්‍රාමීය	O
පාසලක්	O
වූ	O
වතුරාව	ORG
ජනපද	ORG
විදුහලේ	ORG
සිසුනට	O
2012	O
වසර	O
සඳහා	O
අවශ්‍ය	O
සියලූ	O
පාසල්	O
උපකරණ	O
රැගෙන	O
,	O
මිල්ලනිය	ORG
ප්‍රාදේශීය	O
ලේකම්	O
කොට්ඨාශයේ	O
ඔකන්දූව	LOC
”රන්තරු”	ORG
යෞවන	ORG
සමාජයේ	ORG
සාමාජිකයන්	O
ඉකුත්	O
ජනවාරි	O
05දා	O
එම	O
විදුහලට	O
නෑගම්	O
ආහ	O
.	O
ඉතා	O
දුෂ්කර	O
මගක්	O
ගෙවමින්	O
බඩු	O
බාහිරාදිය	O
කර	O
තබාගෙන	O
විදුහලට	O
පැමිණි	O
මෙම	O
යෞවන	O
යෞවනියන්	O
විදුහල්පති	O
කපිල	PER
බණ්ඩාරවත්ත	PER
මහතා	O
ඇතුළු	O
ගුරු	O
මණ්ඩලය	O
විසින්	O
සාදරයෙන්	O
පිළිගනු	O
ලැබීය	O
.	O
එම	O
අවස්ථාවට	O
කලවාන	LOC
කොට්ඨාශ	O
අධ්‍යාපන	O
අධ්‍යක්‍ෂ	O
පී.	PER
ඞී.	PER
ධර්මසේන	PER
,	O
කලවාන	LOC
ප්‍රාදේශීය	O
ලේකම්	O
කොට්ඨාශය	O
නියෝජනය	O
කරන	O
යොවුන්	O
පාර්ලිමේන්තු	O
මන්ත්‍රී	O
පී.	PER
රොෂාන්	PER
යන	O
මහත්වරුද	O
එක්ව	O
සිටියහ	O
.	O
පාසලට	O
පැමිණි	O
මෙම	O
යෞවන	O
යෞවනියන්	O
ප්‍රථමයෙන්ම	O
පාසලේ	O
සියලූම	O
සිසුනට	O
ආහාර	O
පානාදියෙන්	O
සංග්‍රහ	O
කළේය	O
.	O
අනතුරුව	O
කෙටි	O
උත්සව	O
සභාවක්	O
පවත්වා	O
සිසුනට	O
පාසල්	O
උපකරණ	O
බෙදීම	O
සිදුකළේය	O
.	O
විදුහලේ	O
සෑම	O
සිසුවකුටම	O
2012	O
වසර	O
සඳහා	O
තමන්ට	O
අවශ්‍ය	O
පෑන්	O
,	O
පැන්සල්	O
,	O
කවකටුපෙට්ටි	O
,	O
අභ්‍යාස	O
පොත්	O
අඩංගු	O
පාර්සල්	O
ප්‍රදානය	O
කෙරුණි	O
.	O
එම	O
ප්‍රදානය	O
පිළිබඳව	O
විදුහලේ	O
11	O
ශ්‍රේණියේ	O
අරෝෂා	PER
උදේනි	PER
සිසුවිය	O
,	O
සිසුන්	O
වෙනුවෙන්	O
තම	O
ස්තූතිය	O
පලකළේය	O
.	O
මිල්ලනිය	LOC
තරුණ	O
සේවා	O
නිලධාරී	O
කුසන්ත	PER
වන්නිආරච්චි	PER
මහතාගේ	O
උපදෙස්	O
පරිදි	O
”රන්තරු”	ORG
යෞවන	ORG
සමාජ	ORG
සාමාජිකයන්	O
මෙම	O
සත්කාරය	O
සංවිධානය	O
කළේය	O
.	O
හොරණ	LOC
දොඹගොඩ	LOC
සීලරතන	ORG
මහ	ORG
විදුහලේ	ORG
ආචාර්ය	O
සෙනරත්	PER
වනිගසූරිය	PER
මහත්මා	O
මෙම	O
සත්කාරය	O
සඳහා	O
,	O
විදුහල	O
සොයා	O
දීමට	O
කටයුතු	O
කළේය	O
.	O
එම	O
මහත්වරුද	O
මෙම	O
ගමනට	O
එක්ව	O
සිටියේය	O
.	O
යෞවන	O
සමාජ	O
සාමාජිකයන්	O
විසින්	O
කළ	O
මෙම	O
සත්කාරය	O
පිළිබඳව	O
”විජය”ට	ORG
අදහස්	O
දැක්වූ	O
ඔකන්දූව	LOC
යෞවන	O
සමාජයේ	O
සභාපති	O
චිරාත්	PER
තාරක	PER
මහතා	O
මෙසේ	O
පැවසීය	O
.	O
‘‘අපට	O
මෙම	O
සත්කාරය	O
කිරීමට	O
රුපියල්	O
75,000	O
කට	O
අධික	O
මුදලක්	O
වැය	O
වුණා	O
.	O
අපට	O
දුෂ්කර	O
පාසලකට	O
උදව්	O
උපකාර	O
කිරීමට	O
අවශ්‍යව	O
තිබුණා	O
.	O
ඒ	O
සඳහා	O
මෙම	O
පාසල	O
සොයාගෙන	O
එම	O
කටයුත්ත	O
කිරීමට	O
සිතුවා	O
.	O
ප්‍රදේශවාසීන්ගෙන්	O
අධාර	O
මුදල්	O
ලබාගෙන	O
අපි	O
මෙම	O
කටයුත්ත	O
ඉටුකළා	O
.	O
යෞවන	O
සමාජයේ	O
සාමාජික	O
සාමාජිකාවන්	O
නිදිවරාගෙන	O
දින	O
ගණනක්	O
මෙම	O
කටයුත්ත	O
සඳහා	O
මහන්සි	O
වුණා	O
.	O
අපි	O
සතුටු	O
වෙනවා	O
මෙය	O
සාර්ථකව	O
ඉටුකිරීමට	O
හැකිවීම	O
පිළිබඳව	O
.	O
අපි	O
ලබා	O
දුන්	O
මෙම	O
පාසල්	O
උපකරණ	O
ප්‍රයෝජනයට	O
ගෙන	O
මෙම	O
නංගිලා	O
මල්ලිලා	O
සාර්ථකව	O
ඉගෙන	O
ගෙන	O
රටට	O
යහපත්	O
පුරවැසියකු	O
වනු	O
දැකීම	O
අපේ	O
පැතුමයි	O
.	O
මන්දිරයේ	O
රැකවලා	O
ගොඩනැගිලි	O
පියගැටපෙළ	O
ඉදිරිපස	O
ඇති	O
මුරගල	O
සිංහල	O
කලා	O
ශිල්පීන්ගේ	O
විශිෂ්ටතම	O
නිර්මාණයකි	O
.	O
දොරටුපාල	O
රූපය	O
ලෙසද	O
හඳුන්වන	O
මෙම	O
ශෛලමය	O
නිර්මාණය	O
මුදුනින්	O
කවාකාර	O
හැඩයෙන්	O
යුක්ත	O
වූවකි	O
.	O
මුරගල	O
කොරවක්ගලට	O
සම්බන්ධවූවකි	O
.	O
මුරගලවල	O
කැටයම්	O
කිරීම	O
ක්‍රමානූකූලව	O
ආරම්භ	O
වූවකි	O
.	O
අනුරාධපුර	LOC
මුල්	O
යුගයේ	O
මුරගල්වල	O
කැටයම්	O
දක්නට	O
නැත	O
.	O
නමුත්	O
ඊට	O
පසුව	O
නිර්මාණය	O
වූ	O
මුරගල්	O
විශිෂ්ට	O
කැටයම්	O
ලක්ෂණයෙන්	O
යුක්තව	O
නිර්මාණය	O
විය	O
.	O
මුල්කාලයේ	O
මුරගල්වලට	O
පුන්කලස	O
යොදාගැණින	O
.	O
පසුකාලයේ	O
දී	O
බහිරව	O
රූප	O
සහ	O
මානව	O
රූප	O
යොදාගැනීම	O
බහුලව	O
යොදාගෙන	O
නිර්මාණාත්මක	O
මුරගල්	O
නිර්මාණය	O
කෙරිණ	O
.	O
මානව	O
රූපයෙන්	O
මිනිස්	O
වෙසින්	O
සිටන	O
නා	O
රජකු	O
සිටින	O
බව	O
විශ්වාස	O
කෙරේ	O
.	O
ශාන්ත	O
මුහුණකින්	O
හෙමි	O
මානව	O
රූපය	O
හෙවත්	O
නා	O
රජ	O
රූපය	O
තරුණ	O
රණකාමියකුගේ	O
රුව	O
ඉස්මතුවේ	O
.	O
දෙනෙත්	O
විවෘත්තය	O
,	O
කර්ණාභරණ	O
හා	O
ශ්‍රීවාභරණ	O
නිසා	O
චිත්තාකරෂණීය	O
භාවයක්	O
ඇතිවේ	O
.	O
මානව	O
රූපයේ	O
යටිකය	O
දෝතියක්	O
වැනි	O
ඇඳුමකින්	O
සැරසී	O
සිටින	O
අතර	O
රෙද්ද	O
ඇඳි	O
පිළිවෙල	O
කලාත්මකය	O
.	O
රූපයේ	O
පාමුල	O
බහිරව	O
රූපයක්	O
හො	O
දෙකකි	O
.	O
එක්	O
අතක	O
ඇති	O
පුන්	O
කලස	O
නෙළුම්	O
මලින්	O
නෙළුම්	O
කොළවලින්	O
යුක්තය	O
.	O
අනෙක්	O
අතේ	O
ඉහළට	O
විහිදී	O
ගිය	O
කැටමින්	O
යුත්	O
ලතාවකි	O
.	O
අනුරාධපුරයේ	LOC
මහ	LOC
විජයබා	LOC
මාලිගයේ	LOC
හා	O
අස්ගිරිය	LOC
දොරටුව	LOC
අභියස	O
ඇති	O
මුරගලේ	O
ඇත්තේ	O
රේඛාවලින්	O
පමණක්	O
වූ	O
පුන්කලසකි	O
.	O
තවත්	O
අවස්ථාවක	O
බහිරව	O
රූපයෙන්	O
යුක්තය	O
.	O
මුරගල්	O
අතර	O
විශිෂ්ටතම	O
නිර්මාණය	O
ලෙස	O
සැලකෙන්නේ	O
රත්න	LOC
ප්‍රසාදයේ	LOC
ඇති	O
මුරගලයි	O
.	O
සජීවී	O
ලක්ෂණයෙන්	O
යුක්ත	O
නිර්මාණයකි	O
.	O
මෙහි	O
ඇති	O
නා	O
රජුගේ	O
ආභරණ	O
සියුම්	O
කැටයමින්	O
යුක්තව	O
නිර්මාණය	O
කිරීමට	O
නිර්මාණ	O
ශිල්පියා	O
වැඩි	O
අවධානයක්	O
යොමු	O
කර	O
ඇත	O
.	O
හිස	O
වටා	O
නයි	O
පෙණ	O
හතකි	O
.	O
පාමුල	O
බහිරව	O
රූපයකි	O
.	O
පියකරු	O
මුහුණකින්	O
සමන්විත	O
රූපය	O
පවතින	O
ඉහළ	O
කුළුනෙහි	O
ඇති	O
කවාකර	O
කොටසද	O
කැටයමින්	O
අලංකාර	O
කර	O
ඇත	O
.	O
මකර	O
හා	O
ගව	O
රූප	O
මනාව	O
කැටයම්	O
කර	O
ඇත	O
.	O
මුරගල	O
සම්බන්ධ	O
කර	O
ඇති	O
කුළුණු	O
හිස	O
මත	O
ඇතකු	O
නිර්මාණය	O
කර	O
ඇත	O
.	O
මහනුවර	LOC
උසස්	ORG
බාලිකා	ORG
විද්‍යාල	ORG
මාධ්‍ය	O
ඒකක	O
නිලධාරීන්	O
මේ	O
පුංචි	O
ගෙම්බා	O
තමයි	O
ලෝකයේ	O
කුඩාම	O
පෘෂ්ඨවංශිකයා	O
.	O
ඒ	O
කියන්නෙ	O
කොඳු	O
නාරටිය	O
ඇති	O
සතායි	O
.	O
උගේ	O
ප්‍රමාණය	O
මැන	O
ගන්න	O
මේ	O
ඇමරිකානු	LOC
ශත	O
දහයේ	O
කාසියෙන්	O
පුළුවන්	O
.	O
ඌ	O
වගේ	O
දෙන්නකුට	O
මේකෙ	O
ඉඩ	O
තියෙනවා	O
.	O
ටොපියකින්	O
බාගයක්	O
විතර	O
ඇති	O
ලෝකයේ	O
කුඩා	O
ම	O
ගෙම්බා	O
,	O
ඇටිකිත්තා	O
,	O
දිගින්	O
අඟල්	O
කාලකට	O
වැඩිය	O
නෑ	O
.	O
සත්ව	O
විද්‍යාඥයන්ට	O
මේ	O
අපූරු	O
සත්වයා	O
හමුවූයේ	O
පැපුවා	LOC
නිව්ගිනියා  LOC
දූපත්වල	O
ඝර්ම	O
කලාපීය	O
වනාන්තරයක	O
ශාක	O
පත්‍රයක්	O
මත	O
ලැග	O
සිටියදියි	O
.	O
පෘෂ්ඨ	O
වංශිකයෝ	O
මේ	O
වර්ගයේ	O
පරිණත	O
සතකු	O
හොඳින්	O
වැඩුණු	O
පසු	O
මිලිමීටර්	O
7.7ක්	O
විතර	O
දිග	O
ඇති	O
.	O
ලෝකයේ	O
60,000ක්	O
පමණ	O
වන	O
පෘෂ්ඨවංශික	O
සත්ව	O
විශේෂ	O
අතර	O
කුඩාම	O
සතා	O
ලෙස	O
නම්	O
ලබන	O
මේ	O
පුංචිම	O
පුංචි	O
ගෙම්බාට	O
තියෙන්නෙත්	O
ලෝකයේ	O
පුංචිම	O
පුංචි	O
කොඳු	O
ඇට	O
පෙළයි	O
.	O
මේ	O
‘පුංචිම	O
පුංචි	O
කශේරුකාව	O
ඇත්තා’	O
යන	O
විරුදාවලිය	O
කලින්	O
හිමි	O
කර	O
ගෙන	O
සිටින	O
ඉන්දුනීසියානු	LOC
මාළුවාගේ	O
දිග	O
වුණේ	O
මිලිමීටර්	O
7.9ක්	O
පමණයි	O
.	O
කලින්	O
විශේෂඥයන්	O
සිතා	O
සිටියේ	O
ලොකු	O
හෝ	O
කුඩා	O
හෝ	O
වේවා	O
පෘෂ්ඨවංශිකයන්ගේ	O
සිරුරේ	O
ප්‍රමාණය	O
අනුව	O
අන්තයන්	O
ජීවත්	O
විය	O
හැක්කේ	O
ජලයේ	O
පමණක්	O
කියායි	O
.	O
මේ	O
නව	O
සොයා	O
ගැනීම	O
ඔවුන්	O
මවිතයට	O
පත්	O
කිරිමට	O
සමත්	O
වුණා	O
.	O
ඇමරිකාවේ	LOC
ලූසියානා	ORG
ජනපද	ORG
විශ්වවිද්‍යාලයේ	ORG
මහාචාර්ය	O
ක්‍රීස්	PER
ඔස්ටින්	PER
තමයි	O
මේ	O
කුඩා	O
ගෙම්බා	O
සොයා	O
ගෙන	O
තියෙන්නේ	O
.	O
ඔහු	O
පැසිපික්	LOC
දූපත්වල	LOC
වනාන්තරවල	O
කළ	O
තෙමස්	O
සංචාරයක්	O
තුළ	O
දී	O
මේ	O
අපූරු	O
සතා	O
හමුවි	O
ඇත්තේ	O
ඝර්මකලාපීය	O
වැසිවනාන්තර	O
ප්‍රදේශයක	O
දී	O
ගසකින්	O
ගිලිහුණු	O
වියළි	O
කොළයක්	O
මත	O
ළැග	O
සිටියදියි	O
.	O
මේ	O
ඉතා	O
කුඩා	O
සතා	O
සොයා	O
ගෙන	O
ඇත්තේ	O
පැපුවා	LOC
නිව්ගිනියාවේ	LOC
අමෝ	LOC
කියන	O
ගම්මානයේදි	O
යි	O
.	O
සත්ව	O
විද්‍යාත්මකව	O
මේ	O
ගෙම්බා	O
හඳුන්වා	O
ඇත්තේ	O
පීඩෝෆ්රයින්	O
ඇමනුවෙන්සිස්	O
කියායි	O
.	O
පබ්ලික්	ORG
ලැබ්‍රරි	ORG
ඔෆ්	ORG
සයන්ස්	ORG
ඡුඛදී	ORG
සඟරාව	O
සඳහා	O
මේ	O
පිළිබඳව	O
ලිපියක්	O
මහාචාර්ය	O
ක්‍රීස්	PER
ඔස්ටින්	PER
විසින්	O
සපයා	O
ඇත	O
.	O
වෙනත්	O
සතුන්	O
අත	O
නොගසනා	O
ආහාර	O
දාමයේ	O
එක්	O
පුංචි	O
හිඩැසක්	O
පුරවන්න	O
ඉතා	O
කුඩා	O
සතකු	O
සිටිය	O
හැකියැයි	O
විද්‍යාඥයන්	O
විශ්වාස	O
කළා	O
.	O
මැක්කන්	O
වැනි	O
ඉතා	O
කුඩා	O
සතුන්	O
ආහාරයට	O
ගෙන	O
යැපෙන්න	O
ලොකු	O
ගෙම්බන්ට	O
පුළුවන්කමක්	O
නැහැ	O
.	O
ඒ	O
නිසා	O
ඒ	O
ගණයේ	O
කුඩා	O
සතකු	O
සිටිය	O
යුතුයි	O
.	O
ඒත්	O
එවැනි	O
සතකු	O
සොයා	O
ගැනීම	O
හා	O
හඳුනා	O
ගැනීම	O
ලෙහෙසි	O
පහසු	O
කාරියක්	O
නෙවෙයි	O
.	O
ඒ	O
මොකද	O
ඌ	O
ප්‍රමාණයෙන්	O
වඩාත්	O
කුඩා	O
එකකු	O
නිසා	O
.	O
මේ	O
පිරිස	O
ඌ	O
සොයා	O
ගියේ	O
පරිණත	O
පිරිමි	O
සතකු	O
ගැහැනු	O
සතකු	O
ආකර්ෂණය	O
කර	O
ගැනීමට	O
නඟන	O
උච්ච	O
ස්වරයේ	O
ශබ්දය	O
අනුවයි	O
.	O
විකෘතියක්	O
නොවේ	O
”අප	O
දැන්	O
දන්නවා	O
මේ	O
පුංචි	O
සතුන්	O
විකෘති	O
වීම	O
නිසා	O
හට	O
ගන්නා	O
එවුන්	O
නෙවෙයි	O
.	O
ඔවුන්	O
ජීවත්	O
වන	O
පරිසරයේ	O
කොනක	O
,	O
වෙනත්	O
පෘෂ්ඨවංශිකයන්	O
හා	O
තරගයක්	O
නැති	O
තැනකට	O
අනුවර්තී	O
වූ	O
අය	O
විය	O
හැකියි	O
.”	O
මහාචාර්ය	O
ඔස්ටින්	PER
කියනවා	O
.	O
”මේ	O
පීඩෝෆ්රයින්	O
ඇමනුවෙන්සිස්	O
ගෙඹි	O
විශේෂය	O
ඉන්නා	O
තැනක්	O
සොයා	O
ගැනීම	O
හරිම	O
අසීරුයි	O
.	O
උගේ	O
ආදර	O
ගීය	O
තමයි	O
අපට	O
ඌ	O
සොයා	O
ගන්නට	O
උදවු	O
වුණේ	O
.”	O
ඔහු	O
සිනාමුසුව	O
කියනවා	O
.	O
නිව්ගිනියාව	LOC
ජෛව	O
විවිධත්වය	O
අතින්	O
ඉතාම	O
සුවිශේෂ	O
තැනක්	O
.	O
අප	O
සොයා	O
ගන්නා	O
හැම	O
අලූත්	O
දෙයකින්ම	O
ඒ	O
බව	O
පැහැදිලි	O
වෙනවා	O
.	O
ජෛව	O
විවිධත්වය	O
ඇති	O
වන	O
හැටි	O
හා	O
පවතින	O
හැටි	O
පිළිබඳව	O
අපේ	O
අවබෝධය	O
වැඩි	O
වෙනවා	O
.	O
කුඩා	O
ගෙම්බා	O
ලූසියානා	ORG
විශ්ව	ORG
විද්‍යාලයේ	ORG
ස්වභාව	O
විද්‍යා	O
කෞතුකාගාරයේ	O
මේ	O
පිරිස	O
තවත්	O
අලූත්	O
කුඩා	O
ගෙඹි	O
විශේෂයක්	O
සොයා	O
ගත්තා	O
.	O
පීඩෝප්‍රයින්	O
ස්ව්ෆ්ටෝරම්	O
යනුවෙන්	O
ඒ	O
සතා	O
නම්	O
කළා	O
.	O
ඌ	O
දිගින්	O
මිලිමීටර්	O
8.3	O
–	O
8.9	O
කි	O
.	O
ඇටිකිත්තන්	O
බඳු	O
කුඩා	O
ගෙම්බන්	O
කෙතෙකුත්	O
මේ	O
වැසි	O
වනාන්තරවල	O
ඇති	O
.	O
මෙයටත්	O
වඩා	O
කුඩා	O
සතකු	O
කොයි	O
මොහොතේ	O
හෝ	O
මේ	O
පරිසරයෙන්	O
ම	O
කවුරුන්	O
හරි	O
සොයා	O
ගනිවි	O
.	O
මේ	O
පීඩෝෆ්රයින්	O
ඇමනුවෙන්සිස්	O
ගෙම්බා	O
හමුවීමට	O
පෙර	O
ලොව	O
කුඩාම	O
පෘෂ්ඨවංශිකයා	O
වූයේ	O
ඉන්දුනීසියාවේ	LOC
සුමාත්‍රා	LOC
දූපතෙන්	O
හමු	O
වූ	O
පීඩෝසයිප්‍රිස්	O
ප්‍රොජෙනිටිකා	O
නම්	O
විනිවිද	O
පෙනෙන	O
සිරුරක්	O
ඇති	O
මාළුවායි	O
.	O
මෙහි	O
ඇති	O
ලොකුම	O
පුදුමය	O
නම්	O
ලෝකයේ	O
දැනට	O
හඳුනාගෙන	O
ඉන්නා	O
කුඩාම	O
සතා	O
වූ	O
මේ	O
මිලිමීටර	O
7.7ක්	O
වූ	O
පීඩෝෆ්රයින්	O
ඇමනුවෙන්සිස්	O
ගෙම්බාත්	O
ලෝකයේ	O
ලොකුම	O
සතා	O
වූ	O
මීටර	O
26ක්	O
පමණ	O
දිග	O
නිල්	O
තල්මසාත්	O
පමණක්	O
නොවෙයි	O
,	O
මිනිසාත්	O
මේ	O
පෘෂ්ඨවංශිකයන්	O
අතර	O
සිටීමයි	O
.	O
මධ්‍යම	ORG
පරිසර	ORG
අධිකාරිය	ORG
විසින්	O
වාර්ෂිකව	O
සංවිධානය	O
කරනු	O
ලබන	O
පරිසර	O
නියමු	O
ජාතික	O
කඳවුර	O
මෙවර	O
පරිසර	O
නියමුවන්	O
300	O
කගේ	O
සහභාගීත්වයෙන්	O
පොලොන්නරුව	LOC
ජාතික	ORG
අධ්‍යාපන	ORG
විද්‍යාපීඨයේ	ORG
දී	O
පැවැත්වේ	O
.	O
16	O
වැනිදා	O
ආරම්භ	O
විය	O
.	O
දිවයිනේ	O
විවිධ	O
පළාත්වලින්	O
පැමිණි	O
පරසර	O
නියමුවෝ	O
300	O
පමණ	O
විවිධ	O
ක්‍රියාකාරකම්වල	O
නියැලුණි	O
.	O
අවසන්	O
දිනය	O
අද	O
වන	O
විට	O
පරිසර	O
නියමුවෝ	O
පාරිසර	O
ක්‍රියාකාරකම්වල	O
යෙදුණු	O
අයුරු	O
ඡායාරූප	O
වලින්	O
දැක්වේ	O
.	O
මධ්‍යම	ORG
පරිසර	ORG
අධිකාරිය	ORG
පරිසර	O
නියමු	O
වැඩසටහනේ	O
මෙහෙයවීම්	O
කටයුතු	O
සිදු	O
කරන	O
ලදී	O
.	O
එහිදී	O
පරිසර	O
නියමු	O
සිසුන්	O
දෙදෙනෙකු	O
පරිසරය	O
සුරැකීම	O
ගැන	O
ශාන්තිකර්මයක	O
නියැලෙන	O
අයුරු	O
.	O
වයස	O
අවුරුදු	O
19	O
පහළ	O
ක්‍රිකට්	O
තරගාවලියේ	O
දෙවැනි	O
කොටසේ	O
තරගයේ	O
දී	O
මාතලේ	LOC
ශාන්ත	ORG
තෝමස්	ORG
විදුහල	ORG
පානදුර	LOC
ශාන්ත	ORG
ජෝන්	ORG
විදුහල	ORG
පරදවමින්	O
කඩුලු	O
10	O
කන්	O
පැරදවීමට	O
සමත්	O
වූහ	O
.	O
ශාන්ත	ORG
ජෝන්	ORG
විදුහල	ORG
පළමු	O
ඉනිම	O
(96)	O
.	O
ඩිල්ෂාන්	PER
මිද්දෙනිය	PER
17/5	O
,	O
පණ්ඩුල	PER
උඩපීල්ල	PER
13/2	O
,	O
ඉෂාර	PER
කුමාරසිරි	PER
32/2	O
,	O
සහ	O
දෙවැනි	O
ඉනිම	O
156	O
,	O
කවිඳු	PER
හෂාන්	PER
26	O
,	O
රමිඳු	PER
උෂාන්	PER
33	O
,	O
තනුජ	PER
අකලංක	PER
26	O
,	O
රුසිත්	PER
තරිඳු	PER
25	O
,	O
ඉෂාර	PER
කුමාරසිරි	PER
38/3	O
,	O
කසුන්	PER
බණ්ඩාර	PER
28/2	O
,	O
පණ්ඩුල	PER
උඩුපීල්ල	PER
26/3)	O
.	O
ශාන්ත	ORG
තෝමස්	ORG
විදුහල	ORG
පළමු	O
ඉනිම	O
244	O
.	O
පණ්ඩුල	PER
උඩුපීල්ල	PER
76	O
,	O
ඉෂාර	PER
කුමාරසිරි	PER
39	O
,	O
එස්.	PER
නිෂාන්	PER
38	O
,	O
එල්.	PER
කපිල	PER
28	O
,	O
කවිඳු	PER
හෂාන්	PER
66/4	O
,	O
හර්ෂ	PER
චන්ද්‍රෂාන්	PER
78/4	O
.	O
දෙවැනි	O
ඉනිම	O
කිසිවකු	O
නොදැවී	O
ලකුණු	O
9යි	O
.	O
තරගය	O
මාතලේද	LOC
පැවැත්විණි	O
.	O
අධ්‍යාපන	O
පොදු	O
සහතිකපත්‍ර	O
උසස්	O
පෙළ	O
2013	O
විභාගයේ	O
කඩඉම්	O
ලකුණු	O
නොවැම්බර්	O
මස	O
මුල්	O
සතියේ	O
නිකුත්	O
කිරීමට	O
විශ්ව	ORG
විද්‍යාල	ORG
ප්‍රතිපාදන	ORG
කොමිෂන්	ORG
සභාව	ORG
කටයුතු	O
යොදා	O
තිබේ	O
.	O
කඩඉම්	O
ලකුණු	O
නිකුත්	O
කිරීමේ	O
පසු	O
විශ්ව	O
විද්‍යාලවල	O
නව	O
අධ්‍යයන	O
වර්ෂ	O
සඳහා	O
නවක	O
ශිෂ්‍ය	O
ශිෂ්‍යාවන්	O
බඳවා	O
ගැනීම	O
ලබන	O
වසරේ	O
මාර්තු	O
මස	O
දී	O
සිදු	O
කිරීමට	O
නියමිතය	O
.	O
විශ්ව	O
විද්‍යාල	O
17	O
සඳහා	O
මෙවර	O
අවම	O
වශයෙන්	O
සිසු	O
සිසුවියන්	O
23000ක්	O
පමණ	O
බඳවා	O
ගැනීමට	O
නියමිතය	O
.	O
නායකත්ව	O
පුහුණු	O
පාඨමලාව	O
ජනවාරි	O
සිට	O
ආරම්භ	O
කිරීමට	O
බොහෝ	O
දුරට	O
ඉඩ	O
ඇති	O
බව	O
උසස්	ORG
අධ්‍යාපන	ORG
අමාත්‍යාංශය	ORG
පවසයි	O
.	O
ශ්‍රී	ORG
ලංකා	ORG
පාසල්	ORG
කබඩි	ORG
සංගමය	ORG
සංවිධානය	O
කරන	O
සමස්ත	O
ලංකා	O
පාසල්	O
කබඩි	O
තරගාවලිය	O
සඳහා	O
අයදුම්පත්	O
කැදවයි	O
.	O
ලබන	O
නොවැම්බර්	O
මසයේ	O
දී	O
පැවැත්වීමට	O
සැලසුම්	O
කර	O
ඇති	O
අතර	O
14	O
,16	O
,18	O
,20	O
පහළ	O
තරග	O
කාණ්ඩ	O
යටතේ	O
තරග	O
පැවැත්වේ	O
.	O
තරගාවලියට	O
සහභාගීවන	O
පාසල්	O
විදුහල්පතිවරයාගේ	O
නිර්දේශය	O
ඇතිව	O
මෙම	O
මස	O
31	O
වැනිදාට	O
පෙර	O
ටී.	PER
එම්.	PER
පී.	PER
අමිල	PER
උදයකාන්ත	PER
ලක්ප්‍රිය	PER
,	O
ලේකම්	O
,	O
ශ්‍රී	ORG
ලංකා	ORG
පාසල්	ORG
කබඩි	ORG
සංගමය	ORG
,	O
ආනන්ද	ORG
විද්‍යාලය	ORG
,	O
කොළඹ	LOC
10	LOC
යන	O
ලිපිනයට	O
යොමු	O
කළ	O
යුතුය	O
.	O
 	O
ශ්‍රී	LOC
ලංකාවේ	LOC
පළමු	O
විද්‍යා	O
උද්‍යානය	O
සහ	O
නැනෝ	ORG
තාක‍්ෂණ	ORG
පර්යේෂණ	ORG
ආයතනය	ORG
“විශිෂ්ටත්වයේ	O
කේන්ද්‍රය”	O
නමින්	O
විවෘත	O
කිරීම	O
ජනාධිපති	O
මහින්ද	PER
රාජපක්ෂ	PER
මහතාගේ	O
ප්‍රධානත්වයෙන්	O
ලබන	O
21	O
වැනිදා	O
හෝමාගම	LOC
පිටිපන	LOC
දී	O
විවෘත	O
කිරීමට	O
තාක්ෂණ	ORG
පර්යේෂණ	ORG
බලශක්ති	ORG
අමාත්‍යාංශය	ORG
පියවර	O
ගෙනි	O
තිබේ	O
.	O
අනාගතයේ	O
දී	O
ජාතික	O
තාක‍්ෂණ	O
හා	O
පර්යේෂණ	O
ක්‍රමෝපායන්	O
තුළින්	O
මෙරට	O
තාක්ෂණික	O
පර්යේෂණ	O
ක්‍රියාවලිය	O
සවිබල	O
ගැන්විම	O
මෙහි	O
අරමුණ	O
බව	O
අමාත්‍යාංශය	O
කියයි	O
.	O
ලෝකයේ	O
තාක්ෂණික	O
වෙළඳපොලට	O
සුදුසු	O
ස්භාවික	O
අමුද්‍රව්‍ය	O
ආශ්‍රිත	O
නැනෝ	O
තාක්ෂණික	O
නිෂ්පාදන	O
බිහිකිරීම	O
මෙහි	O
අරමුණයි	O
.	O
තරුණ	O
පර්යේෂණ	O
විද්‍යාඥයින්	O
23	O
දෙනකු	O
,	O
ඉංජිනේරුවරුන්	O
4ක්	O
සහ	O
ප්‍රවීණ	O
මහාචාර්යවරැ	O
4ක්	O
මෙහි	O
පර්යේෂණ	O
මෙහෙය	O
වීමට	O
නියමිතය	O
.	O
කෘෂිකර්මික	O
,	O
සෞඛ්‍ය	O
ආරක්ෂණ	O
,	O
ජල	O
පවිත්‍රකරණය	O
ආදී	O
අංශවල	O
දේශීය	O
සහ	O
විදේශීය	O
ගැටලු	O
හඳුනා	O
ගනිමින්	O
ඒවාට	O
විසඳුම්	O
ලබාදීමට	O
මෙම	O
පර්යේෂන	O
වැඩසටහනේ	O
අරමුණකි	O
.	O
2008	O
වසරේ	O
ශ්‍රී	ORG
ලංකා	ORG
නැනෝ	ORG
තාක්ෂණ	ORG
ආයතනය	ORG
2009	O
දී	O
තම	O
පර්යේෂණ	O
කටයුතු	O
ආරම්භ	O
කර	O
ඇත	O
.	O
නැනෝ	O
තාක්ෂණය	O
සඳහා	O
ජාත්‍යාන්තර	O
පේටන්	O
බලපත්‍ර	O
8ක්	O
මෙම	O
ආයතනයට	O
හිමිය	O
.	O
ජනාධිපති	O
මහින්ද	PER
රාජපක්ෂ	PER
මහතා	O
විසින්	O
නැනෝ	ORG
තාක්ෂණ	ORG
ආයතනය	ORG
විවෘත	O
කිරීමෙන්	O
අනතුරුව	O
පර්යේෂණ	O
විද්‍යාඥවරියකගෙන්	O
තොරතුරු	O
විමසන	O
අයුරු	O
.	O
ඡායාරූප	O
අනුග්‍රහය	O
අද	ORG
පුවත්පත	ORG
.	O
2013	O
අධ්‍යයන	O
පොදු	O
සහතික	O
පත්‍ර	O
උසස්	O
පෙළ	O
විභාගයේ	O
ප්‍රතිඵල	O
අනුව	O
විශ්ව	O
විද්‍යාලවල	O
උපාධි	O
පාඨමාලා	O
සඳහා	O
සිසුන්	O
බඳවා	O
ගන්නා	O
කඩඉම්	O
ලකුණු	O
(අවම	O
ඉසෙඩ්	O
ලකුණු)	O
හෙට	O
08	O
දා	O
නිකුත්	O
කරන	O
බව	O
විශ්ව	ORG
විද්‍යාල	ORG
ප්‍රතිපාදන	ORG
කොමිෂන්	ORG
සභාව	ORG
කියයි	O
.	O
”ආචාර්ය	O
ස්මිත්	PER
ඊයේ	O
මට	O
හරිම	O
අපූරු	O
විධියේ	O
මාළුවෙක්	O
දකින්න	O
ලැබුණා	O
.	O
ඒ	O
මාළුවා	O
අල්ලා	O
ගෙන	O
තිබුණේ	O
කුල්මන්	O
අවට	O
මුහුදෙන්	O
.	O
මේ	O
මාළුවාගේ	O
සිරුර	O
පුරාම	O
ඝන	O
කොරපොතු	O
තියෙනවා	O
.	O
සන්නාහයකින්	O
සැරසිලා	O
වගෙයි	O
.	O
වරල්	O
හරියට	O
ගාත්‍රා	O
වගෙයි	O
.”	O
මේ	O
ලියුම	O
ලියුවේ	O
1938	O
අවුරුද්දේ	O
දෙසැම්බර්	O
23	O
වැනිදා	O
,	O
එවකට	O
දකුණු	LOC
අප්‍රිකාවේ	LOC
ස්ථාපිත	O
කළ	O
නැගෙනහිර	ORG
ලන්ඩන්	ORG
කෞතුකාගාරයේ	ORG
සේවය	O
කළ	O
එකම	O
නිලධාරියා	O
මර්ජෝරී	PER
කෝට්නි	PER
ලැටිමෝර්	PER
.	O
ඔහු	O
ලියුම	O
ලියුවේ	O
ආචාර්ය	O
ජේම්ස්	PER
ලෙනාඞ්	PER
ස්මිත්ටයි	PER
.	O
ආචාර්ය	O
ස්මිත්	PER
,	O
රෝඞ්ස්	ORG
සරසවියේ	ORG
රසායන	O
විද්‍යා	O
කථිකාචාර්යවරයකු	O
වගේම	O
මත්ස්‍යයන්	O
පිළිබඳ	O
පර්යේෂණ	O
කළ	O
විද්‍යාඥයෙක්	O
.	O
මාළුවාගේ	O
අබිරහස	O
ආචාර්ය	O
ස්මිත්	PER
මේ	O
අමුතු	O
අපූරු	O
මාළුවාගේ	O
අබිරහස	O
විසඳුවා	O
.	O
ඔහු	O
එක	O
රැයින්	O
ලොව	O
ප්‍රසිද්ධ	O
වුණා	O
.	O
20	O
වැනි	O
සියවසේ	O
වැදගත්ම	O
ජෛව	O
විද්‍යාත්මක	O
සොයා	O
ගැනීම	O
වුණේ	O
එයයි	O
.	O
මේ	O
අපූරු	O
සත්වයා	O
තමයි	O
සීලාකාන්ත්	O
.	O
ආචාර්ය	O
ස්මිත්	PER
සීලකාන්ත්	O
ගැන	O
හෙළිකරන්න	O
කලින්	O
වසර	O
මිලියන	O
60	O
ක්	O
තිස්සේ	O
වඳ	O
වී	O
ගිය	O
මාළුවෙක්	O
කියලයි	O
විද්‍යාඥයන්	O
විශ්වාස	O
කළේ	O
.	O
ඒ	O
වන	O
තෙක්ම	O
නූතන	O
විද්‍යාව	O
මේ	O
මාළුවා	O
ගැන	O
දැන	O
සිටියේ	O
පොසිල	O
සාක්ෂිවලින්	O
පමණයි	O
.	O
ධීවරයන්	O
කණ්ඩායමකට	O
මුහුදේ	O
ජීවත්	O
වූ	O
සීලාකාන්ත්	O
මාළුවෙකු	O
හමුවුණා	O
කියන්නේ	O
නිධානයක්	O
හමුවුණා	O
වගෙයි	O
.	O
සීලාකාන්ත්	O
ඩයිනසෝරයන්ටත්	O
පෙර	O
ජීවත්	O
වූ	O
බවයි	O
,	O
පොසිල	O
විද්‍යාඥයන්	O
පෙන්වා	O
දෙන්නේ	O
.	O
ආචාර්ය	O
ස්මිත්ගේ	PER
තහවුරු	O
කිරීමත්	O
සමඟ	O
සීලාකාන්ත්	O
මත්ස්‍යයන්ගේ	O
‘අහිමි	O
පුරුක’	O
හැටියට	O
නම්	O
කළා	O
.	O
සීලාකාන්ත්ගේ	O
ශක්තිමත්	O
වරල්	O
තමයි	O
,	O
පසුකාලීනව	O
ගොඩබිම	O
ඇවිද	O
ගිය	O
සත්ත්වයන්ගේ	O
අත්	O
පා	O
ලෙස	O
පරිණාමය	O
වුණේ	O
.	O
දෙවැනි	O
ලෝක	O
යුද්ධය	O
අවහිරයක්	O
වුණත්	O
ස්මිත්	PER
වසර	O
ගණනක්ම	O
තවත්	O
සීලාකාන්ත්	O
මාළුවෙකු	O
සිටීදැයි	O
සෙව්වා	O
.	O
සීලාකාන්ත්ගේ	O
වැදගත්කම	O
පෙන්වා	O
දෙමින්	O
පෝස්ටර්	O
සහ	O
පති‍්‍රකා	O
බෙදා	O
හරිමින්	O
ස්මිත්	PER
දකුණු	LOC
අප්‍රිකානු	LOC
ධීවරයින්ව	O
හොඳින්	O
දැනුම්වත්	O
කළා	O
.	O
ස්මිත්ගේ	PER
උත්සාහය	O
අපතේ	O
ගියේ	O
නැහැ	O
.	O
1952	O
වසරේදී	O
ධීවරයන්	O
පිරිසකට	O
දකුණු	LOC
අප්‍රිකාවේ	LOC
මොසැම්බික්	LOC
රාජ්‍යය	O
අසල	O
කොමරෝස්	LOC
දූපත්	LOC
අවට	O
ඉන්දියන්	LOC
සාගරයෙන්	LOC
දෙවැනි	O
සීලාකාන්ත්	O
මත්ස්‍යයා	O
සොයා	O
ගැනීමට	O
හැකිවුණා	O
.	O
ඊට	O
පසු	O
වසර	O
කීපයකදීම	O
තවත්	O
සීලාකාන්ත්	O
මසුන්	O
කීප	O
දෙනෙකුම	O
හමුවුණා	O
.	O
සාගරජීව	O
විද්‍යාඥයන්	O
හිතුවේ	O
මේ	O
දුර්ලභ	O
‘පොසිල	O
මත්ස්‍යයා’	O
දකුණු	LOC
අප්‍රිකාව	LOC
අවට	O
මුහුදට	O
පමණක්	O
සීමා	O
වුණා	O
කියලයි	O
.	O
1997	O
වසරේ	O
ඒ	O
නිගමනය	O
බොරු	O
වුණා	O
.	O
ඇමෙරිකා	LOC
සාගරජීව	O
විද්‍යාඥ	O
මාක්	PER
අර්ඞ්මන්	PER
සහ	O
එයාගේ	O
බිරිය	O
අර්නාස්	PER
මේතා	PER
ඉන්දුනීසියාවේ	LOC
සුලවේසී	LOC
දූපතේ	LOC
(ඒ	O
කියන්නේ	O
කොමරෝස්	LOC
දූපත්වල	LOC
සිට	O
සැතපුම්	O
6,200	O
ක්	O
දුරිනි)	O
මාළු	O
වෙළෙඳ	O
පොළක	O
යද්දී	O
මාළු	O
කරත්තයක	O
සීලාකාන්ත්	O
මාළුවෙකු	O
දකින්න	O
ලැබුණා	O
.	O
ස්මිත්	PER
අවුරුදු	O
50	O
ක්	O
තිස්සේ	O
කළා	O
වගේම	O
සීලාකාන්ත්	O
මත්ස්‍යයන්	O
සොයමින්	O
ගවේෂණයක්	O
දියත්	O
කෙරුණා	O
.	O
අර්ඞ්මන්ට	PER
සීලාකාන්ත්	O
මත්ස්‍ය	O
විශේෂ	O
කීපයක්ම	O
සොයා	O
ගන්න	O
හැකි	O
වුණා	O
.	O
මේ	O
‘පණ	O
ඇති	O
පොසිල’	O
මත්ස්‍යයාගේ	O
දකුණු	LOC
අප්‍රිකානු	LOC
මූදට	O
පමණක්	O
සීමා	O
වී	O
නැති	O
බව	O
එයින්	O
හෙළි	O
වුණා	O
.	O
මත්ස්‍ය	O
වර්ග	O
තුනක්	O
සීලාකාන්ත්	O
කියන්නේ	O
විශාල	O
මත්ස්‍යයෙක්	O
.	O
හොඳින්	O
වැඩුණු	O
සත්ත්වයෙක්	O
අඩි	O
5	O
ක්	O
පමණ	O
වෙයි	O
.	O
බර	O
රාත්තල්	O
200	O
කි	O
.	O
ගිනිකඳුවලින්	O
නිර්මාණය	O
වූ	O
දූපත්	O
අසල	O
මූදු	O
පතුලේ	O
ගල්පර	O
අසල	O
ජීවත්	O
වෙනවා	O
.	O
රාත්‍රී	O
කාලයේ	O
කෑම	O
සොයමින්	O
අඩි	O
475	O
ක්	O
තරම්	O
මූදු	O
පතුළට	O
ගමන්	O
කරනවායැයි	O
විශ්වාස	O
කෙරෙනවා	O
.	O
මව්කුස	O
තුළ	O
බිත්තර	O
පුපුරා	O
එළියට	O
පැමිණෙන	O
පුංචි	O
පැටව්	O
මවගේ	O
කුසෙන්	O
එළියට	O
එන්නේ	O
හොඳින්	O
වැඩුණු	O
පසුවයි	O
.	O
සීලාකාන්ත්	O
අයත්	O
වන	O
මත්ස්‍ය	O
ගෝත්‍රයට	O
තවත්	O
මත්ස්‍ය	O
වර්ග	O
තුනක්	O
අයත්	O
වෙනවා	O
.	O
මොවුන්	O
පෘථිවියේ	LOC
බහුල	O
ව	O
ජීවත්	O
වූයේ	O
ඩෙවෝනියානු	O
යුගයේ	O
යැයි	O
පැවැසෙනවා	O
.	O
ඒ	O
කියන්නේ	O
මිලියන	O
400	O
ක්	O
ඈත	O
අතීතයේයි	O
.	O
මේ	O
මත්ස්‍යයන්	O
නම්	O
කර	O
ඇත්තේ	O
‘ලෝබ්	O
ෆින්	O
ෆිෂ්’	O
හෙවත්	O
‘බෙදුණු	O
වරල්	O
ඇති	O
මසුන්’	O
කියලයි	O
.	O
සාගරයේ	O
සිට	O
ගොඩබිමට	O
පැමිණ	O
ගොඩබිම	O
ඇවිද	O
ගිය	O
සත්ත්වයන්	O
බවට	O
පරිණාමය	O
වුණා	O
කියලා	O
විද්‍යාඥයන්	O
කියනවා	O
.	O
සාගරයේ	O
ජීවත්	O
වන	O
සීලාකාන්ත්	O
මත්ස්‍ය	O
ගහණය	O
හේතු	O
ගණනාවක්	O
නිසා	O
සීඝ්‍රයෙන්	O
අඩුවී	O
යනවා	O
.	O
නීති	O
විරෝධීව	O
සීලාකාන්ත්	O
මසුන්	O
ඇල්ලීම	O
හා	O
විකිණීම	O
ඒ	O
අතරින්	O
ප්‍රධානයි	O
.	O
සීලාකාන්ත්	O
මසුන්ගේ	O
යුෂ	O
හොඳ	O
ඔසුවක්	O
ලෙස	O
සාම්ප්‍රදායික	O
ආසියානුවන්	LOC
අතරේ	O
ප්‍රකටයි	O
.	O
පසුගියදා	O
අලූත	O
උපන්	O
‘සීලාකාන්ත්’	O
මත්ස්‍යයෙක්	O
සොයා	O
ගන්න	O
ජපන්	LOC
සාගර	O
විද්‍යාඥ	O
කණ්ඩායමක්	O
සමත්	O
වුණා	O
.	O
සීලාකාන්ත්	O
මාළුවා	O
සොයා	O
ගත්තේ	O
ඉන්දුනීසියාව	LOC
අසල	O
ගැඹුරු	O
මූදු	O
පතුළෙනුයි	O
.	O
විද්‍යාඥයන්	O
කණ්ඩායම	O
මේ	O
මාළුවාගේ	O
දසුන්	O
රූගත	O
කළා	O
.	O
ඒවා	O
මාධ්‍ය	O
හරහා	O
විකාශය	O
කෙරුණා	O
.	O
‘පණ	O
ඇති පොසිල	O
මාළුවා’	O
ගැන	O
යළිත්	O
ලෝකයාගේ	O
අවධානය	O
යොමු	O
වුණා	O
.	O
මේ	O
මත්ස්‍යයා	O
ජීවත්	O
වන්නේ	O
අඩි	O
528	O
ක්	O
(මීටර	O
161	O
ක්)	O
ගැඹුරු	O
මුහුදේ	O
.	O
සුලවේසී	LOC
දූපත	LOC
අසල	O
මනාඩෝ	LOC
බොක්කට	LOC
ඔබ්බෙන්	O
මුහුදේයි	O
.	O
අර්ඞ්මන්	PER
ඇතුළු	O
කණ්ඩායමටත්	O
මුලින්ම	O
සීලාකාන්ත්	O
මාළුවෙකු	O
හමුවුණේ	O
ද	O
මේ	O
මුහුදු	O
කලාපයේ	O
දී	O
යැයි	O
ජපන්	LOC
සාගර	O
ජීව	O
විද්‍යාඥයන්	O
මතක්	O
කර	O
දෙනවා	O
.	O
රූගත	O
කිරීම	O
සිදුකළේ	O
ස්වයංකී‍්‍රයව	O
පාලනය	O
කළ	O
රොබෝ	O
කැමරාවක	O
උදව්වෙනුයි	O
.	O
එහි	O
දසුන්	O
සහ	O
ඒ	O
ගැන	O
ලියැවුණු	O
වාර්තා	O
පසුගිය	O
සතියේ	O
මාධ්‍ය	O
හරහා	O
එළිදරව්	O
වුණා	O
.	O
වැඩුණු	O
පැටවුන්	O
ලෙස	O
රූගත	O
කළ	O
වීඩියෝ	O
දසුන්	O
අනුව	O
මේ	O
අලූත	O
උපන්	O
සීලාකාන්ත්	O
මාළුවාගේ	O
දිග	O
සෙන්ටි	O
මීටර	O
31.5	O
කි	O
.	O
අළු	O
පැහැ	O
සිරුරේ	O
නිල්	O
සහ	O
සුදුපාට	O
ලප	O
තිබෙනවා	O
.	O
විනාඩි	O
20	O
ක්	O
පුරා	O
රූගත	O
කෙරුණු	O
වීඩියෝ	O
දසුන්	O
පෙළේ	O
මේ	O
මත්ස්‍යයා	O
සාගර	O
පතුලේ	O
ගල්පර	O
අතරින්	O
පිහිනා	O
යනු	O
දකින්න	O
ලැබෙනවා	O
.	O
”අපි	O
දන්නා	O
තරමින්	O
තරුණ	O
සීලකාන්ත්	O
මත්ස්‍යයෙකු	O
මූදේ	O
ජීවත්	O
වන	O
ආකාරය	O
වීඩියෝ	O
කැමරාවකට	O
හසු	O
කර	O
ගැනුණු	O
පළමු	O
අවස්ථාව	O
මෙයයි	O
.	O
මේ	O
සත්ත්වයා	O
ගැන	O
අපි	O
කොතරම්	O
දේවල්	O
දැන	O
සිටියත්	O
තවමත්	O
ඌ	O
අපට	O
අබිරහසක්”	O
වයඹදිග	LOC
ටෝකියෝ	LOC
නුවර	O
ඉවාකී	LOC
නුවර	O
ෆුකුෂියා	ORG
මින්මැඳුරේ	ORG
පර්යේෂක	O
මසාමිත්සූ	PER
අවාටා	PER
කියනවා	O
.	O
මේ	O
සොයා	O
ගැනීමත්	O
සමඟ	O
සීලාකාන්ත්	O
මාළුන්ගේ	O
ජීවන	O
රටාව	O
,	O
පැටවුන්	O
බෝ	O
කිරීම	O
සහ	O
ජීවත්	O
වන	O
පරිසරය	O
ගැන	O
අවබෝධයක්	O
ලබා	O
ගන්න	O
හැකි	O
වනු	O
ඇත	O
.	O
මෙවැනිම	O
ප්‍රමාණයේ	O
අලූත	O
උපන්	O
සීලාකාන්ත්	O
මාළුවෙක්	O
මීට	O
කලින්	O
සොයා	O
ගැනුණා	O
.	O
ඒ	O
ගැබිණි	O
සීලාකාන්ත්	O
මත්ස්‍යයෙකුගේ	O
කුසෙනුයි	O
.	O
විද්‍යාඥයන්	O
විශ්වාස	O
කරන්නේ	O
සීලාකාන්ත්	O
මත්ස්‍ය	O
බිත්තර	O
මවගේ	O
කුස	O
තුළදීම	O
පුපුරා	O
ගොස්	O
ඔවුන්	O
වැඩුණු	O
පැටවුන්	O
ලෙස	O
එළියට	O
පැමිණෙන	O
බවයි	O
.	O
හොඳම	O
ළමා	O
නාට්‍යය	O
–	O
චූටි	O
බබා	O
ලොකු	O
ළමයෙක්	O
හොඳම	O
නළුවා	O
–	O
දුලාජ්	PER
චාමර	PER
හොඳම	O
නිළිය	O
–	O
අවිශ්ක	PER
සුලෝචන	PER
උතුරේ	O
ළමා	O
නාට්‍යයක්	O
දකුණේ	O
වේදිකාවකත්	O
දකුණේ	O
ළමා	O
නාට්‍යයක	O
උතුරේ	O
වේදිකාවකත්	O
රගදක්වන	O
දවස	O
වැඩි	O
ඈතක	O
නොවෙයි	O
.	O
අද	O
රාජ්‍ය	O
ළමා	O
නාට්‍ය	O
උළෙලේ	O
සිංහල	O
,	O
දෙමළ	O
,	O
ඉංග්‍රීසි	O
යන	O
භාෂා	O
තුනෙන්ම	O
දරුවන්ගේ	O
නිර්මාණ	O
ඉදිරිපත්	O
කර	O
තිබීම	O
ලොකු	O
සතුටක්	O
.	O
රටක්	O
ලෙස	O
ඉදිරියට	O
යාමට	O
තිබෙන	O
වැදගත්ම	O
අංගය	O
මේ	O
එකමුතුකමයි	O
.	O
සිංහල	O
නාට්‍යවල	O
දමිළ	O
දරුවනුත්	O
,	O
දමිළ	O
නාට්‍යවල	O
සිංහල	O
දරුවනුත්	O
රඟපෑම	O
හොඳ	O
ලක්‍ෂණයක්	O
යැයි	O
සංස්කෘතික	O
හා	O
කලා	O
කටයුතු	O
ඇමැති	O
ටී.	PER
බී.	PER
ඒකනායක	PER
මහතා	O
පැවසීය	O
.	O
ඒ	O
මහතා	O
එසේ	O
පැවසුවේ	O
2011	O
ජාතික	O
ළමා	O
නාට්‍ය	O
උළෙලේ	O
ප්‍රධාන	O
ආරාධිතයා	O
ලෙස	O
සහභාගි	O
වෙමිනි	O
.	O
විවෘත	O
හා	O
සීමිත	O
අංශවලින්	O
පැවැති	O
නාට්‍ය	O
තරග	O
සඳහා	O
සම්මාන	O
සහතික	O
පත්	O
හා	O
මුදල්	O
ත්‍යාග	O
පිරිනැමුණු	O
අතර	O
සීමිත	O
අංශයේ	O
වසරේ	O
හොඳම	O
ළමා	O
නාට්‍යය	O
වූයේ	O
හොරණ	LOC
විද්‍යාරතන	ORG
විශ්ව	ORG
විද්‍යා	ORG
පීඨය	ORG
ඉදිරිපත්කළ	O
”චූටි	O
බබා	O
ලොකු	O
ළමයෙක්”	O
යන	O
ළමා	O
නාට්‍යයයි	O
.	O
එම	O
නාට්‍යයේ	O
රඟපෑ	O
ළමා	O
නළු”	O
දුලාජ්	PER
චාමර	PER
හසලංක”	PER
සිසුවා	O
වසරේ	O
හොඳම	O
ළමා	O
නළුවා	O
ලෙස	O
සම්මාන	O
ලැබීය	O
.	O
සීමිත	O
අංශයේ	O
හොඳම	O
ළමා	O
නිළිය	O
ලෙස	O
ශාන්ත	ORG
ලෝරන්ස්	ORG
කන්‍යාරාම	ORG
ඉදිරිපත්කළ	O
”අංකලූත්	O
අපේ	O
සීයා	O
වගේමයි”	O
ළමා	O
නාට්‍යයේ	O
ගුරුවරියගේ	O
චරිතය	O
රඟපෑ	O
අවිශ්කා	PER
සුලෝචනී	PER
සිසුවිය	O
සම්මාන	O
ලැබුවාය	O
.	O
ගිරිඋල්ල	ORG
ළමා	ORG
හා	ORG
යොවුන්	ORG
රංග	ORG
පීඨය	ORG
ඉදිරිපත්කළ	O
”නුවන්ගේ	O
මිතුරෝ	O
හත්දෙනා”	O
ළමා	O
නාට්‍ය	O
විවෘත	O
අංශයේ	O
වසරේ	O
හොඳම	O
ළමා	O
නාට්‍ය	O
වු	O
අතර	O
විවෘත	O
අංශයේ	O
වසරේ	O
හොඳම	O
ළමා	O
නළුවා	O
වූයේ	O
සොඳුරු	PER
ලොකු	PER
පෝතාගම	PER
සිසුවායි	O
.	O
”මම	O
වෙනම	O
මලක්”	O
ළමා	O
නාට්‍යයේ	O
ගම්හානිගේ	PER
චරිතය	O
රඟපෑ	O
තිසුරුලාවන්‍ය	PER
සිසුවිය	O
එම	O
අංශයේ	O
හොඳම	O
නිළිය	O
වූවාය	O
.	O
දමිළ	O
සීමිත	O
අංශයෙන්	O
හොඳම	O
නළුවා	O
ලෙස	O
ඩබ්ලිව්.	PER
ජයනාත්	PER
පාරතීන්	PER
හොඳම	O
නිළිය	O
ලෙස	O
චතුමාලි	PER
ඉසංකාද	PER
ඉංග්‍රීසි	O
සීමිත	O
අංශයෙන්	O
හොඳම	O
නළුවා	O
ලෙස	O
චතුර	PER
සඳරුවන්ද	PER
එම	O
අංශයෙන්	O
හොඳම	O
නිළිය	O
ලෙස	O
හිමාෂි	PER
තාරකාද	PER
සම්මාන	O
ලැබූහ	O
.	O
උත්සවය	O
ජෝන්	LOC
ද	LOC
සිල්වා	LOC
සමරු	LOC
රඟහේදී	LOC
පැවැත්විණි	O
.	O
හැටන්	LOC
ශා/	ORG
ගේබ්‍රියෙල්	ORG
බාලිකා	ORG
විද්‍යාලයේ	ORG
සිසුවියෝ	O
හැටන්	LOC
වීර	ORG
වැඩිහිටි	ORG
නිවාසයේ	ORG
නේවාසික	O
මවුවරුන්	O
බැලීම	O
සඳහා	O
පසුගියදා	O
නෑගම්	O
ගියහ	O
.	O
හැටන්	ORG
තරුණ	ORG
බෞද්ධ	ORG
සංගමය	ORG
මගින්	O
පවත්වාගෙන	O
යනු	O
ලබන	O
මෙම	O
වීර	ORG
වැඩිහිටි	ORG
නිවාසයේ	ORG
සිටින	O
මවුවරුන්	O
බැලීමට	O
ගිය	O
මෙම	O
සිසුවියෝ	O
එහි	O
මවුවරුන්ට	O
තෑගි	O
බෝග	O
ද	O
පිරිනැමූහ	O
.	O
විදුහල්පතිනි	O
චම්පා	PER
සී.	PER
එරන්දති	PER
මහත්මියගේ	O
උපදෙස්	O
මත	O
ආචාරිනී	O
චන්ද්‍රානි	PER
ගුණතිලක	PER
මහත්මිය	O
විසින්	O
මෙම	O
සද්කාර්යය	O
සංවිධානය	O
කරන	O
ලදී	O
.	O
අවිස්සාවේල්ල	LOC
සීතාවක	ORG
මධ්‍ය	ORG
මහ	ORG
විද්‍යාලයේ	ORG
සන්නිවේදන	ORG
හා	ORG
මාධ්‍ය	ORG
අධ්‍යයන	ORG
සමාජයේ	ORG
ශිෂ්‍ය	O
ශිෂ්‍යාවන්ගේ	O
සන්නිවේදන	O
නිපුනතා	O
හා	O
කුසලතා	O
වර්ධනය	O
කිරීමේ	O
සන්නිවේදන	O
වැඩමුළුව	O
පැවැත්වීමට	O
සංවිධානය	O
කර	O
තිබේ	O
.	O
ජාතික	ORG
අධ්‍යාපන	ORG
ආයතනයෙන්	ORG
මාධ්‍ය	O
අධ්‍යාපන	O
ව්‍යාපෘති	O
ප්‍රධානී	O
බන්දුල	PER
පී.	PER
දයාරත්න	PER
මහතා	O
විසින්	O
මෙම	O
වැඩමුළුව	O
පවත්වනු	O
ලබයි	O
.	O
මධ්‍යම	ORG
පරිසර	ORG
අධිකාරිය	ORG
විසින්	O
දීප	O
ව්‍යාප්තව	O
පාසල්	O
මට්ටමින්	O
ක්‍රියාත්මක	O
කරනු	O
ලබන	O
ජාතික	O
පරිසර	O
නියමු	O
වැඩසටහනේ	O
කෑගල්ල	LOC
දිස්ත්‍රික්	LOC
පරිසර	O
නියමු	O
කඳවුර	O
පසුගිය	O
ඔක්තෝම්බර්	O
14	O
සහ	O
15	O
යන	O
දෙදින	O
පුරා	O
කෑගලූ	ORG
විද්‍යාලයේ	ORG
දී	O
පැවැත්විණි	O
.	O
මෙම	O
කඳවුර	O
සදහා	O
කෑගල්ල	LOC
දිස්ත්‍රික්කයේ	LOC
පාසල්	O
නියෝජනය	O
කරමින්	O
පරිසර	O
නියමු	O
සිසු	O
සිසුවියන්	O
විශාල	O
සංඛ්‍යාවක්	O
සහභාගී	O
වූ	O
අතර	O
සිසුන්ගේ	O
පරිසර	O
දැනුම	O
වර්ධනය	O
සදහා	O
ඉවහල්	O
වන	O
ක්‍රියාකාරකම්	O
රැසකින්	O
කදවුර	O
සමන්විත	O
විය	O
.	O
මෙම	O
දිස්ත්‍රික්	O
පරිසර	O
නියමු	O
කදවුරෙහි	O
සමාරම්භක	O
උත්සවය	O
මධ්‍යම	LOC
පරිසර	LOC
අධිකාරියේ	LOC
සභාපති	O
චරිත	PER
හේරත්	PER
මහතාගේ	O
ප්‍රධානත්වයෙන්	O
කෑගලූ	LOC
විද්‍යාලීය	LOC
ප්‍රධාන	O
ශාලාවේ	O
දී	O
පැවැත්විණ	O
.	O
දිස්ත්‍රික්	O
කඳවුර	O
සදහා	O
පරිසර	O
නියමුවන්ගේ	O
සංස්කෘතික	O
අංග	O
මෙන්ම	O
දරු	O
දැරියන්	O
සදහා	O
ඉතා	O
හරවත්	O
විද්වත්	O
දේශන	O
රැසක්	O
එක්කර	O
තිබීම	O
විශේෂත්වයකි	O
.	O
පොලිතින්	O
සහ	O
ප්ලාස්ටික්	O
මගින්	O
ඇති	O
විය	O
හැකි	O
පරිසර	O
හානිය	O
සහ	O
ඒවා	O
නිසි	O
ලෙස	O
කළමනාකරණය	O
කිරීම	O
පිළිබදව	O
මෙහිදී	O
විශේෂ	O
දැනුම්වත්	O
කිරීමක්	O
මධ්‍යම	ORG
පරිසර	ORG
අධිකාරියේ	ORG
පසුභාවික	O
ප්ලාස්ටික්	O
අපද්‍රව්‍ය	O
කළමනාකරණ	O
ජාතික	O
ව්‍යාපෘතිය	O
මගින්	O
සිදු	O
කෙරිණ	O
.	O
මෙහිදී	O
කෑගලූ	ORG
විද්‍යාලය	ORG
සඳහා	O
කසල	O
වෙන්	O
වෙන්	O
වශයෙන්	O
බැහැර	O
කළ	O
හැකි	O
බඳුන්	O
පරිත්‍යාග	O
කිරීමක්	O
ද	O
සිදුවිය	O
.	O
පරිසර	O
කඳවුරේ	O
ප්‍රායෝගික	O
ක්‍රියාකාරකමක්	O
ලෙස	O
ක්‍ෂේත්‍ර	O
ගවේශණය	O
සඳහා	O
පරිසර	O
නියමුවන්	O
පාසල	O
අසල	O
පිහිටි	O
කුරුලූ	LOC
කැළය	LOC
වෙත	O
රැගෙන	O
ගිය	O
අතර	O
වන	O
සංරක්‍ෂණ	O
නිලධාරීන්ගේ	O
සහාය	O
ඇතිව	O
ක්‍ෂේත්‍ර	O
ක්‍රියාකාරකම්	O
මගින්	O
ප්‍රායෝගික	O
අත්	O
දැකීමක්	O
ලබා	O
ගැනීමට	O
ඔවුනට	O
අවස්ථාව	O
උදා	O
විය	O
.	O
ලංකාවට	LOC
අයත්	O
තෙවැනි	O
විශාලතම	O
දූපත	O
ඩෙල්ෆ්	LOC
දූපතයි	O
.	O
වර්ග	O
කිලෝමීටර්	O
48	O
ක්	O
පමණ	O
වන	O
මෙය	O
ඩෙල්ෆ්	LOC
යනුවෙන්	O
හඳුන්වනු	O
ලබන	O
අතර	O
ඩෙල්ෆ්	LOC
යන්න	O
එහි	O
ප්‍රචලිත	O
නාමයයි	O
.	O
ඩෙල්ෆ්	LOC
යන	O
නම	O
යොදා	O
ඇත්තේ	O
ලන්දේසීන්	O
විසිනි	O
,	O
ඕලන්ද	LOC
ගෘහනිර්මාණ	O
ශිල්පයට	O
අයත්	O
ලක්ෂණ	O
මෙහි	O
දක්නට	O
ඇත	O
.	O
ලන්දේසී	LOC
බලකොටුවක්	LOC
මෙහි	O
දක්නට	O
හැකිය	O
.	O
ඩෙල්ෆ්	LOC
යාමට	O
කුරික්කඩ්ඩුවාන්	LOC
ජැටියට	LOC
නැත්නම්	O
බොහෝ	O
දෙනා	O
දන්න	O
නාගදීප	LOC
ජැටිය	LOC
පැමිණිය	O
යුතුයි	O
.	O
එහි	O
නාගදීපය	LOC
යාමට	O
හා	O
ඩෙල්ෆ්	LOC
යාමට	O
බෝට්ටු	O
තිබෙනවා	O
.	O
නාගදීපයට	LOC
යාමට	O
බෝට්ටු	O
තිබුණත්	O
ඩෙල්ෆ්	LOC
යාමට	O
ඇත්තේ	O
සීමිත	O
ප්‍රමාණයක්	O
.	O
නාගදීපයට	LOC
විනාඩි	O
10	O
කින්	O
පමණ	O
යා	O
හැකි	O
වුවත්	O
ඩෙල්ෆ්	LOC
යාමට	O
පැය	O
දෙකකට	O
ආසන්න	O
කාලයක්	O
ගත	O
වෙනවා	O
.	O
බෝටුටුවෙන්	O
ඩෙල්ෆ්	LOC
යාමට	O
මුදල්	O
අය	O
කිරීමක්	O
නම්	O
නැහැ	O
.	O
ඩෙල්ෆ්	LOC
දූපත	O
අපූරු	O
භූගෝලීය	O
පිහිටීමක්	O
සහිත	O
දූපතක්	O
.	O
සම්පුර්ණයෙන්ම	O
කොරල්	O
පරවලින්	O
යුතු	O
මෙහි	O
භූමි	O
නිර්ණය	O
කර	O
ඇත්තේ	O
ද	O
කොරල්	O
පර	O
වලිනි	O
.	O
දූපතේ	O
සිවිල්	O
ආරක්ෂාව	O
ශ්‍රී	ORG
ලංකා	ORG
පොලිසිය	ORG
විසින්ද	O
නාවික	ORG
හමුදාව	ORG
දූපත	O
වටා	O
ආරක්ෂාව	O
භාරව	O
කටයුතු	O
කරයි	O
.	O
ඕලන්ද	LOC
යුගයට	O
අයත්	O
නිර්මාණ	O
හා	O
නටබුන්	O
ඩෙල්ෆ්වල	LOC
දැකිය	O
හැකිය	O
.	O
අශ්වයින්	O
විශාල	O
සංඛ්‍යාවක්	O
සිටි	O
බවට	O
විශ්වාස	O
කළ	O
හැකි	O
ඕලන්ද	LOC
යුගයට	O
අයත්	O
පැරණි	O
අශ්ව	O
ගාලක්	O
ද	O
දැකිය	O
හැක	O
.	O
ඉපැරණි	O
චෛත්‍යක	O
නටබුන්	O
ද	O
,	O
ආදම්ගේ	PER
පාදයක	O
සලකුණ	O
යැයි	O
විශ්වාස	O
කරනු	O
ලබන	O
පා	O
සලකුණක්	O
ද	O
මෙහි	O
දැකිය	O
හැකිය	O
.	O
ඕලන්ද	LOC
යුගයේ	O
දී	O
අතහැර	O
ගිය	O
අශ්වයෝ	O
මෙහිදී	O
බෝ	O
වී	O
කාලයත්	O
සමගම	O
නිදැල්ලේ	O
හැසිරෙන	O
සත්ව	O
කොට්ඨාසයක්	O
ලෙස	O
දූපත	O
පුරා	O
සැරි	O
සරති	O
.	O
ඒ	O
වගේම	O
ඕලන්ද	LOC
ජාතිකයින්	O
පණිවුඩ	O
යැවීම	O
පිණිස	O
ඇති	O
කළ	O
පරවියන්	O
සහිත	O
කූඩුව	O
ද	O
දැකිය	O
හැකිය	O
.	O
ඩෙල්ෆ්	LOC
වැසියන්ගේ	O
ප්‍රධාන	O
ආදායම	O
ධිවර	O
කර්මාන්තයයි	O
.	O
එළවළු	O
වගාවද	O
ඔවුගේ	O
එක්	O
රැකියාවකි	O
.	O
එළුවන්	O
සහ	O
ගවයෝ	O
ද	O
ඇති	O
කෙරෙති	O
.	O
ඩෙල්ෆ්	LOC
දූපතේ	O
සියලුම	O
රාජ්‍ය	O
ආයතන	O
තිබේ	O
.	O
පාසල්	O
8ක්	O
ද	O
ඇත	O
.	O
දූපතේ	O
තල්	O
,	O
පොල්	O
ශාක	O
බහුලව	O
දැකිය	O
හැකි	O
අතර	O
බැබෝ	O
ගසක්ද	O
දක්නට	O
හැකිය	O
.	O
රණවරා	O
පැළෑටි	O
ද	O
බහුලව	O
වැවී	O
ඇත	O
.	O
ගාල්ල	LOC
මහින්ද	ORG
විද්‍යාලය	ORG
හා	O
බැඳුණූ	O
ප්‍රෞඩ	O
ඉතිහාසය	O
හා	O
ඒ	O
තුල	O
අන්තර්ගත	O
රසවත්	O
සිදුවීම්	O
මෙන්ම	O
ජාතික	O
ගීය	O
බිහි	O
කිරීම	O
නිදහසේ	O
අරගලයේදී	O
එම	O
විදුහල	O
ඉටු	O
කළ	O
ජාතික	O
මෙහෙය	O
මෙන්ම	O
බිහි	O
කළ	O
ශ්‍රේෂ්ඨ	O
ආදි	O
සිසුන්	O
ගැන	O
කරුණු	O
රැසක්	O
ඇතුළත්	O
ග්‍රන්ථයක්	O
එළි	O
දක්වා	O
තිබේ	O
.	O
මේ	O
මහින්ද	ORG
ශාස්ත්‍ර	ORG
ශාලා	ORG
හෙවත්	O
‘මා	O
දුටු	O
මහින්දය‘	ORG
නම්	O
වු	O
එම	O
නවතම	O
කෘතියේ	O
කතුවරයා	O
වනුයේ	O
1943	O
සිට	O
මහින්දයේ	ORG
පහළ	O
බාලාංශයේ	O
සිට	O
උසස්	O
පෙළ	O
දක්වා	O
අධ්‍යාපනය	O
ලබා	O
විද්‍යා	O
ගුරු	O
නියෝජ්‍ය	O
විදුහල්පති	O
වශයෙන්ද	O
වසර	O
50	O
කට	O
අධික	O
කාලයක්	O
මහින්දය	ORG
හා	O
එක්ව	O
කටයුතු	O
කළ	O
නිශ්ශංක	PER
ද	PER
සිල්වා	PER
මහතායි	O
.	O
මීට	O
පෙර	O
වුඩ්වර්ඩ්	O
,	O
අවුට්	O
ඔප්	O
හිස	O
ලයිෆ්	O
ඇන්ඩ්	O
නොට්	O
,	O
සෙන්චරි	O
ඔප්	O
මෙමරිස්	O
,	O
මහින්දේ	ORG
තමයි	O
ඉස්කෝලේ	O
,	O
හිස්ටෝරි	O
ඔෆ්	O
මහින්ද	ORG
කොලේජ්	ORG
,	O
යට	O
ගිය	O
නිධානය	O
ඇතුළු	O
ග්‍රන්ථ	O
රැසක්	O
හා	O
අනුර	PER
මාධව	PER
ජයසේකර	PER
නිර්මාණය	O
කළ	O
‘මහින්ද	ORG
පුරාණය‘	O
මෙන්ම	O
බන්ධුල 	PER
නානයක්ක‍ර	PER
නිර්මාණය	O
කළ	O
‘මහින්ද	ORG
මහිම‘	O
සංයුක්ත	O
තැටි	O
දෙකක්	O
ද	O
එළි	O
දැක්විණි	O
.	O
ජාතික	ORG
විද්‍යා	ORG
පදනම	ORG
සංවිධානය	O
කරනු	O
ලබන	O
ලෝක	O
විද්‍යා	O
දින	O
පාසල්	O
වැඩසටන	O
2013	O
දෙසැම්බර්	O
මස	O
25	O
වැනි	O
දා	O
කොළඹ	LOC
බණ්ඩාරනායක	LOC
ජාත්‍යාන්තර	LOC
සම්මන්ත්‍රණ	LOC
ශාලාවේ	LOC
දී	O
පැවැත්වේ	O
.	O
පසුගියදා	O
නේපාලයේ	LOC
ලුම්බිණි	LOC
විහාර	LOC
සංකීර්ණයේ	O
සිදුකළ	O
විශේෂ	O
පුරාවිද්‍යාත්මක	O
පර්යේෂණයකින්	O
ලද	O
සාක්ෂිවලින්	O
සිදුහත්	PER
කුමාරයාගේ	PER
උපත	O
පිළිබඳව	O
තහවුරු	O
කෙරිණි	O
.	O
එය	O
තහවුරු	O
වූයේ	O
එංගලන්තයේ	LOC
ඩර්හැම්	ORG
විශ්ව	ORG
විද්‍යාලයේ	O
පුරාවිද්‍යාව	O
පිළිබඳ	O
මහාචාර්ය	O
රොබින්	PER
කොනින්ග්හැම්	PER
ඇතුළු	O
පුරාවිද්‍යාඥ	O
කණ්ඩායමක්	O
පසුගියදා	O
සිදුකළ	O
පර්යේෂණ	O
මගිනි	O
.	O
එම	O
පර්යේෂණ	O
කරන	O
ලද්දේ	O
ලුම්බිණියේ	LOC
පිහිටි	O
මායාදේවි	LOC
විහාරය	LOC
ආශ්‍රිතවය	O
.	O
පර්යේෂණයේ	O
දී	O
සොයා	O
ගැනුණු	O
අඟුරු	O
,	O
වැලි	O
සාම්පල	O
හා	O
ගඩොල්	O
පරීක්ෂා	O
කිරීමෙන්	O
පසුව	O
මෙම	O
නව	O
තොරතුරු	O
පිළිබඳව	O
තහවුරැවක්	O
ලැබී	O
තිබේ	O
.	O
මහාමායා	PER
දේවිය	O
සිදුහත්	PER
කුමරැට	O
උපත	O
දුන්	O
ස්ථානයේ	O
පැවැති	O
සල්	O
ගස	O
මැදිකර	O
මෙම	O
විහාරය	O
ඉදිකරන්නට	O
ඇති	O
බව	O
පුරාවිද්‍යාඥයෝ	O
පෙන්වා	O
දෙති	O
.	O
සොයා	O
ගත්	O
විහාරයට	O
වහලක්	O
නොමැති	O
වීමෙන්	O
ඒ	O
බව	O
තහවුරු	O
වන	O
බවද	O
ඔවුහු	O
පවසති	O
.	O
ගවේෂණය	O
සිදුකළ	O
පුරාවිද්‍යා	O
කණ්ඩායම	O
සඳහා	O
යුනෙස්කෝ	ORG
සංවිධානයේත්	ORG
,	O
නේපාල	LOC
හා	O
ජපාන	LOC
නිලධාරින්ගේ	O
හා	O
නැෂනල්	ORG
ජියෝග්‍රැෆික්	ORG
සමාජයේද	O
සහය	O
ලැබී	O
තිබේ	O
.	O
සිදුහත්	PER
කුමරැගේ	O
උපත	O
ක්‍රිස්තු	O
පූර්ව	O
623දී	O
සිදු	O
වූ	O
බවට	O
විශ්වාසය	O
පළකරන	O
අතර	O
,	O
ඇතැම්	O
වාර්තා	O
එය	O
ක්‍රිස්තු	O
පූර්ව	O
4	O
වැනි	O
සියවස	O
තුළදී	O
සිදු	O
වූ	O
බව	O
පවසයි	O
.	O
අප	O
සොයා	O
ගත්ත	O
විහාරය	O
තමයි	O
මේ	O
වන	O
විට	O
සොයාගත්	O
පැරණිතම	O
බෞද්ධ	O
සිද්ධස්ථානය	O
.	O
බුදුන්	PER
වහන්සේ	PER
ජීවත්	O
වූ	O
කාලය	O
පිළිබඳව	O
විශාල	O
මතභේදයක්	O
තිබුණා	O
.	O
එහෙත්	O
අප	O
සොයාගත්	O
සිද්ධස්ථානයේ	O
සැකැස්ම	O
ක්‍රිස්තු	O
පූර්ව	O
6	O
වැනි	O
ශතවර්ෂයට	O
අයත්	O
යැයි	O
සැලකිය	O
හැකියි	O
යැයි	O
පුරාවිද්‍යා	O
මහාචාර්ය	O
රොබින්	PER
,	O
මාධ්‍ය	O
සාකච්ඡාවක්	O
අමතමින්	O
සඳහන්	O
කළේය	O
.	O
මේ	O
වන	O
විට	O
ලෝක	O
උරුමයක්	O
ලෙස	O
නම්	O
කර	O
ඇති	O
මයාදේවි	LOC
විහාරය	LOC
මීට	O
ඉහතදී	O
1896	O
වසරේදී	O
ගවේෂණය	O
කර	O
නැවත	O
ප්‍රතිසංස්කරණය	O
කිරීමෙන්	O
පසුව	O
වන්දනාමාන	O
කටයුතු	O
සඳහා	O
විවෘත	O
කරනු	O
ලැබීය	O
.	O
මායාදේවි	LOC
විහාරය 	LOC
වැඳපුදා	O
ගැනීමට	O
විශාල	O
පිරිසක්	O
දිනපතා	O
පැමිණීමත්	O
,	O
හිමිවරැන්	O
එහි	O
භාවනායෝගීව	O
වැඩ	O
සිටීමත්	O
නිසා	O
මායාදේවි	LOC
විහාරයේ	LOC
කැණීම්	O
ඉතාම	O
පරිස්සමින්	O
සිදු	O
කළ	O
බව	O
මහාචාර්යවරයා	O
පවසයි	O
.	O
එසේම	O
තම	O
ගවේෂණය	O
සිදුකිරීමේදී	O
එය	O
වඩාත්	O
විනිවිද	O
අයුරින්	O
සිදුකිරීමට	O
සිදු	O
වූ	O
බවද	O
පුරාවිද්‍යාඥ	O
රොබින්	PER
මහතා	O
පවසයි	O
.	O
සොයාගත්	O
සාක්ෂි	O
කිනම්	O
කාලසීමාවකට	O
අයත්දැයි	O
යන්න	O
සොයා	O
ගැනීම	O
සඳහා	O
විද්‍යාත්මක	O
දින	O
ගණනය	O
කිරීමේ	O
ආකාර	O
දෙකක්	O
යොදා	O
ගත්	O
බවද	O
මහාචාර්යවරයා	O
පවසන	O
අතර	O
,	O
විද්‍යාව	O
මෙන්ම	O
පුරාවිද්‍යාවද	O
මෙම	O
කැණීමේදී	O
එක්වූ	O
බවද	O
ඔහු	O
තවදුරටත්	O
පවසයි	O
.	O
සොබා	O
දහමට	O
පැමිණෙන	O
හානිවල	O
බලපෑමෙන්	O
මිදෙන්නට	O
කිසිදු	O
කෙනෙකුට	O
හැකියාවක්	O
නැත	O
.	O
මේ	O
නිසා	O
අප	O
කළ	O
යුත්තේ	O
පරිසරයට	O
හානි	O
සිදුවන	O
ක්‍රියාවලින්	O
හැකි	O
තරම්	O
දුරස්	O
වීමය	O
.	O
එහිලා	O
පරිසරය	O
පිළිබදව	O
දැනුම්වත්	O
වීම	O
හා	O
ආකල්ප	O
වර්ධනය	O
කර	O
ගැනීම	O
අවශ්‍යයි	O
.	O
ශ්‍රී	LOC
ලංකාවේ	LOC
පරිසරය	O
සංරක්ෂණයට	O
හා	O
ස්වාභාවික	O
සම්පත්	O
කළමනාකරණයට	O
අවශ්‍ය	O
කටයුතු	O
ඉටු	O
කරන	O
පරිසරය	O
ගැන	O
යහපත්	O
ආකල්ප	O
වර්ධනය	O
කරන්නට	O
අවශ්‍ය	O
අධ්‍යාපනය	O
ලබාදෙන	O
ආයතනයක්	O
වෙයි	O
.	O
එය	O
මධ්‍යම	ORG
පරිසර	ORG
අධිකාරියයි	ORG
.	O
ආරම්භය	O
හා	O
බලතල	O
වර්ෂ	O
1980	O
අංක	O
47	O
දරන	O
ජාතික	O
පාරිසරික	O
පනත	O
යටතේ	O
වර්ෂ	O
1981	O
අගෝස්තු	O
මස	O
12	O
වැනි	O
දින	O
මධ්‍යම	ORG
පරිසර	ORG
අධිකාරිය	ORG
පිහිටුවනු	O
ලැබීය	O
.	O
මෙම	O
අධිකාරිය	O
පිහිටුවීමේ	O
මූලික	O
අරමුණු	O
වූයේ	O
ජාතික	O
පාරිසරික	O
පනතට	O
අනුව	O
පරිසරයට	O
අදාළ	O
ප්‍රතිපත්ති	O
සැකසීම	O
,	O
පරිසර	O
නීති	O
සැකසීම	O
හා	O
සම්බන්ධීකරණය	O
කිරීමය	O
.	O
1988	O
අංක	O
56	O
දරණ	O
ජාතික	O
පාරිසරික	O
පනත	O
මගින්	O
පරිසර	O
සංරක්ෂණයට	O
හා	O
පරිසර	O
කළමනාකරණයට	O
අවශ්‍ය	O
නීති	O
සැකසීමට	O
පුළුල්	O
බලතල	O
ලබාදෙන	O
ලදී	O
.	O
මධ්‍යම	ORG
පරිසර	ORG
අධිකාරියට	ORG
අවශ්‍ය	O
මග	O
,	O
පෙන්වනු	O
ලබන්නේ	O
පරිසර	ORG
අමාත්‍යාංශය	ORG
විසිනි	O
.	O
මධ්‍යම	ORG
පරිසර	ORG
අධිකාරියේ	ORG
කාර්ය	O
භාරය	O
ශ්‍රී	LOC
ලංකාවේ	LOC
ස්වාභාවික	O
සම්පත්	O
කළමනාකරණයට	O
හා	O
පරිසර	O
සංරක්ෂණයටත්	O
මහඟු	O
මෙහෙවරක්	O
මධ්‍යම	ORG
පරිසර	ORG
අධිකාරියෙන්	ORG
ඉටු	O
කෙරෙන	O
මහඟු	O
මෙහෙවර	O
අතර	O
පාරිසරික	O
ප්‍රතිපත්ති	O
සැකසීම	O
සඳහා	O
අවශ්‍ය	O
යෝජනා	O
හා	O
සංදේශ	O
පරිසර	ORG
අමාත්‍යංශයට	ORG
ඉදිරිපත්	O
කිරීම	O
පරිසරය	O
වැඩදායි	O
ලෙස	O
පවත්වා	O
ගෙන	O
යාමට	O
හා	O
පරිසරය	O
ආරක්ෂා	O
කර	O
ගැනීමට	O
අවශ්‍ය	O
ප්‍රමිති	O
සැකසීම	O
අධිකාරිය	O
යටතේ	O
ක්‍රියාත්මක	O
වන	O
අංශවලට	O
හා	O
ආයතනවලට	O
අවශ්‍ය	O
මාර්ගෝපදේශකත්වය	O
හා	O
තාක්ෂණික	O
සහය	O
ලබාදීම	O
.	O
පරිසරයේ	O
ආරක්ෂාවත්	O
කළමනාකරණයත්	O
සම්බන්ධ	O
වාර්තා	O
හා	O
තොරතුරු	O
ප්‍රකාශයට	O
පත්කිරීම	O
.	O
පරිසරය	O
හා	O
සම්බන්ධ	O
කුමන	O
අවස්ථාවකදී	O
වුවද	O
ජාතික	O
පාරිසරික	O
පනතට	O
අනුව	O
ක්‍රියා	O
කරන	O
බවට	O
වගබලා	O
ගැනීම	O
,	O
විමර්ශනය	O
කිරීම	O
හා	O
නිරීක්ෂණය	O
කිරීම	O
එම	O
පනතට	O
පටහැනි	O
කටයුතු	O
සිදුවන	O
අවස්ථාවලදී	O
ඒ	O
පිළිබඳව	O
පැමිණිලි	O
විමර්ශනය	O
කිරීම	O
හා	O
අදාළ	O
නීතිමය	O
ක්‍රියා	O
මාර්ග	O
ගැනීම	O
පාරිසරික	O
ප්‍රශ්න	O
පිළිබඳ	O
ජාත්‍යන්තර	O
සම්මුතීන්ට	O
හා	O
ප්‍රඥප්තිවලට	O
අදාළව	O
වැඩපිළිවෙල	O
සකස්	O
කිරීම	O
හා	O
එම	O
වැඩසටහන්	O
ක්‍රියාත්මක	O
කිරීම	O
.	O
පරිසර	O
සංරක්ෂණය	O
හා	O
කළමනාකරණය	O
සම්බන්ධයෙන්	O
පුහුණු	O
වැඩසටහන්	O
ක්‍රියාත්මක	O
කිරීම	O
.	O
පරිසර	O
කටයුතු	O
පිළිබඳ	O
රාජ්‍ය	O
හා	O
රාජ්‍ය	O
නොවන	O
ආයතන	O
සම්බන්ධීකරණය	O
කිරීම	O
.	O
ඉටුකෙරෙන	O
මෙහෙවර	O
ස්වාභාවික	O
සම්පත්	O
කළමනාකරණයට	O
කිරීමට	O
කටයුතු	O
කිරීම	O
විවිධ	O
සංවර්ධන	O
ව්‍යාපෘති	O
ක්‍රියාත්මක	O
කිරීමේදී	O
එයින්	O
සිදුවිය	O
හැකි	O
පරිසර	O
බලපෑම	O
ඇගයීමට	O
ලක්	O
කළ	O
යුතු	O
වේ	O
.	O
එවැනි	O
අවස්ථාවලදී	O
පරිසර	O
බලපෑම	O
ඇගයීමට	O
මධ්‍යම	ORG
පරිසර	ORG
අධීකාරිය	ORG
කටයුතු	O
කරයි	O
.	O
ස්වාභාවික	O
සම්පත්	O
පරිහරණයේදි	O
මනා	O
කළමනාකරණයකින්	O
යුතුව	O
කටයුතු	O
කිරීමට	O
රාජ්‍ය	O
හා	O
රාජ්‍ය	O
නොවන	O
ආයතන	O
හා	O
පළාත්	O
පාලන	O
ආයතන	O
යොමු	O
කිරීමද	O
,	O
එම	O
ආයතනවලට	O
සම්පත්	O
භාවිතය	O
පිළිබඳ	O
අවශ්‍ය	O
උපදෙස්	O
සැපයී	O
මධ්‍යම	ORG
පරිසර	ORG
අධිකාරියෙන්	ORG
ඉටු	O
වේ	O
.	O
සංවේදී	O
පරිසර	O
පද්ධතීන්	O
සංරක්ෂණයට	O
හා	O
කළමනාකරණයටද	O
මධ්‍යම	ORG
පරිසර	ORG
අධිකාරිය	ORG
කටයුතු	O
කරයි	O
.	O
තවද	O
ජාතික	O
පාරිසරික	O
පනතට	O
අනුව	O
ජාතික	O
ප්‍රතිපත්ති	O
සැකසීමට	O
සහ	O
ඒ	O
පිළිබඳ	O
නිර්දේශ	O
ඉදිරිපත්කිරීමට	O
ද	O
මෙම	O
ආයතනය	O
කටයුතු	O
කරයි	O
.	O
පාරිසරික	O
බලපෑම්	O
ඇගයීම	O
මෙය	O
මධ්‍යම	ORG
පරිසර	ORG
අධිකාරියෙන්	ORG
ඉටවුන	O
වැදගත්	O
මෙහෙවරකි	O
.	O
මහා	O
පරිමාණ	O
ගොඩනැගිලි	O
හා	O
සංචාරක	O
කර්මාන්තයට	O
සම්බන්ධ	O
හෝටල්	O
තැනීමේදීත්	O
,	O
කර්මාන්ත	O
ජනපද	O
,	O
විදුලි	O
බලාගාර	O
ඉදිකිරීමේදී	O
හා	O
කර්මාන්ත	O
ජනපද	O
පිහිටුවීමේදීත්	O
,	O
ඉඩම්	O
ගොඩකිරීම	O
,	O
පස්	O
කැපීම	O
,	O
වැලි	O
ගොඩ	O
දැමීම	O
ආදි	O
විවිධ	O
ක්‍රියා	O
නිසාත්	O
ඇති	O
විය	O
හැකි	O
පාරිසරික	O
බලපෑම	O
ගැන	O
අධ්‍යයනය	O
කර	O
සිදුවිය	O
හැකි	O
අහිතකර	O
බලපෑම්	O
පාලනය	O
කිරීමට	O
කටයුතු	O
කිරීමටත්	O
මධ්‍යම	ORG
පරිසර	ORG
අධිකාරියේ	ORG
ක්‍රියා	O
කරයි	O
.	O
පරිසර	O
සංරක්ෂණයට	O
වායු	O
,	O
පස	O
,	O
ජලය	O
හා	O
ශබ්ද	O
දූෂණයත්	O
,	O
විෂ	O
රසායන	O
ද්‍රව්‍ය	O
හා	O
කාර්මික	O
අපද්‍රව්‍ය	O
බැහැර	O
කිරීමත්	O
නිසා	O
සිදුවන	O
පරිසර	O
දූෂණය	O
පාලනය	O
කිරීමට	O
මධ්‍යම	ORG
පරිසර	ORG
අධිකාරිය	ORG
කටයුතු	O
කරයි	O
.	O
එමෙන්ම	O
කර්මාන්ත	O
ශාලා	O
සඳහා	O
වාර්ෂිකව	O
පාරිසරික	O
ආරක්ෂණ	O
බලපත්‍ර	O
නිකුත්	O
කිරිම	O
,	O
පරිසර	O
හානි	O
අවම	O
කරමින්	O
කර්මාන්ත	O
ශාලා	O
පවත්වා	O
ගෙන	O
යාමට	O
අවශ්‍ය	O
උපදෙස්	O
සැපයීම	O
,	O
නව	O
කර්මාන්ත	O
සඳහා	O
යෝජිත	O
ප්‍රදේශවල	O
පාරිසරික	O
නිරවුල්	O
සහතික	O
නිකුත්	O
කිරීම	O
,	O
ව්‍යාපෘති	O
පරීක්ෂණ	O
සිදු	O
කිරීමද	O
මෙම	O
ආයතනයේ	O
කටයුතු	O
අතර	O
වේ	O
.	O
පරිසර	O
ප්‍රවර්ධනයට	O
විවිධ	O
පෝස්ටර්	O
,	O
පත්‍රිකා	O
,	O
පොත්	O
පිංච	O
හා	O
දැන්වීම්	O
මගින්	O
පරිසරය	O
සංරක්ෂණයට	O
අවශ්‍ය	O
දැනුම	O
ජනතාවට	O
ලබාදීමට	O
මධ්‍යම	ORG
පරිසර	ORG
අධිකාරිය	ORG
කටයුතු	O
කරයි	O
.	O
එමෙන්ම	O
දේශන	O
,	O
සම්මන්ත්‍රණ	O
පැවැත්වීම	O
,	O
දැනුම්වත්	O
කිරීමේ	O
වැඩසටහන්	O
පැවැත්විම	O
,	O
පාරිසරික	O
පුවත්පත්	O
නිකුත්	O
කිරීම	O
,	O
දීප	O
ව්‍යාප්ත	O
චිත්‍ර	O
,	O
රචනා	O
තරග	O
පැවැත්වීම	O
හා	O
ලෝක	O
පාරිසරික	O
දින	O
වැඩසටහන්	O
ජාතික	O
මට්ටමින්	O
සැමරීම	O
ආදි	O
කටයුතු	O
මගින්	O
පරිසරය	O
පිළිබඳ	O
පොදු	O
ජනතාව	O
සතු	O
දැනුම	O
පුළුල්	O
කරන්නට	O
මධ්‍යම	ORG
පරිසර	ORG
අධිකාරියෙන්	ORG
ඉටුවන්නේ	O
මහත්	O
මෙහෙවරකි	O
.	O
පරිසර	O
නියමු	O
භට	O
කණ්ඩායම	O
පාසල්	O
සිසුන්	O
තුළ	O
පරිසර	O
ආකල්ප	O
සංවර්ධනය	O
කිරීමේ	O
අරමුණින්	O
පරිසර	O
නියමු	O
ව්‍යාපෘතිය	O
දිවයින	O
පුරා	O
තෝරා	O
ගත්	O
පාසල්	O
රුසක	O
ක්‍රියාත්මක	O
වේ	O
.	O
පරිසර	O
නියුමවන්	O
ලෙස	O
එක්වන	O
සිසුන්ට	O
පරිසරය	O
ගැන	O
අවබෝධය	O
ලබාදීම	O
,	O
විවිධ	O
වැඩ	O
සටහන්වලින්	O
ඔවුන්	O
පාරිසරික	O
ක්‍රියාකාරකම්වලට	O
යොමු	O
කිරීම	O
,	O
පරිසර	O
නියමුවන්ගේ	O
කුසලතා	O
ඇගයීම	O
,	O
හරිත	O
,	O
රජත	O
,	O
ස්වර්ණ	O
හා	O
ජනාධිපති	O
පදක්කම	O
දිනා	O
ගැනීමට	O
ඔවුනට	O
අවස්ථාව	O
ලබාදීමට	O
මෙම	O
වැඩසටහනෙහි	O
කාර්යයන්	O
අතර	O
වේ	O
.	O
ජාත්‍යන්තර	O
පරිසර	O
තොරතුරු	O
ජාලයක්	O
පවත්වා	O
ගෙන	O
යාම	O
ජාතික	O
මට්ටමේ	O
මෙන්ම	O
ජාත්‍යන්තර	O
මට්ටමෙද	O
පාරිසරික	O
තොරතුරු	O
ඇතුළත්	O
පුස්තකාලයක්	O
මධ්‍යම	ORG
පරිසර	ORG
අධිකාරියේ	ORG
පවත්වා	O
ගෙන	O
යයි	O
.	O
එමගින්	O
පරිසරය	O
පිළිබඳ	O
ජාත්‍යන්තර	O
මට්ටමේ	O
තාක්ෂණ	O
දැනුම	O
මෙරට	O
පරිසර	O
වැඩසටහන්වලට	O
ලබාගැනීම	O
,	O
මෙන්ම	O
පාඨක	O
ජනයාගේ	O
පාරිසරික	O
දැනුම	O
වර්ධනය	O
කිරීම	O
,	O
තොරතුරු	O
අවශ්‍ය	O
අයහට	O
තොරතුරු	O
ලබාගැනීමට	O
කටයුතු	O
සලසා	O
දීම	O
එම	O
පුස්තකාලයේ	O
කාර්යයන්	O
වේ	O
.	O
නීති	O
උපදෙස්	O
ලබා	O
දීම	O
ජාතික	O
පාරිසරික	O
පනතට	O
අනුව	O
මධ්‍යම	ORG
පරිසර	ORG
අධිකාරියට	ORG
පැවරී	O
ඇති	O
බලතල	O
අනුව	O
නීති	O
උපදෙස්	O
ලබා	O
දීමටත්	O
,	O
සුළු	O
පාරිසරික	O
ගැටලු	O
හා	O
මහජන	O
පීඩාවන්	O
පිළිබඳ	O
ක්‍රියා	O
කිරීමට	O
මධ්‍යම	ORG
පරිසර	ORG
අධිකාරිය	ORG
කටයුතු	O
කරයි	O
.	O
ඒ	O
සඳහා	O
පොලිස්	ORG
දෙපාර්තමේන්තුව	ORG
යටතේ	O
ක්‍රියාත්මක	O
වන	O
පරිසර	ORG
අපරාධ	ORG
විමර්ශන	ORG
අංශයක්	ORG
පිහිටුවා	O
අවශ්‍ය	O
බලතල	O
ඊට	O
පවරා	O
ඇත	O
.	O
විදේශීය	O
අනුග්‍රහ	O
ව්‍යාපෘති	O
ක්‍රියාත්මක	O
කිරීම	O
ශ්‍රී	LOC
ලංකාවේ	LOC
පරිසර	O
සංරක්ෂණයට	O
හා	O
කළමනාකරණයට	O
ලැබෙන	O
විදේශ	O
මූල්‍ය	O
ආධාර	O
යටතේ	O
එම	O
ව්‍යාපෘති	O
ක්‍රියාත්මක	O
කිරීමට	O
මධ්‍යම	ORG
පරිසර	ORG
අධිකාරිය	ORG
කටයුතු	O
කරයි	O
.	O
තෙත්බිම්	O
සංරක්ෂණ	O
ව්‍යාපෘතිය	O
හා	O
එක්සත්	ORG
ජාතීන්ගේ	ORG
තාක්ෂණික	O
සහයෝගිතා	O
ව්‍යාපෘතිය	O
එබඳු	O
ව්‍යාපෘතිය	O
.	O
තොරතුරු	O
–	O
සුනිල්	PER
උඩුකල 	PER
මහතා	PER
,	O
අධ්‍යක්ෂ	O
(ප්‍රචාරක	O
හා	O
මාධ්‍ය)	O
මධ්‍යම	ORG
පරිසර	ORG
අධිකාරිය	ORG
.	O
සටහන	O
–	O
තක්ෂලි	PER
හපුආරච්චි	PER
.	O
මිල්ලනිය	LOC
ප්‍රාදේශිය	O
ශාසනාරක්‍ෂක	O
මණ්ඩලයේ	O
,	O
හල්තොට	LOC
ලෙනවර	LOC
ශ්‍රී	ORG
සද්ධාතිස්ස	ORG
දහම්	ORG
පාසලේ	ORG
ශිෂ්‍ය	O
ශිෂ්‍යාවන්ට	O
ත්‍යාග	O
සහ	O
සහතික	O
පත්	O
ප්‍රදානය	O
,	O
ශ්‍රී	ORG
ජයවර්ධනපුර	ORG
විශ්ව	ORG
විද්‍යාලයේ	ORG
පාලි	O
සහ	O
බෞද්ධ	O
අධ්‍යයන	O
අංශාධිපති	O
,	O
හෝමාගම	LOC
මාගම්මන	LOC
ශ්‍රී	PER
ශෛලපර්වතාරාමාධිපති	PER
,	O
අචාර්ය	O
මාගම්මන	PER
පක්‍ඳ්ක්‍ඳානන්ද	PER
නාහිමියන්ගේ	O
ප්‍රධානත්වයෙන්	O
පසුගියදා	O
පැවැත්වුණි	O
.	O
දහම්	O
පාසලේ	O
එක්	O
එක්	O
ශ්‍රේණිවල	O
සාමාර්ථ	O
ලැබූ	O
සිසුනට	O
ත්‍යාග	O
ප්‍රදානය	O
මෙම	O
අවස්ථාවට	O
එක්වූ	O
ආරාධිතයන්	O
අතින්	O
සිදුවිය	O
.	O
සිසුනගේ	O
නැටුම්	O
,	O
ගැයුම්	O
වලින්	O
උළෙල	O
විචිත්‍රවත්	O
විය	O
.	O
මෙම	O
අවස්ථාවට	O
හොරණ	LOC
රජමහා	O
විහාරාධිපති	O
,	O
විද්‍යාරත්න	ORG
පිරිවෙන්	ORG
අධ්‍යක්‍ෂ	O
හොරණ	PER
පක්‍ඳ්ක්‍ඳාසේකර	PER
,	O
මිල්ලනිය	LOC
ශාසනාරක්‍ෂක	O
මණ්ඩලයේ	O
සභාපති	O
,	O
කොඩිගල	LOC
ආරණ්‍ය	LOC
සේනාසනාධිපති	O
පරගස්තොට	PER
සුධම්ම	PER
යන	O
හිමිවරුද	O
බස්නාහිර	ORG
පළාත්	ORG
සභාවේ	ORG
නියෝජ්‍ය	O
සභාපති	O
රංජිත්	PER
සෝමවංශ	PER
,	O
බස්නාහිර	ORG
පළාත්	ORG
සභා	ORG
මන්ත්‍රීවරුන්	O
වන	O
භිමල්	PER
චන්ද්‍රරත්න	PER
,	O
ලලිත්	PER
එල්ලාවල	PER
,	O
ලලිත්	PER
වර්ණකුමාර	PER
,	O
බෞද්ධ	O
කටයුතු	O
කොමසාරිස්	O
ජනරාල්	O
චන්ද්‍රපේ‍්‍රම	PER
ගමගේ	PER
,	O
මිල්ලනිය	LOC
ප්‍රාදේශීය	O
ලේකම්	O
විමල්	PER
ගුණතුංග	PER
යන	O
මහත්වරුද	O
ප්‍රදේශවාසීහූද	O
එක්වූහ	O
.	O
මිල්ලනිය	LOC
ශාසනාරක්‍ෂක	O
මණ්ඩලයේ	O
ලේඛකාධිකාරී	O
,	O
ලෙනවර	LOC
රජමහ	O
විහාරාධිපති	O
සහ	O
දහම්	O
පාසලේ	O
ප්‍රධානාචාර්ය	O
හිඳුරන්ගල	PER
සෝරත	PER
හිමියන්	O
ප්‍රධාන	O
දහම්	O
පාසල්	O
ආචාර්ය	O
මණ්ඩලය	O
මෙය	O
සංවිධානය	O
කළේය	O
.	O
රුවන්වැල්ල	LOC
ඉඹුලාන	LOC
ශ්‍රී	ORG
සේන	ORG
මහ	ORG
විදුහලට	ORG
වසර	O
සියයක්	O
සම්පූර්ණවීම	O
නිමිති	O
කොටගෙන	O
සියක්	O
නමක්	O
මහ	O
සඟරුවන	O
විෂයෙහි	O
දානමය	O
පුණ්‍යකර්මයක්	O
සිදුකොට	O
මියගිය	O
විදුහලේ	O
ආදී	O
කර්තෘවරුන්ට	O
සහ	O
හිටපු	O
ගුරු	O
දෙගුරුන්ට	O
පිං	O
පැමිණවීමට	O
කටයුතු	O
සිදුකෙරිණි	O
.	O
ප්‍රදේශවාසීන්	O
,	O
දෙමාපියන්	O
,	O
ගුරුවරුන්	O
හා	O
සිසු	O
දරු	O
දැරියන්	O
එක්ව	O
විදුහල්පති	O
සුනිල්	PER
කරුණාතිලක	PER
මහතාගේ	O
උපදෙස්	O
මත	O
මෙම	O
පිංකම	O
සිදුකලහ	O
.	O
විදුහලේ	O
ආදී	O
කර්තෘවරයා	O
වූ	O
එස්.	PER
කේ.	PER
සිරිසේන	PER
මහතාගේ	O
පිළිරුවක්ද	O
මෙදින	O
විදුහල්	O
භූමියේදි	O
නිරාවරණය	O
කළේය	O
.	O
එම	O
අවස්ථාවට	O
සහභාගී	O
වී	O
අනුශාසනාවක්	O
කළ	O
ඉඹුලාන	LOC
ශ්‍රී	LOC
නිකේතනාරාම	LOC
විහාරාධිපති	O
නිවුන්හැල්ලේ	PER
සීලවිමල	PER
හිමියෝ	O
පැවසුවේ	O
තමාගේ	O
පැවිදි	O
දිවියට	O
වසර	O
50ක්	O
සම්පූර්ණ	O
වන	O
මේ	O
අවස්ථාවේදී	O
තමාටත්	O
අධ්‍යාපනය	O
ලබා	O
දුන්	O
විද්‍යාලයේ	O
හිටපු	O
විදුහල්පති	O
වරයෙකු	O
වූ	O
ටී.	PER
බී.	PER
වේරගොඩ	PER
මහතාගේ	O
බිරිඳ	O
වන	O
නිස්සංක	PER
වේරගොඩ	PER
මහත්මිය	O
තම	O
දිවියේ	O
වසර	O
සියයක්	O
සම්පූර්ණ	O
කරන	O
බවයි	O
.	O
මෙම	O
අවස්ථාවට	O
ග්‍රාමීය	O
කටයුතු	O
පිළිබඳ	O
ජේෂ්ඨ	O
අමාත්‍ය	O
අතාවුද	PER
සෙනෙවිරත්න	PER
,	O
රුවන්වැල්ල	LOC
ශ්‍රී.	ORG
ල.	ORG
නි.	ORG
ප.	ORG
සංවිධායක	O
වෛද්‍ය	O
පරාක්‍රම	PER
අතාවුද	PER
යන	O
මහත්වරු	O
ගුරුවරු	O
සිසුදරුවන්	O
ඇතුලූ	O
ප්‍රදේශවාසීහූ	O
විශාල	O
පිරිසක්	O
සහභාගී	O
වූහ	O
.	O
පොදුරාජ්‍ය	ORG
මණ්ඩලයීය	ORG
රටවල	O
සංස්කෘතික	O
අංග	O
විදහා	O
දක්වමින්	O
පාසල්	O
55ක	O
සිසු	O
සිසු	O
සිසුවියන්	O
3,750	O
කගේ	O
සහභාගිත්වයෙන්	O
“හෙට	O
අපටයි	O
–	O
සිසු	O
ප්‍රතිභා	O
ප්‍රභා”	O
නමින්	O
සංස්කෘතික	O
පෙරහරක්	O
අද	O
(3	O
දා)	O
සවස	O
ජනාධිපති	O
මහින්ද	PER
රාජපක්‍ෂ	PER
මහතාගේ	O
ප්‍රධානත්වයෙන්	O
කොළඹ	LOC
රාජකීය	ORG
විද්‍යාලය	ORG
අසලින්	O
ආරම්භ	O
වී	O
නිදහස්	LOC
චතුරශ්‍රයේ	LOC
දී	O
අවසන්	O
විය	O
.	O
මීට	O
සමගාමීව	O
පාසල්	O
සිසුන්	O
2,000	O
කගේ	O
සහභාගිත්වයෙන්	O
නිදහස්	LOC
චතුරශ්‍ර	LOC
පරිශ්‍රයේ	O
සංස්කෘතික	O
සංදර්ශනයක්	O
ද	O
පැවැත්විණි	O
.	O
මෙරට	O
ළමා	O
හා	O
තරුණ	O
බහුතරයක්	O
තමන්	O
කියවූ	O
හොඳම	O
කෘතිය	O
ලෙස	O
අදටත්	O
නම්	O
කරන්නේ	O
මාර්ටින්	PER
වික්‍රමසිංහයන්	PER
1940	O
දී	O
රචනා	O
කළ	O
මඩොල්	O
දූව	O
කෘතිය	O
බව	O
ජාතික	ORG
පුස්තකාල	ORG
හා	ORG
ප්‍රලේඛන	ORG
සේවා	ORG
මණ්ඩලය	ORG
සිදු	O
කළ	O
සමීක්ෂණයක්	O
මගින්	O
හෙළි	O
වී	O
තිබේ	O
.	O
කොළඹ	LOC
බණ්ඩාරනායක	LOC
සම්මන්ත්‍රණ	LOC
ශාලාවේදී	LOC
පසුගිය	O
මාසයේ	O
පැවැති	O
ජාත්‍යන්තර	O
පොත්	O
ප්‍රදර්ශනය	O
නැරඹීමට	O
පැමිණි	O
අය	O
හා	O
දිවයින	O
පුරා	O
පාසල්	O
සිසුන්	O
සහභාගි	O
කර	O
ගනිමින්	O
සිදු	O
කළ	O
සමීක්ෂණ	O
දෙකකින්ම	O
මෙය	O
තහවුරු	O
වී	O
තිබේ	O
.	O
එහිදී	O
වයස	O
අවුරුදු	O
12	O
ට	O
අඩු	O
දරුවන්	O
මෙන්ම	O
වයස	O
අවුරුදු	O
13	O
ත්	O
26	O
ත්	O
අතර	O
අයගෙන්	O
ද	O
බහුතරයක්	O
තමන්	O
පසුගිය	O
වසර	O
තුළ	O
කියවූ	O
හොඳම	O
කෘතිය	O
ලෙස	O
මෙන්ම	O
මෙතෙක්	O
කියවූ	O
හොඳම	O
කෘතිය	O
ලෙස	O
ද	O
නම්	O
කර	O
ඇත්තේ	O
මඩොල්	O
දූව	O
කෘතියයි	O
.	O
මීට	O
අමතරව	O
වයස	O
අවුරුදු	O
27ත්	O
45ත්	O
අතර	O
හා	O
46	O
ට	O
වැඩි	O
පාඨකයින්ගෙන්	O
බහුතරයක්	O
පසුගිය	O
වසර	O
තුළ	O
තමන්	O
කියවූ	O
හොඳම	O
කෘතියක්	O
නම්	O
කර	O
නොමැති	O
බවද	O
එම	O
සමීක්ෂණ	O
වාර්තාවේ	O
දැක්වෙන	O
අතර	O
මෙතෙක්	O
කියවූ	O
හොඳම	O
කෘතිය	O
ලෙස	O
වයස	O
අවුරුදු	O
27ත්	O
45ත්	O
අතර	O
බහුතරය	O
මැක්සිම්	PER
ගෝර්කිගේ	PER
අම්මා	O
රුසියානු	LOC
පරිවර්තන	O
කෘතියත්	O
වයස	O
46	O
ට	O
වැඩි	O
අය	O
මාර්ටින්	PER
වික්‍රමසිංහයන්ගේ	PER
ගම්පෙරළිය	O
කෘතියත්	O
නම්	O
කර	O
තිබේ	O
.	O
මීට	O
අමතරව	O
මෙම	O
සෑම	O
වයස්	O
කාණ්ඩයක්ම	O
හොඳම	O
කෘති	O
ලෙස	O
නම්	O
කර	O
ඇති	O
කෘති	O
අතර	O
අඹ	O
යහළුවෝ	O
,	O
අපේ	O
ගම	O
,	O
හීන්	O
සැරය	O
,	O
හත්පණ	O
,	O
ගුරු	O
ගීතය	O
,	O
මළගිය	O
ඇත්තෝ	O
,	O
යුගාන්තය	O
ආදී	O
මීට	O
වසර	O
බොහෝ	O
ගණනකට	O
පෙර	O
රචනා	O
වූ	O
කෘතීන්	O
පැවතීම	O
විශේෂත්වයකි	O
.	O
පාසල්	O
සිසුන්	O
අතර	O
ජනප්‍රියම	O
ලේඛකයින්වී	O
ඇත්තේ	O
ද	O
මාර්ටින්	PER
වික්‍රමසිංහ	PER
,	O
මුනිදාස	PER
කුමාරතුංග	PER
,	O
ටිබෙට්	PER
ජාතික	PER
එස්.	PER
මහින්ද	PER
හිමි	O
,	O
ඒ.	PER
වී.	PER
සුරවීර	PER
,	O
ටී.	PER
බී.	PER
ඉලංගරත්න	PER
වැනි	O
ලේඛකයින්ය	O
.	O
කාන්තාරයේ	O
කුසුම	O
,	O
ෂර්ලොක්	PER
හෝම්ස්	PER
කතා	O
සහ	O
කන්දක්	O
සේමා	O
,	O
සිටුවර	O
පුවත	O
,	O
කවිකඳුර	O
වැනි	O
රාජ්‍ය	O
සාහිත්‍ය	O
සම්මාන	O
දිනූ	O
නව	O
කෘතීන්	O
කිහිපයක්	O
ද	O
ළමා	O
හා	O
වැඩිහිටි	O
පාඨකයින්	O
තමා	O
කියවූ	O
හොඳම	O
කෘති	O
ලෙස	O
නම්	O
කළ	O
කෘතීන්	O
අතර	O
වේ	O
.	O
අධ්‍යාපන	ORG
අමාත්‍යාංශයේ	ORG
මෙහෙයවීමෙන්	O
සංවිධානය	O
කළ	O
ඇසළ	O
මහා	O
සිසු	O
පෙරහර	O
පසුගියදා	O
කොළඹ	LOC
මහානාම	ORG
විද්‍යාලය	ORG
අසලින්	O
ආරම්භ	O
වී	O
කොළඹ	LOC
ගංගාරාම	ORG
විහාරය	ORG
දක්වා	O
උත්කර්ෂවත්	O
අන්දමින්	O
වීදී	O
සංචාරය	O
කෙරිණි	O
.	O
දිවයිනේ	O
පාසල්	O
386ක්	O
ආවරණය	O
කරමින්	O
පාසල්	O
සිසුන්	O
12,500කගේ	O
සහභාගිත්වයෙන්	O
මෙය	O
පැවැත්විණි	O
.	O
සියලූම	O
ජාතින්	O
සහ	O
ආගම්	O
නියෝජනය	O
කරමින්	O
සිසු	O
සිසුවියන්	O
සහභාගි	O
වූ	O
මෙම	O
ඇසළ	O
පෙරහර	O
විවිධ	O
විචිත්‍ර	O
රංගන	O
වලින්	O
අලංකාරවත්	O
විය	O
.	O
උඩරට	LOC
,	O
පහතරට	LOC
සහ	O
සබරගමු	LOC
නැටුම්ද	O
,	O
කසකරුවන්ද	O
,	O
බෞද්ධ	O
ධජ	O
,	O
කොඩි	O
,	O
සේසත්	O
,	O
පෙරදිග	O
තුර්ය	O
වාදක	O
,	O
කණ්ඩායම්	O
,	O
හේවිසි	O
වාදන	O
වලින්	O
පෙරහර	O
ඔපවත්	O
විණි	O
.	O
කොළඹ	LOC
ආනන්ද	ORG
විද්‍යාලයීය	ORG
සිංහල	ORG
සාහිත්‍ය	ORG
සංගමය	ORG
මගින්	O
සංවිධානය	O
කරනු	O
ලබන	O
අන්තර්	O
පඨශාලයීය	O
අනඳ	O
පැහැසරණිය	O
2014	O
සාහිත්‍ය	O
හා	O
කලා	O
මහහෝත්සවය	O
ට	O
සමගාමීව	O
පවතුවනු	O
ලබන	O
ගද්‍ය	O
රචනා	O
,	O
පද්‍ය	O
රචනා	O
,	O
කෙටිකතා	O
,	O
චිත්‍ර	O
හා	O
ගී	O
රස	O
වින්දන	O
තරගාවලිය	O
සඳහා	O
නිර්මාණ	O
භාර	O
ආරම්භ	O
කර	O
තිබෙන	O
බව	O
සිංහල	O
සාහිත්‍ය	O
සංගමය	O
දන්වා	O
සීටී	O
.	O
සියලු	O
නිර්මාණ	O
මව	O
,	O
පියා	O
,	O
භාරකරුගේ	O
නම	O
ලිපිනය	O
,	O
දුරකතන	O
අංක	O
සහිතව	O
,	O
පාසලේ	O
විදුහල්පති‍ගේ	O
නිර්දේශ	O
හෝ	O
අංශ	O
භාර	O
ප්‍රධානිගේ	O
නිර්දේශ	O
සහිතව	O
2014	O
ජුනි	O
මස	O
04	O
වැනි	O
දිනට	O
ප්‍රථම	O
අංශ	O
භාර	O
ආචාර්ය	O
,	O
සිංහල	O
සාහිත්‍ය	O
සංගමය	O
,	O
ආනන්ද	ORG
විද්‍යාලය	ORG
,	O
කොළඹ	LOC
10	LOC
යන	O
ලිපිනයට	O
එවිය	O
යුතය	O
.	O
චිත්‍ර	O
නිර්මාණ	O
සඳහා	O
‍කොලාජ්	O
හැර	O
ඕනෑම	O
මාධ්‍යක්	O
භාවිත	O
කළ	O
හැකි	O
අතර	O
14	O
18	O
ප්‍රමාණයෙන්	O
ඉදිරිපත්	O
කළ	O
යුතුය	O
.	O
ගී	O
රස	O
වින්දන	O
හා	O
‍‍කෙටි	O
කතා	O
නිර්මාණ	O
සඳහා	O
නිශ්චිත	O
වචන	O
සීමා	O
‍නොමැත	O
.	O
ගද්‍ය	O
රචනා	O
ජ්‍යෙෂ්ඨ	O
සඳහා	O
වචන	O
500	O
‍නොඉක්මවිය	O
යුතු	O
අතර	O
ජනකවියෙන්	O
නිරූපිත	O
ගෘංගාර	O
රසය	O
,	O
බුද්ධ	O
ප්‍රතිමා	O
කලාවෙන්	O
නිරූපිත	O
සමාහිත	O
චින්තනය	O
,	O
ලෝ	O
ප්‍රකට	O
වීර	O
කාව්‍ය	O
සහාහිත්‍ය	O
මාතෘකා	O
භාවිත	O
කළ	O
යුතුය	O
.	O
පද්‍ය	O
රචනා	O
අභීමත	O
මාතෘකාවක්	O
භාවිත	O
කළ	O
හැකි	O
අතර	O
අභිමත	O
ප්‍රස්තූත	O
යටතේ	O
ජ්‍යෙෂ්ඨ	O
අංශයට	O
සහභාගී	O
විය	O
හැකිය	O
.	O
(ජ්‍යෙෂ්ඨ	O
අංශය	O
12-13)	O
ගී	O
රස	O
වින්දන	O
ජ්‍යෙෂ්ඨ	O
අංශය	O
සඳහා	O
‍බෝධි‍යෙන්	O
වට	O
බෝපත්	O
සේ	O
(පණ්ඩිත්	O
අමරදේව)	PER
සුදු	O
නෙළුම	O
කෝ-	O
සොරබොර	O
වැවේ	O
(පණ්ඩිත්	O
අමරදේව)	PER
,	O
යමුනා	O
ගංතෙර	O
තමළු	O
ලතා	O
හෙවණේ	O
.	O
(විශාරද	O
නන්දා	PER
මාලනී)	PER
ගීත	O
භාවිත	O
කළ	O
හැකිය	O
.	O
චිත්‍ර	O
තරගය	O
ජ්‍යෙෂ්ඨ	O
අංශය	O
ඔරැවකින්	O
දනට	O
වඩින	O
හිමිවරු	O
,	O
සුර	O
අසුර	O
යුද්ධය	O
,	O
විදෙන	O
ලෙළෙන	O
නරුබර	O
පුළුලුකුළැ	O
රුඳී	O
හෙළන	O
නඟන	O
අත	O
නුවනග	O
බැලුම්	O
දිදී	O
.	O
සියලුම	O
තරග	O
ප්‍රවීණ	O
විනිශ්චය	O
මණ්ඩලයක්	O
විසින්	O
තෝරාගනු	O
ලබන	O
අතර	O
පදක්කම්	O
,	O
සහතිකපත්‍ර	O
හා	O
ත්‍යාග	O
පිරිනැමීමට	O
කටයුතු	O
යොදා	O
ඇති	O
අතර	O
සමස්ත	O
ශූරතාව	O
දිනාගන්නා	O
පාසලට	O
ජී.	PER
බී.	PER
සේනානායක	PER
අනුස්මරණ	O
ශූරතා	O
පළිහ	O
පිරිනැමේ	O
.	O
පරිසර	O
නියමු	O
වැඩසටහන	O
ශ්‍රී	LOC
ලංකාව	LOC
ස්වභාව	O
සෞන්දර්යයෙන්	O
අනූන	O
දිවයිනකි	O
.	O
රට	O
පුරා	O
සිදුවන	O
ශීඝ්‍ර	O
සංවර්ධනය	O
හමුවේ	O
රටේ	O
සුන්දරත්වය	O
දිනූ	O
පරිසර	O
පද්ධති	O
රුසක්	O
විනාශ	O
වෙමින්	O
පවතී	O
.	O
මේ	O
සඳහා	O
ප්‍රධාන	O
වශයෙන්	O
බලපාන්නේ	O
මිනිස්	O
ක්‍රියාකාරකම්ය	O
.	O
ජීවීන්ගේ	O
ජීවිත	O
රඳා	O
පවතින්නේ	O
පරිසරය	O
සුරක්ෂිත	O
වූ	O
විටය	O
.	O
එහෙයින්	O
සමස්ත	O
පරිසර	O
පද්ධතිය	O
රුක	O
ගැනීම	O
සමාජ	O
වගකීමකි	O
.	O
මිනිසුන්	O
පරිසරයට	O
සිදු	O
කරන	O
හානි	O
අවම	O
කිරීම	O
සඳහා	O
රජය	O
මගින්	O
විධිවිධාන	O
පනවා	O
තිබේ	O
.	O
මෙහිදී	O
පරිසරය	O
ආරක්ෂා	O
කිරීම	O
,	O
කළමනාකරණය	O
කිරීම	O
,	O
සංවර්ධන	O
සැලසුම්	O
ක්‍රියාත්මක	O
කිරීම	O
යන	O
කරැණු	O
සඳහා	O
නීතිමය	O
අණපනත්	O
හඳුන්වා	O
දී	O
ඇත	O
.	O
මෙම	O
අණපනත්	O
ක්‍රියාවට	O
නැංවීමෙන්	O
පරිසරය	O
ආරක්ෂා	O
කර	O
ගැනීමට	O
විශාල	O
මෙහෙයක්	O
සිදුවේ	O
.	O
පරිසර	O
පනත්	O
පරිසරයට	O
සිදුවන	O
නොයෙක්	O
හානි	O
අවම	O
කිරීම	O
උදෙසා	O
පරිසර	O
පනත්	O
ක්‍රියාවට	O
නැංවේ	O
.	O
පනතේ	O
අදාළ	O
කරැණුවලට	O
පටහැනිව	O
ක්‍රියාකරන	O
අයට	O
හෝ	O
ආයතනවලට	O
පනතේ	O
විධිවිධාන	O
යටතේ	O
දඬුවම්	O
පැමිණවිය	O
හැකිය	O
.	O
තවද	O
පරිසර	O
ආරක්ෂාව	O
වෙනුවෙන්	O
නොයෙකුත්	O
අනුමැතීන්	O
හා	O
බලපත්‍ර	O
ලබා	O
දීම	O
මධ්‍යම	ORG
පරිසර	ORG
අධිකාරිය	ORG
මගින්	O
සිදු	O
කරයි	O
.	O
එක්	O
එක්	O
කාල	O
වකවානුවලදී	O
නව	O
නීතිවලට	O
ගැළපෙන	O
පරිදි	O
මෙම	O
පනත්	O
සංශෝධනයට	O
ලක්	O
කර	O
තිබේ	O
.	O
වෙරළ	O
සංරක්ෂණ	O
පනත	O
(1988	O
අංක	O
56	O
දරණ	O
පනතින්	O
හා	O
වරින්	O
වර	O
අවස්ථා	O
කිහිපයක	O
දී	O
සංශෝධනයට	O
ලක්	O
වූ	O
1981	O
අංක	O
57	O
දරණ	O
පනත)	O
වෙරළ	O
රුක	O
ගැනීමට	O
අවශ්‍ය	O
වැදගත්	O
නීති	O
ප්‍රතිපාදනය	O
වන්නේ	O
වෙරළ	O
සංරක්ෂණ	O
පනත	O
මගිනි	O
.	O
රටේ	O
සංවර්ධන	O
ක්ෂේත්‍රය	O
වර්ධනය	O
වනවාත්	O
සමග	O
වෙරළ	O
පද්ධතිය	O
ශීඝ්‍රයෙන්	O
දූෂණය	O
වේ	O
.	O
මෙහිදී	O
වෙරළේ	O
ආරක්ෂාව	O
සම්බන්ධව	O
දැඩි	O
අවධානයක්	O
යොමු	O
කිරීම	O
අත්‍යවශය	O
.	O
සංචාරක	O
හෝටල්	O
සේවය	O
නංවාලීමේ	O
දී	O
වෙරළ	O
පිළිබඳ	O
දැඩි	O
අවධානයක්	O
ලක්	O
කෙරෙයි	O
.	O
වරාය	O
හා	O
ධීවර	O
වරායන්	O
ඉදිවීමත්	O
සමගම	O
පරිසරයට	O
හානිකර	O
නොයෙකුත්	O
ද්‍රව්‍යයන්ගෙන්	O
හා	O
ඉන්ධන	O
වර්ග	O
වලින්	O
වෙරළ 	O
තීරයට	O
හානි	O
සිදුවේ	O
.	O
මේ	O
පිළිබඳව	O
සොයා	O
බලා	O
කටයුතු	O
කිරීම	O
මෙම	O
පනතින්	O
සිදුවේ	O
.	O
වෙරළ	O
සංරක්ෂණ	O
පනත	O
යටතේ	O
ක්‍රීයාත්තමක	O
වන	O
වෙරළ	ORG
සංරක්ෂණ	ORG
අධිකාරිය	ORG
රටේ	O
ආරක්ෂක	ORG
අමාත්‍යාංශයේ	ORG
විෂය	O
පථය	O
යටතට	O
ගෙන	O
තිබේ	O
.	O
මේ	O
යටතේ	O
අනවසර	O
ඉදිකිරීම්	O
කඩා	O
ඉවත්	O
කෙරේ	O
.	O
නීතියෙන්	O
අවසරයලත්	O
සීමා	O
හා	O
කොන්දේසි	O
වලින්	O
ඔබ්බට	O
ගොස්	O
සිදු	O
කරන	O
ඉදිකිරීම්	O
හා	O
ව්‍යාපෘතීන්	O
ද	O
අවධානයට	O
ලක්	O
කෙරෙයි	O
.	O
ධීවර	O
හා	O
ජලජ	O
සම්පත්	O
පනත	O
(වර්ෂ	O
2006	O
අංක	O
22	O
,	O
2004	O
අංක	O
4	O
හා	O
2000	O
අංක	O
4	O
පනත්	O
වලින්	O
සංශෝධනය	O
වූ	O
1996	O
අංක	O
02	O
දරණ	O
පනත)	O
මෙම	O
පනතින්	O
ධීවර	O
හා	O
ජලජ	O
සම්පත්	O
සම්බන්ධයෙන්	O
බලපැවැත්විය	O
යුතු	O
නීතිමය	O
ප්‍රතිපාදන	O
සිදු	O
කෙරෙයි	O
.	O
මෙහි	O
ඇතුළත්	O
සියලු	O
නීති	O
පරිසරය	O
ආරක්ෂා	O
වන	O
ආකාරයෙන්	O
සකසා	O
ඇත	O
.	O
විශේෂයෙන්	O
වෙරළ	O
තීර	O
කෙරෙහි	O
ද	O
,	O
රටේ	O
අභ්‍යන්තරයේ	O
ඇති	O
මිරිදිය	O
ධීවර	O
කර්මාන්තය	O
සම්බන්ධයෙන්	O
ද	O
අවධානය	O
යොමු	O
කර	O
තිබේ	O
.	O
මෙම	O
පනතින්	O
රීතින්	O
පනවා	O
පරිසරය	O
ආරක්ෂා	O
කිරීමට	O
කටයුතු	O
සලසා	O
ඇත	O
.	O
මුහුදු	O
ජලය	O
අපවිත්‍ර	O
වීම	O
වැළැක්වීමේ	O
පනත	O
(1981	O
අංක	O
59	O
දරණ	O
පනත)	O
මෙම	O
පනත්	O
මූලික	O
අරමුණ	O
වී	O
ඇත්තේ	O
රට	O
තුළ	O
ඇති	O
ජලය	O
අපවිත්‍ර	O
වීම	O
වළක්වා	O
ගැනීමය	O
.	O
විශේෂයෙන්ම	O
මුහුදු	O
ජලය	O
අපවිත්‍ර	O
වීම	O
වළක්වාලීමට	O
හා	O
මුහුදු	O
ජලය	O
හා	O
ඒ	O
ආශි‍්‍රත	O
වන	O
අපවිත්‍රවීම්	O
හා	O
ජලය	O
දූෂණය	O
වීම	O
වැළැක්වීමේ	O
ජාත්‍යන්තර	O
සම්මුතිය	O
මෙරට	O
ක්‍රීයාත්මක	O
කිරීම	O
මෙම	O
පනතේ	O
මූලික	O
අරමුණය	O
.	O
මෙමගින්	O
ජලය	O
ආශි‍්‍රත	O
පරිසරය	O
ආරක්ෂා	O
කිරීම	O
සඳහා	O
ප්‍රතිපත්ති	O
සකස්	O
කොට	O
ඇත	O
.	O
තුරුලතාවන්ට	O
හා	O
වන	O
සත්ව	O
ආරක්ෂාවට	O
සම්බන්ධ	O
පනත	O
(1993	O
අංක	O
49	O
හා	O
1970	O
අංක	O
01	O
දරණ	O
පනත්වලින්	O
සංශෝධිත	O
1964	O
අංක	O
44	O
දරණ	O
පනත)	O
මෙම	O
පනත	O
සංශෝධනය	O
වී	O
ඇත්තේ	O
රට	O
තුළ	O
තුරැලතා	O
හා	O
වන	O
සතුන්	O
ආරක්ෂා	O
කිරීම	O
පිණිසය	O
.	O
දිනෙන්	O
දින	O
ඉහළ	O
යන	O
මිනිස්	O
ක්‍රීයාකාරකම්	O
හා	O
සාමාජීය	O
සංවර්ධනය	O
සමග	O
වනාන්තර	O
පද්ධතිය	O
දැඩි	O
තර්ජනයකට	O
මුහුණ	O
පා	O
තිබේ	O
.	O
මිනිසාගේ	O
ආහාර	O
අවශ්‍යතා	O
හා	O
විවිධ	O
හේතූන්	O
නිසා	O
වන	O
සත්තු	O
ද	O
විශාල	O
තර්ජනයකට	O
මුහුණ	O
පා	O
සිටිති	O
.	O
තුරැලතා	O
හා	O
වන	O
සතුන්	O
පරිසරයේම	O
කොටසකි	O
.	O
එහෙයින්	O
ඒවායේ	O
විනාශය	O
වැළැක්වීමට	O
අවශ්‍ය	O
ප්‍රතිපාදන	O
සැකසීම	O
මෙම	O
පනත	O
මගින්	O
සිදු	O
කෙරෙයි	O
.	O
කැලෑ	O
ආඥා	O
පනත	O
(1995	O
අංක	O
23	O
,	O
1998	O
අංක	O
84	O
හා	O
1982	O
අංක	O
13	O
පනත්වලින්	O
සංශෝධිත	O
1907	O
අංක	O
16	O
දරණ	O
පනත)	O
මෙය	O
ඉතා	O
පැරණි	O
පනතකි	O
.	O
මිනිස්	O
ක්‍රීයාකාරකම්	O
හමුවේ	O
වනාන්තර	O
ආරක්ෂා	O
කිරීම	O
සඳහා	O
කලින්	O
කලට	O
මෙම	O
පනතෙහි	O
සංශෝධන	O
සිදු	O
කර	O
නීතිමය	O
ප්‍රතිපාදන	O
සකස්	O
කර	O
ඇත	O
.	O
විශේෂයෙන්ම	O
වනාන්තර	O
විනාශ	O
කරන්නන්ගේ	O
තරාතිරම	O
හා	O
අවශ්‍යතාව	O
පිළිබඳව	O
නොසලකා	O
දඬුවම්	O
දීමට	O
හැකි	O
ආඥා	O
පනතක්	O
ලෙස	O
මෙය	O
හැඳින්වෙයි	O
.	O
මෙම	O
පනතේ	O
මූලික	O
අරමුණ	O
වී	O
ඇත්තේ	O
ද	O
පරිසරය	O
ආරක්ෂා	O
කර	O
ගැනීමය	O
.	O
පැළෑටි	O
ආරක්ෂා	O
කිරීමේ	O
පනත	O
(1999	O
අංක	O
16	O
දරණ	O
පනත)	O
මෙම	O
පනතින්	O
සිදුවන්නේ	O
ශ්‍රී	LOC
ලංකාව	LOC
තුළ	O
සිදු	O
කරන	O
බෝග	O
වගාවන්ට	O
හානි	O
කරන්නා	O
වූ	O
කුමන	O
අන්දමේ	O
ජීව	O
ශාක	O
කොටස්	O
වර්ග	O
වුවද	O
රට	O
තුළ	O
පැතිර	O
යාම	O
වැළැක්වීම	O
හා	O
වගාබිම්	O
විනාශ	O
මුඛයට	O
ඇද	O
දමන	O
ශාක	O
වර්ගවලින්	O
මෙරට	O
බෝග	O
වගා	O
ආරක්ෂා	O
කර	O
ගැනීමය	O
.	O
රට	O
තුළට	O
ගෙන	O
එන	O
විදේශීය	O
ශාක	O
වර්ග	O
හා	O
බීජ	O
වර්ග	O
හේතුවෙන්	O
විවිධාකාර	O
අහිතකර	O
බලපෑම්	O
සිදුවෙයි	O
.	O
එමගින්	O
සමස්ත	O
පරිසරයට	O
එල්ල	O
වන්නේ	O
දැඩි	O
තර්ජනයකි	O
.	O
මෙම	O
පනතින්	O
රට	O
තුළ	O
ඇති	O
බෝග	O
වගාව	O
ආරක්ෂා	O
කර	O
ගැනීමට	O
ප්‍රතිපාදන	O
සකසා	O
ඇති	O
අතර	O
එම	O
ප්‍රතිපාදනවලට	O
එරෙහි	O
වන්නන්	O
හට	O
දඬුවම්	O
ලබා	O
දීමේ	O
ක්‍රමවේදයක්	O
ද	O
සකසා	O
තිබේ	O
.	O
ගස්	O
පෙරලීම	O
පාලනය	O
කිරිමේ	O
පනත	O
(වර්ෂ	O
2000	O
අංක	O
1	O
දරණ	O
සංශෝධිත	O
පනතින්	O
සංශෝධනය	O
වූ	O
1951	O
අංක	O
9	O
දරණ	O
පනත)	O
කැලෑ	O
ආඥා	O
පනත	O
තිබිය	O
දීම	O
මෙම	O
පනත	O
ගෙන	O
ඒමේ	O
මූලික	O
අරමුණ	O
වී	O
ඇත්තේ	O
ද	O
වන	O
සම්පත	O
ආරක්ෂා	O
කිරීමයි	O
.	O
මෙහිදී	O
තව	O
දුරටත්	O
වෘක්ෂලතා	O
ආරක්ෂා	O
කර	O
ගැනීමට	O
සඳහා	O
ප්‍රතිපාදන	O
සකසා	O
ඇත	O
.	O
මීට	O
විරැද්ධව	O
කටයුතු	O
කරන්නන්	O
හට	O
දඬුවම්	O
පැමිණවීමේ	O
ක්‍රීයාපටිපාටිය	O
හොඳින්	O
ආවරණය	O
කර	O
ඇත	O
.	O
පස	O
ආරක්ෂා	O
කිරීමේ	O
පනත	O
(වර්ෂ	O
1996	O
අංක	O
24	O
දරණ	O
හා	O
1953	O
අංක	O
29	O
දරණ	O
පනත්වලින්	O
සංශෝධිත	O
1951	O
අංක	O
25	O
දරණ	O
පනත)	O
මෙම	O
පනත	O
ඇති	O
කිරීමේ	O
ප්‍රධාන	O
අරමුණු	O
වන්නේ	O
පස	O
ඛාදනය	O
වීම	O
වැළැක්වීම	O
හා	O
එය	O
අවම	O
කර	O
ගැනීමට	O
කටයුතු	O
කිරීම	O
යි	O
.	O
මිනිස්	O
ක්‍රීයාකාරකම්	O
නිසා	O
පසට	O
ඇතිවන	O
ඕනෑම	O
බලපෑමක්	O
තවත්වාලීම	O
හා	O
එසේ	O
කරන	O
පුද්ගලයන්	O
හට	O
දඬුවම්	O
ලබාදීමට	O
මෙමගින්	O
හැකියාව	O
ලැබේ	O
.	O
පුරා	O
වස්තු	O
පනත	O
(1998	O
අංක	O
24	O
පනතින්	O
සංශෝධනය	O
කරන	O
ලද	O
1940	O
අංක	O
9	O
දරණ	O
පනත)	O
පුරාවස්තු	O
සංරක්ෂණය	O
කොට	O
ආරක්ෂා	O
කරගැනීම	O
උදෙසා	O
මෙම	O
පනත	O
මගින්	O
ප්‍රතිපාදන	O
සකසා	O
ඇත	O
.	O
විශේෂයෙන්ම	O
1998	O
සංශෝධන	O
පනත	O
ගෙන	O
ඒමත්	O
සමගම	O
නීති	O
ක්ෂේත්‍රය	O
කැලඹීමකට	O
ලක්විය	O
.	O
මන්ද	O
මෙම	O
පනතේ	O
විධිවිධාන	O
කඩකරන	O
පුද්ගලයන්ට	O
දැඩි	O
දඬුවම්	O
ලැබෙන	O
ආකාරය	O
දක්වා	O
ඇත	O
.	O
පරිසරය	O
විනාශ	O
මුඛයට	O
ඇඳ	O
දමමින්	O
පුරා	O
වස්තුවලට	O
හානි	O
පමුණුවන	O
කවරකුට	O
වුවද	O
දැඩි	O
දඬුවම්	O
හා	O
දඩ	O
නියම	O
කිරීම	O
මෙමගින්	O
සිදු	O
කෙරෙයි	O
.	O
කර්මාන්තශාලා	O
ආඥා	O
පනත	O
(1976	O
අංක	O
12	O
,	O
1971	O
අංක	O
29	O
,	O
1965	O
අංක	O
17	O
,	O
1961	O
අංක	O
54	O
,	O
1946	O
අංක	O
22	O
පනත්	O
මගින්	O
සංශෝධිත	O
1942	O
අංක	O
45	O
දරණ	O
පනත)	O
මෙම	O
පනත	O
මගින්	O
කර්මාන්ත	O
ශාලා	O
ආරම්භ	O
කිරීම	O
සඳහා	O
අවශ්‍ය	O
බලපත්‍ර	O
නිකුත්	O
කිරීමට	O
අදාළ	O
ප්‍රතිපාදන	O
සකස්	O
කෙරෙයි	O
.	O
පරිසරයට	O
හානි	O
නොවන	O
පරිදි	O
ඒවා	O
හැඩගස්වා	O
ගැනීමට	O
අවසර	O
ලබා	O
දීමට	O
අවශ්‍ය	O
නීති	O
සමුදායක්	O
හඳුන්වා	O
දී	O
තිබේ	O
.	O
කාර්මිකරණයට	O
ලක්වන	O
ලෝකයක්	O
තුළ	O
පරිසරය	O
සුරුකීමට	O
අවශ්‍ය	O
නීතිතමය	O
ප්‍රතිපාදන	O
සකස්	O
කිරීම	O
මෙයින්	O
සිදුවේ	O
.	O
නාගරික	O
සංවර්ධන	O
අධිකාරි	O
පනත	O
(1978	O
අංක	O
41	O
දරණ	O
හා	O
1979	O
අංක	O
70	O
පනතින්	O
සංශෝධිත)	O
නාගරික	ORG
සංවර්ධන	ORG
අධිකාරිය	ORG
මගින්	O
හඳුන්වාදෙන	O
සැලසුම්	O
දිරිගැන්වීම	O
ද	O
ආර්ථික	O
,	O
සමාජීය	O
හා	O
භෞතිකමය	O
සංවර්ධනය	O
ඇති	O
කිරීමට	O
මෙම	O
පනත	O
සම්මත	O
කොට	O
ගෙන	O
ඇත	O
.	O
ඒ	O
අනුව	O
අනවසර	O
ඉදිකිරීම්	O
හා	O
පාරිසරික	O
හානිකර	O
තත්ත්ව	O
මගින්	O
වන	O
සැලසුම්	O
ප්‍රතික්ෂේප	O
කිරීමටත්	O
,	O
පනත	O
උල්ලංඝනය	O
කරමින්	O
ක්‍රියා	O
කරන්නන්	O
හට	O
විරැද්ධව	O
නීතිමය	O
පියවර	O
ගැනීමට	O
අධිකරණයට	O
යොමු	O
වීමේ	O
බලය	O
පළාත්	O
පාලන	O
ආයතන	O
වෙත	O
පවරා	O
තිබීම	O
වැදගත්	O
කරැණකි	O
.	O
නාගරික	O
සංවර්ධන	O
ආඥා	O
පනත	O
(1979	O
අංක	O
57	O
දක්වා	O
වරින්	O
වර	O
35	O
වරක්	O
සංශෝධනයට	O
ලක්	O
වූ	O
1939	O
අංක	O
61	O
දරණ	O
පනත)	O
මෙම	O
පනතේ	O
අරමුණ	O
ශ්‍රී	LOC
ලංකාව	LOC
තුළ	O
පළාත්	O
පාලන	O
ආයතන	O
පිහිටුවිමය	O
.	O
ඒ	O
අනුව	O
ප්‍රාදේශීය	O
වශයෙන්	O
ඇතිවන	O
සංවර්ධනයක	O
දී	O
මහජනතාව	O
වෙනුවෙන්	O
සෞඛ්‍යමය	O
හා	O
පාරිසරික	O
සංවර්ධනයට	O
මෙමගින්	O
ප්‍රතිපාදන	O
සලසා	O
ඇත	O
.	O
නගර	O
සභා	O
ආඥා	O
පනත	O
(1947	O
අංක	O
29	O
දරණ	O
පනත)	O
මෙම	O
ආඥා	O
පනතේ	O
ප්‍රතිපාදන	O
නාගරික	O
පළාත්	O
මත	O
විහිදී	O
ඒ	O
අනුව	O
ජනතාවගේ	O
අවශ්‍යතා	O
පරිදි	O
සමාජමය	O
,	O
සෞඛ්‍යමය	O
හා	O
පාරිසරික	O
සංවර්ධනය	O
සිදුකිරිම	O
අරමුණු	O
කොට	O
ගෙන	O
ක්‍රියාත්මක	O
කෙරෙයි	O
.	O
132	O
පනතේ	O
සිට	O
විහිදී	O
ඇති	O
වගන්ති	O
ගණනාවකින්	O
පරිසරය	O
ආරක්ෂා	O
කිරීම	O
හා	O
ජනතා	O
සෞඛ්‍යමය	O
වර්ධනය	O
කිරීම	O
සඳහා	O
වැදගත්	O
ඇතිපාදන	O
සකසා	O
ඇත	O
.	O
මෙම	O
ප්‍රතිපාදන	O
එකිනෙකට	O
බැඳී	O
පවතින	O
ප්‍රතිපාදන	O
සමග	O
එක්වී	O
පරිසරයේ	O
ආරක්ෂාවට	O
විශාල	O
දායකත්වයක්	O
ලබාදෙයි	O
.	O
ප්‍රාදේශීය	O
සභා	O
පනත	O
(සංශෝධනය	O
වී	O
ඇත	O
1987	O
අංක	O
15	O
දරණ)	O
මෙම	O
පතන	O
මගින්	O
එක්	O
එක්	O
ප්‍රදේශයට	O
අයත්	O
පරිසර	O
තීන්දු	O
තීරණ	O
ගැනීමට	O
ප්‍රදේශීය	O
සභා	O
පිහිටුවා	O
ඇත	O
.	O
මෙහිදී	O
සෞඛ්‍යමය	O
වශයෙන්	O
හා	O
පාරිසරික	O
වශයෙන්	O
හිතකාමී	O
ලෙස	O
ප්‍රාදේශීය	O
සංවර්ධන	O
කටයුතු	O
කළ	O
යුතුය	O
.	O
දැනට	O
පවතින	O
මධ්‍යම	ORG
පරිසර	ORG
අධිකාරිය	ORG
හා	O
ප්‍රාදේශීය	O
සභා	O
අතර	O
පරිසර	O
සුරුකීමට	O
ගන්නා	O
වූ	O
තීන්දු	O
තීරණ	O
විශාල	O
ප්‍රමාණයක්	O
ඇත	O
.	O
ඒ	O
අනුව	O
පළාත්	O
පාලන	O
කටයුතුවලින්	O
පරිසර	O
ආරක්ෂාවට	O
ඇති	O
ප්‍රතිපාදන	O
බොහෝ	O
ඇත	O
.	O
ජාතික	O
උරැමයන්	O
හා	O
ප්‍රාදේශීය	O
පිළිබඳ	O
පනත	O
(988	O
අංක	O
03	O
දරණ	O
පනත)	O
මෙම	O
පනත	O
මගින්	O
ශ්‍රී	LOC
ලංකාව	LOC
තුළ	O
ජාතික	O
උරැමයන්	O
ප්‍රකාශයට	O
පත්	O
කිරීම	O
මූලිකවම	O
සිදු	O
කරයි	O
.	O
ජාතික	O
ප්‍රදේශ	O
ප්‍රකාශයට	O
පත්	O
කිරීම	O
නිසා	O
ඒවා	O
සංරක්ෂණය	O
හා	O
ආරක්ෂාව	O
සිදුකිරීම	O
ඇරඹුණි	O
.	O
සංවර්ධන	O
ව්‍යාපෘති	O
ආරම්භ	O
කළ	O
ද	O
ඒවාට	O
අවසරය	O
ලබාදීම	O
පනතේ	O
සීමාව	O
තුළ	O
සිදු	O
නොවේ	O
.	O
මෙම	O
පනත	O
පාරිසරික	O
ආරක්ෂාවට	O
හා	O
සංරක්ෂණයට	O
ඇති	O
තවත්	O
ව්‍යාපෘතියකි	O
.	O
පොලිස්	O
ආඥා	O
පනත	O
(වරින්	O
වර	O
සංශෝධනය	O
වූ	O
1865	O
අංක	O
16	O
දරණ	O
පනත)	O
ඉතා	O
පැරණි	O
ආඥා	O
පනතකිග	O
වර්තමානයේ	O
දී	O
පොලිස්	O
ස්ථාන	O
තුළ	O
පරිසර‘‘	O
පොලිස්	O
අංශය	O
නමින්	O
විශේෂ	O
අංශයක්	O
පිහිටුවා	O
ඇත	O
.	O
එමගින්	O
පරිසර	O
සංරක්ෂණය	O
සඳහා	O
කටයුතු	O
යොදා	O
ඇත	O
.	O
මහජනතාව	O
විසින්	O
පරිසරයට	O
සිදු	O
කරන	O
අහිතකර	O
ක්‍රියා	O
පාලනය	O
කිරීම	O
හා	O
ක්‍රියාවේ	O
යෙදවිය	O
හැකි	O
නීතිමය	O
ප්‍රතිපාදන	O
ක්‍රියාත්මක	O
කිරීම	O
පොලිස්	O
ස්ථාන	O
මගින්	O
සිදු	O
කරයි	O
.	O
මෙහිදී	O
පරිසරය	O
රුකීමේ	O
ක්‍රියාවලියට	O
ද	O
උපදෙස්	O
නියෝග	O
ලබා	O
දී	O
ඇත	O
.	O
එම	O
නියෝග	O
ක්‍රියාත්මක	O
කළ	O
යුතු	O
ආකාරය	O
ගැන	O
ද	O
එහි	O
ඇතුළත්	O
වේ	O
.	O
පරිසර	O
පොලිස්	O
අංශය	O
පරිසරයේ	O
ආරක්ෂාවට	O
හා	O
සංරක්ෂණයට	O
විශාල	O
සේවයක්	O
සිදු	O
කරයි	O
.	O
දුම්කොළ	O
හා	O
මධ්‍යසාර	O
සඳහා	O
වූ	O
ජාතික	O
අධිකාරි	O
පනත	O
(2006	O
අංක	O
27	O
දරණ	O
පනත)	O
බලයලත්	O
දුම්කොළ	O
හා	O
මධ්‍යසාර	O
නිෂ්පාදන	O
මගින්	O
පරිසර	O
බලපෑම	O
ඇති	O
වුවද	O
බලය	O
නොලත්	O
දුම්කොළ	O
හා	O
මධ්‍යසාර	O
නිෂ්පාදනය	O
මගින්	O
පරිසරයට	O
විශාල	O
හානි	O
ගෙන	O
දේ	O
.	O
එය	O
ජනතා	O
සෞඛ්‍යට	O
ද	O
ඉතා	O
අහිතකරය	O
.	O
මෙම	O
පනතින්	O
ළමුන්	O
දුම්කොළ	O
භාවිතයෙන්	O
හා	O
මධ්‍යසාර	O
භාවිතයෙන්	O
ළමයින්	O
ආරක්ෂා	O
කොට	O
ඒ	O
සඳහා	O
ළමුන්	O
දිරි	O
නොගැන්වීමට	O
ප්‍රතිපාදන	O
සපයා	O
ඇත	O
.	O
ශ්‍රී	LOC
ලංකාවේ	LOC
මානව	O
හිමිකම්	O
කොමිසම්	O
සභා	O
පනත	O
(1996	O
වර්ෂයේ	O
අංක	O
21	O
දරණ	O
පනත)	O
මෙම	O
කොමිෂන්	O
සභාව	O
මගින්	O
මානව	O
හිමිකම්	O
පිළිබඳ	O
සියලුම	O
පැමිණිලි	O
විමර්ශනයට	O
ලක්	O
කෙරෙයි	O
.	O
පරිසරය	O
සම්බන්ධ	O
කටයුතු	O
සඳහා	O
මානව	ORG
හිමිකම්	ORG
කොමිසමට	ORG
පැමිණිලි	O
කිරීමට	O
හැකියාව	O
ඇත	O
.	O
පරිසර	O
සංවිධාන	O
සඳහා	O
පැමිණිලි	O
ඉදිරිපත්	O
කිරීමට	O
හැකිවන	O
ලෙස	O
නීතිමය	O
පියවර	O
ගැනීමට	O
මෙම	O
පනත	O
මගින්	O
බලය	O
ප්‍රතිපාදන	O
සකසා	O
ඇත	O
.	O
වෙළෙඳ	O
නැව්	O
පනත	O
(1971	O
අංක	O
52	O
දරණ	O
පනත)	O
නැවක්	O
අත්අඩංගුවට	O
ගැනීමෙන්	O
පසු	O
එකී	O
නැවේ	O
ක්‍රියාකාරිත්වය	O
පවත්වාගෙන	O
යාම	O
නැව	O
සම්බන්ධව	O
ආරක්ෂාවල	O
හා	O
නැවක	O
පවතින	O
යථා	O
තත්ත්වය	O
එනම්	O
එකී	O
නැව	O
මගින්	O
මුහුදට	O
අපද්‍රව්‍ය	O
මුදා	O
හැරීමක්	O
සිදුවේ	O
දැයි	O
සොයා	O
බලා	O
ඒ	O
සම්බන්ධ	O
වාර්තා	O
ගොනු	O
කර	O
මහාධිකරණය	O
වෙතින්	O
තීරණ	O
ලබා	O
ගැනීම	O
මෙම	O
පනතේ	O
ප්‍රතිපාදන	O
වලට	O
අයත්වේ	O
.	O
නැව්	O
පරිසරයට	O
සිදුවන	O
මගින්	O
දැඩි	O
පාරිසරික	O
හානි	O
අවම	O
කිරීම	O
සහ	O
ඒ	O
පිළිබඳ	O
සොයා	O
බැලීම	O
මෙම	O
පනත	O
වලින්	O
සිදු	O
කෙරෙයි	O
.	O
ශතවර්ශ	O
එක්දහස්	O
දෙසිය	O
හැටහයේ	O
(1266)	O
රජ	O
පැමිණි	O
හතරවැනි	PER
බුවනෙකබාහු	PER
රජුගේ	O
අනුග්‍රහයෙන්	O
පළමුවැනි	PER
ධර්ම	PER
කීර්ති	PER
හිමියන්ගේ	O
අනුග්‍රහයෙන්	O
සේනාධිලංකාර	PER
නම්	O
ඇමතිවරයා	O
විසින්	O
ඉදිකරන	O
ලද්දකි	O
.	O
ලාංකීය	LOC
ගෘහ	O
නිර්මාණ	O
කලාවේ	O
විශිෂ්ට	O
නිර්මාණයන්	O
ගණයට	O
අයත්	O
මෙම	O
විහාරය	O
ගම්පල	LOC
යුගයට	O
අයත්	O
වුවකි	O
.	O
හින්දු	O
ආගමට	O
හා	O
බෞද්ධාගම	O
ඉතා	O
කිට්ටු	O
සබඳතාවක්	O
පැවති	O
මෙම	O
යුගයක	O
ඉදිකරන	O
ලද්දක්	O
බව	O
පුරා	O
විද්‍යාඥයන්	O
පෙන්වා	O
දෙති	O
.	O
හින්දු	O
දේවාලයක්	O
මෙන්	O
කළු	O
ගලින්	O
හා	O
කඩොලින්	O
ඉදිකර	O
ඇත	O
.	O
හැඩහුරුකමින්	O
ලංකාතිලකය	LOC
දකුණු	LOC
ඉන්දියාවේ	LOC
විජයනාග	PER
රජු	O
විසින්	O
ඉදිකළ	O
හින්දු	O
දේවාලයට	O
බොහෝ	O
සේ	O
සමාන	O
බව	O
පිළීගැණේ	O
.	O
මෙම	O
යුගයේ	O
සිංහල	O
රජවරු	O
ඉන්දියාවෙන්	LOC
සරණපවා	O
ගැනීම	O
සිදුවීමද	O
මෙයට	O
බලපා	O
ඇත	O
.	O
විහාරය	O
කාමර	O
දෙකකින්	O
හා	O
පිට	O
මණ්ඩයකින්	O
ඉදිකර	O
ඇත	O
.	O
ඇතුල්	O
කාමරයේ	O
රියන්	O
12ක්	O
පමණ	O
උස	O
ගණ	O
රන්	O
ආලේපිත	O
ඔත්	O
පිළිමයකින්	O
සමන්විතය	O
.	O
ගල්කැටයමින්	O
යුත්	O
ති‍්‍රත්ව	O
ගල්කණුවලින්	O
මණ්ඩපය	O
සමන්විතය	O
.	O
විහාරයට	O
අතුල්වන	O
ස්ථානයෙහි	O
අගනා	O
මකර	O
තොරණකි	O
.	O
උඩු	O
මහලෙහි	O
කැපු	O
ගලින්	O
නිමවු	O
දාගැබ්	O
හැඩරුවින්	O
යුත්	O
ගෙඩිගේ	O
විහාර	O
සම්ප්‍රදායට	O
අයත්	O
ගෘහයකින්	O
සමන්විතය	O
.	O
1412	O
දි	O
කොට්ටේ	LOC
රජ	O
පැමිණ	O
සයවැනි	PER
පැරකුම්බා	PER
රජු	O
මෙම	O
විහාරයට	O
උළු	O
සෙවිළි	O
කළ	O
පියස්සක්	O
ඇතුලත්	O
කර	O
වටදාගයක්ද	O
නිර්මාණය	O
කර	O
ඇත	O
.	O
මෙම	O
විහාරය	O
අඩි	O
40	O
ක්	O
තරම්	O
උසය	O
.	O
ගලින්	O
නිමවු	O
විහාර	O
ගෙවල්	O
හතරක්	O
හා	O
ඇත්	O
රූප	O
අටක්	O
අට	O
පැත්තෙන්	O
නිර්මාණය	O
කර	O
ඇත	O
.	O
මෙම	O
නිර්මාණය	O
කර	O
ඇත්තේ	O
අඩි	O
12ක්	O
පමණ	O
උස්	O
වු	O
අඩිතාලමකය	O
.	O
වල්	O
අලි	O
යනු	O
ජෛව	O
වීවීධත්ව	O
පරීනාමයේ	O
වීශේෂිත	O
නිර්මාණයකි	O
.	O
ස්වභාවික	O
පරිසරයේ	O
ජීවත්වන	O
සතෙකි	O
.	O
ආහාර	O
සොයා	O
දිනකට	O
කිලෝමීටර්	O
25ක්	O
පමණ	O
දුරක්	O
යාමට	O
මෙම	O
සත්වයෝ	O
පෙළඹෙති	O
.	O
