මෙය	O
ඊශ්රායල	LOC
ප්‍රහාරය	O
යුක්ති	O
සහගත	O
බව	O
කියා	O
පෑමක්	O
ලෙස	O
සැලකිය	O
හැකි	O
වුවද	O
,	O
නායකයා	O
ඝාතනය	O
කිරීම	O
නිසා	O
හට	O
ගැනීමට	O
ඉඩ	O
ඇති	O
ප්‍රචණ්ඩ	O
ප්‍රතිචාරය	O
ගැන	O
මනා	O
වැටැහීමක්	O
ද	O
ඇමරිකන්	O
රාජ්‍යතන්ත්‍රයට	O
තිබිණි	O
.	O
මේ	O
ප්‍රහාරය	O
නිසා	O
තමන්	O
දැඩි	O
කනස්සල්ලට	O
පත්	O
ව	O
සිටින	O
බව	O
සිද්ධියෙන්	O
පැය	O
කිහිපයක්	O
ඇතුළත	O
මුල්	O
ඇමරිකන්	LOC
ප්‍රතිචාරය	O
දැක්	O
වූ	O
රාජ්‍ය	O
දෙපාර්තමේන්තුවේ	O
ප්‍රකාශක	O
රිචඩ්	PER
බවුෂර්	PER
කීවේ	O
ය	O
.	O
හමාස්	ORG
නායකයා	O
ඝාතනය	O
කිරීමේ	O
සැලසුම්	O
ගැන	O
තමන්	O
කල්	O
තියා	O
කිසිවක්	O
දැන	O
නොසිටි	O
බව	O
යළි	O
යළිත්	O
කියා	O
පෑමට	O
ඇමරිකන්	LOC
නිලධාරීන්	O
ක්‍රියා	O
කළේ	O
එය	O
"	O
තනිකර	O
ම	O
ඊශ්රායල්	LOC
මෙහෙයුමක්	O
"	O
බව	O
ලොවට	O
ඒත්තු	O
ගැන්වීමේ	O
අරමුණ	O
ඇතිව	O
ය	O
.	O
ඇමරිකන්	LOC
රාජ්‍ය	O
තන්ත්‍රය	O
තුළ	O
ඊශ්රායල්	LOC
හිතවාදිනියක	O
ලෙස	O
ප්‍රකට	O
ජාතික	O
ආරක්ෂක	O
උපදේශිකා	O
කොන්ඩලීසා	PER
රයිස්	PER
කීවේ	O
"	O
අඩියක්	O
ආපස්සට	O
ගෙන	O
,	O
කලාපය	O
තුළ	O
සන්සුන්	O
බව	O
රැක	O
ගැනීමට	O
හැම	O
පාර්ශ්වයක්	O
ම	O
ක්‍රියා	O
කළ	O
යුතු	O
"	O
බව	O
ය	O
.	O
ඇමරිකා	LOC
එක්සත්	LOC
ජනපදය	LOC
,	O
යුරෝපා	ORG
සංගමය	ORG
,	O
රුසියාව	LOC
සහ	O
එක්සත්	ORG
ජාතීන්	ORG
යන	O
චතුර්	O
පාර්ශ්වය	O
විසින්	O
සකස්	O
කරන	O
ලදුව	O
,	O
දැනට	O
ප්‍රචණ්ඩත්වයේ	O
කුණාටුවට	O
හසු	O
වී	O
ඇති	O
සාමයේ	O
මාර්ග	O
සිතියම	O
බේරා	O
ගැනීමේ	O
අවශ්‍යතාව	O
ඉස්මතු	O
කරන	O
අතර	O
ම	O
,	O
පලස්තීන	LOC
ප්‍රචණ්ඩකාරීන්	O
මුලිනුපුටා	O
දැමීම	O
ජගත්	O
ත්‍රස්තවාදයට	O
එරෙහි	O
සිය	O
සටනේ	O
ම	O
කොටසක්	O
වන	O
හෙයින්	O
හමාස්	ORG
නායකත්වය	O
එල්ල	O
කර	O
ගනිමින්	O
ඝාතන	O
සිදු	O
කිරීමට	O
ඊශ්රායල්	ORG
රජය	ORG
ගත්	O
තීරණය	O
සහ	O
එහි	O
තීරණාත්මක	O
මෙහෙයුම	O
වන	O
යාසින්	PER
ඝාතනය	O
යුක්ති	O
සහගත	O
බව	O
ඇඟවීමේ	O
අවශ්‍යතාවක්	O
ද	O
ඇමරිකාවෙන්	LOC
පෙන්නුම්	O
විය	O
.	O
ඇමරිකන්	LOC
රූපවාහිනී	O
සේවා	O
සමඟ	O
පැවැති	O
සාකච්ඡාවල	O
දී	O
ඇයගෙන්	O
පළ	O
වූ	O
නිරීක්ෂණයකින්	O
මේ	O
බව	O
නොසඟවා	O
පැහැදිලි	O
කෙරිණි	O
.	O
"	O
හමාස්	ORG
ත්‍රස්තවාදී	O
සංවිධානයක්	O
බවත්	O
,	O
ෂීක්	PER
යසින්	PER
පෞද්ගලිකව	O
ම	O
ත්‍රස්තවාදී	O
ක්‍රියා	O
සැලසුම්	O
කිරීමේ	O
නිරත	O
ව	O
සිටි	O
බවත්	O
අපි	O
විශ්වාස	O
කරමු	O
"	O
යි	O
ඕ	O
කියා	O
සිටියාය	O
.	O
යාසින්	PER
ඝාතනය	O
මුළු	O
ලොව	O
ම	O
විසින්	O
හෙළා	O
දකිනු	O
ලැබීමේ	O
යථාර්ථය	O
හමුවේ	O
ඊශ්‍රායලය	LOC
දැඩි	O
ජාත්‍යන්තර	O
හුදෙකලාවට	O
පත්වීමේ	O
අවදානම	O
පැවැති	O
අතර	O
,	O
විශේෂයෙන්	O
ම	O
එක්සත්	ORG
ජාතීන්ගේ	ORG
වේදිකාව	O
ඔස්සේ	O
ඊශ්‍රායෙල්	LOC
විරෝධී	O
තදබල	O
මතයක්	O
ගොඩනැගිණි	O
.	O
තමන්ගේ	O
සම්ප්‍රදායික	O
අරාබි	LOC
මිතුරන්	O
වන	O
ඊජිප්තුව	LOC
වැනි	O
රටවල්	O
ද	O
ඊශ්‍රායල්	LOC
ප්‍රහාරය	O
ගැන	O
දක්වන	O
විරෝධය	O
නිසා	O
මෙහි	O
දී	O
ඇමරිකාව	LOC
මුහුණ	O
දුන්නේ	O
අසීරු	O
තත්ත්වයකට	O
ය	O
.	O
එක්සත්	ORG
ජාතීන්ගේ	ORG
ආරක්ෂක	ORG
මණ්ඩලය	ORG
හමුවට	O
මේ	O
ප්‍රශ්නයට	O
අදාළ	O
යෝජනාව	O
ඉදිරිපත්වීමේ	O
ක්‍රියාදාමය	O
ඔස්සේ	O
එකිනෙක	O
වෙනස්	O
ආකල්ප	O
කිහිපයක්	O
දක්නට	O
විය	O
.	O
හමාස්	ORG
නායකයා	O
ඝාතනය	O
කිරීමේ	O
ඊශ්රායල්	LOC
මෙහෙයුම	O
හෙළා	O
දැකීමට	O
මුල්	O
තැන	O
දුන්	O
යෝජනාව	O
සකස්	O
කළේ	O
මංඩලය	O
තුළ	O
එක	O
ම	O
අරාබි	LOC
සාමාජිකයා	O
වන	O
ඇල්ජිරියාවයි	LOC
.	O
ඊශ්රායල්	LOC
සාමාන්‍ය	O
වැසියන්	O
සිය	O
ගණනක්	O
ඝාතනය	O
කළ	O
හමාස්	ORG
සංවිධානය	ORG
නම්	O
වශයෙන්	O
සඳහන්	O
කැර	O
හෙළා	O
නොදකින	O
යෝජනාවක්	O
වෙතොත්	O
එයට	O
එරෙහි	O
ව	O
නිෂේධ	O
බලය	O
පාවිච්චි	O
කරන	O
බවට	O
ඇමරිකාව	LOC
අනතුරු	O
අඟවා	O
තිබිණි	O
.	O
සමතුලනයකින්	O
තොර	O
කිසිම	O
යෝජනාවක්	O
තමනට	O
පිළිගත	O
නො	O
හැකි	O
බව	O
එක්සත්	ORG
ජාතීන්ගේ	ORG
ඇමරිකන්	LOC
තානාපති	O
ජෝන්	PER
නෙග්රොපොන්ටි	PER
කියා	O
සිටියේ	O
ය	O
.	O
එහෙත්	O
,	O
ඇමරිකන්	LOC
ස්ථාවරයට	O
ඉදුරා	O
වෙනස්	O
මතයක්	O
පළ	O
කළ	O
එක්සත්	ORG
ජාතින්ගේ	ORG
පලස්තීන	ORG
විමුක්ති	ORG
සංවිධාන	ORG
නියෝජිත	O
නසාර්	PER
අල්	PER
කිඩ්වා	PER
කීවේ	O
කිසිම	O
කණ්ඩායමක්	O
ගැන	O
නම්	O
වශයෙන්	O
සඳහන්	O
කරන	O
යෝජනාවක්	O
තමන්	O
විසින්	O
ප්‍රතික්ෂේ	O
කැරෙන	O
බව	O
ය	O
.	O
විදෙස්	O
ලිපිය	O
-	O
2	O
ඇමරිකන්	O
නිෂේධ	O
බලය	O
නිසා	O
ඊශ්‍රායල්	LOC
විරෝධි	O
යෝජනාවක්	O
විසිවී	O
යාමේ	O
හැකියාව	O
අරාබි	LOC
රටවල්	O
විසින්	O
මුල	O
සිට	O
ම	O
සලකා	O
බැලුණු	O
අතර	O
,	O
එවැනි	O
තත්ත්වයක්	O
ඇති	O
වුවහොත්	O
ඊශ්‍රායලය	LOC
හෙළා	O
දකින	O
යෝජනාවක්	O
මහා	O
මණ්ඩලය	O
තුළ	O
විශාල	O
බහුතර	O
ඡන්දයකින්	O
සම්මත	O
කර	O
ගැනීමේ	O
අදහස	O
මුල	O
දී	O
තිබිණි	O
.	O
කෙසේ	O
වුවද	O
මහා	O
මණ්ඩලයේ	O
සම්මතයට	O
සදාචාරමය	O
සහ	O
දේශපාලන	O
පදනමක්	O
ඇතත්	O
නීතිමය	O
බැඳීමක්	O
නැත	O
.	O
යාසින්	PER
ඝාතනය	O
උඩ	O
ජගත්	ORG
සංවිධානය	ORG
තුළ	O
ඇරැඹුණු	O
අරාබි	O
-	O
ඇමරිකන්	LOC
කඹ	O
ඇදිල්ලේ	O
මුල්	O
වටය	O
ගිය	O
බ්‍රහස්පතින්දා	O
අවසන්	O
වූයේ	O
ඊශ්‍රායලය	LOC
හෙළා	O
දැකීමේ	O
යෝජනාව	O
ඇමරිකන්	LOC
නිෂේධ	O
බලයෙන්	O
විසි	O
වීමෙනි	O
.	O
ආරක්ෂක	ORG
මණ්ඩලයේ	ORG
රටවල්	O
පහලොව	O
අතුරින්	O
නිත්‍ය	O
සාමාජිකත්වය	O
හිමි	O
පස්	O
දෙනාගෙන්	O
කෙනෙකු	O
වන	O
ඇමරිකාව	LOC
එසේ	O
යෝජනාවට	O
එරෙහි	O
වූ	O
තනි	O
රට	O
බවට	O
පත්	O
වූ	O
අතර	O
,	O
බ්‍රිතාන්‍යය	LOC
,	O
ජර්මනිය	LOC
සහ	O
රුමේනියා	LOC
තෙරට	O
ඡන්දය	O
දීමෙන්	O
වැළැකිණි	O
.	O
චීනය	LOC
,	O
රුසියාව	LOC
,	O
ප්‍රංශය	LOC
,	O
ඇංගෝලියාව	LOC
,	O
චිලී	LOC
,	O
පාකිස්තානය	LOC
,	O
ස්පාඤ්ඤය	LOC
,	O
ඇල්ජිරියාව	LOC
,	O
බෙනින්	LOC
,	O
බ්‍රසීලය	LOC
,	O
පිලිපීනය	LOC
යන	O
රටවල්	O
එකොළස	O
පක්ෂ	O
වූ	O
අතර	O
ඉරාක	LOC
ආක්‍රමණයේ	O
දී	O
ඇමරිකාව	LOC
සමඟ	O
දැඩි	O
ලෙස	O
එකට	O
සිටි	O
ස්පාඤ්ඤය	LOC
,   O
ආරක්ෂක	ORG
මණ්ඩලයේ	ORG
දී	O
ඊශ්‍රායලය	LOC
හෙළා	O
දැකීමට	O
එකතු	O
වීම	O
කැපී	O
පෙනෙන	O
පෙරැළියක්	O
විය	O
.	O
එක්සත්	ORG
ජාතීන්ගේ	ORG
සංවිධානය	ORG
තුළ	O
තමනට	O
එරෙහි	O
ව	O
අරාබි	LOC
ශක්තිය	O
ගොනු	O
කැරෙද්දී	O
රාජ්‍යතාන්ත්‍රික	O
පෙරමුණ	O
ඔස්සේ	O
ක්‍රියාත්මක	O
වූ	O
ඊශ්‍රායලය	LOC
මහ	O
ලේකම්	O
කොෆි	PER
අන්නන්ට	PER
අලුත්	O
ඉල්ලීමක්	O
ඉදිරිපත්	O
කරමින්	O
ත්‍රස්තවාදය	O
හෙළා	O
දැකීම	O
සඳහා	O
එක්සත්	ORG
ජාතීන්ගේ	ORG
විශේෂ	O
සැසියක්	O
කැඳවන	O
ලෙස	O
යෝජනා	O
කෙළේ	O
ය	O
.	O
මේ	O
සඳහා	O
මහ	O
ලේකම්වරයා	O
හමු	O
වූ	O
ඊශ්‍රායෙල්	LOC
විදේශ	O
ඇමැති	O
සල්වාන්	PER
ෂැලෝන්	PER
,	O
සැකයට	O
ලක්	O
වූ	O
හමාස්	ORG
නායක	O
ෂීක්	PER
අහමඩ්	PER
යාසින්	PER
හැඳින්වූයේ	O
මරා	O
ගෙන	O
මැරෙන	O
බෝම්බකරුවන්ගේ	O
පීතෘවරයා	O
ලෙස	O
ය	O
.	O
ත්‍රස්තවාදීන්ගේ	O
මහා	O
න්‍යායධරයා	O
මෙන්ම	O
මාර්ගෝපදේශකයා	O
ලෙස	O
තමනට	O
පෙනෙන	O
යාසින්	PER
,	O
හමාස්	ORG
සංවිධානය	ORG
විසින්	O
ඊශ්‍රායලයට	LOC
එරෙහි	O
ව	O
ඉදිරියට	O
යැවුණු	O
හැම	O
මරා	O
ගෙන	O
මැරෙන	O
බෝම්බකරුවකු	O
ම	O
පිටුපස	O
සිටි	O
රුදුරු	O
බලවේගය	O
බව	O
ඊශ්‍රායලය	LOC
කියා	O
සිටියත්	O
,	O
තවත්	O
ත්‍රස්තවාදීයෙකුගේ	O
අවසානය	O
මිස	O
වෙනත්	O
යමක්	O
යාසින්	PER
ඝාතනය	O
තුළ	O
නැති	O
බව	O
ඇමරිකාව	LOC
විසින්	O
විශ්වාස	O
කැරුණත්	O
ඊශ්‍රායෙල්	LOC
ව්‍යාප්තවාදයට	O
සහ	O
රාජ්‍ය	O
ත්‍රස්තවාදයට	O
එරෙහි	O
ව	O
යුක්තියේ	O
කැරැල්ලකට	O
අධ්‍යාත්මික	O
නායකත්වය	O
සපයන	O
ගුරුවරයෙකු	O
සහ	O
අධ්‍යාත්මක	O
මාර්ගෝපදේශකයකු	O
ලෙස	O
ගාසාවේ	LOC
පලස්තීනුවෝ	O
ඔහු	O
කෙරෙහි	O
මහත්	O
ගෞරවයක්	O
දක්වති	O
.	O
මේ	O
නිසා	O
ම	O
ලොව	O
බොහෝ	O
පලස්තීන	LOC
මිතුරන්	O
අතර	O
ද	O
ඔහුට	O
ඇත්තේ	O
ගරු	O
කටයුතු	O
ප්‍රතිරූපයකි	O
.	O
හමාස්	ORG
සංවිධානය	ORG
ඊශ්‍රායලය	LOC
විනාශ	O
කැර	O
,	O
ඊශ්‍රායලයට	LOC
අයත්	O
භූමි	O
ප්‍රදේශය	O
මෙන්ම	O
ජෝර්දාන්	LOC
ගඟේ	LOC
බටහිර	LOC
ඉවුර	LOC
සහ	O
ගාසා	LOC
තීරුව	LOC
එකතු	O
වූ	O
පලස්තීන	LOC
රාජ්‍යයක්	O
බිහි	O
කිරීම	O
වෙනුවෙන්	O
කැප	O
වී	O
සිටී	O
.	O
කලින්	O
අන්ත	O
ඊශ්‍රායල්	LOC
විරෝධි	O
ස්ථාවරයක	O
සිටි	O
ලිබියාවේ	LOC
ගඩාෆි	PER
වැනි	O
පූර්ව	O
සටන්කාමී	O
අරාබි	LOC
නායකයන්	O
බොහෝ	O
දුර	O
"	O
හීලෑ	O
"	O
වී	O
,	O
ඊශ්‍රායලය	LOC
සමඟ	O
යථාර්ථවාදී	O
පදනමක	O
සබඳතා	O
ඇති	O
කැර	O
ගැනීමට	O
නැඹුරු	O
වී	O
සිටින	O
වත්මන්	O
යුගයේ	O
දී	O
හමාස්වරුන්ගේ	O
මේ	O
දර්ශනය	O
,	O
හුදු	O
මායා	O
විශ්වාසයක්	O
හෝ	O
සිහිනයක්	O
ලෙස	O
පෙනී	O
යා	O
හැකි	O
වුවද	O
,	O
ඒ	O
මතය	O
පිටුපස	O
මරු	O
නොතකන	O
එඩියෙන්	O
සහ	O
පරිත්‍යාගයේ	O
ජීවයෙන්	O
හඹා	O
යන	O
විශාල	O
පිරිසක්	O
පලස්තීනය	LOC
තුළ	O
මෙන්ම	O
ඉන්	O
පිටත	O
ද	O
වෙති	O
.	O
ඊශ්‍රායලය	LOC
විසින්	O
හමාස්	ORG
ත්‍රස්තවාදයේ	O
මහා	O
නායකවරයා	O
ලෙස	O
සැලැකෙතත්	O
,	O
හමාස්වරුන්	O
අතර	O
මධ්‍යස්ථ	O
පිළිවෙතක්	O
ගෙන	O
ගිය	O
තැන්පත්	O
ඉස්ලාමීය	O
නායකයකු	O
ලෙස	O
ද	O
ඔහුට	O
විශාල	O
පිළිගැනීමක්	O
ඇත	O
.	O
මෙවැනි	O
හැඩගැස්මක්	O
යටතේ	O
ඔහු	O
ඝාතනය	O
කිරීම	O
රෝගයට	O
වඩා	O
දරුණු	O
ප්‍රතිකර්මයක්	O
විය	O
හැකි	O
යැයි	O
ද	O
සැලැකේ	O
.	O
ඔහුගෙන්	O
පසු	O
නායකත්වයට	O
ගිය	O
අඟහරුවාදා	O
තෝරා	O
ගැනුණු	O
අබ්දෙල්	PER
අසිස්	PER
රන්තිසි	PER
වඩා	O
දැඩි	O
මතධාරි	O
සටන්	O
කාමියකු	O
ලෙස	O
සැලැකේ	O
.	O
ඊශ්‍රායලුන්	O
සහ	O
පලස්තීනුවන්	O
අතර	O
ප්‍රචණ්ඩත්වයේ	O
"	O
කුණාටු	O
මධ්‍යස්ථානයක්	O
"	O
ලෙස	O
කලෙක	O
සිට	O
ලෙයින්	O
කැකෑරෙන	O
ගාසාව	LOC
,   O
මධ්‍යධරණීය	LOC
සහ	O
ඊජිප්තුව	LOC
ඇසුරෙහි	O
පැරැණි	O
පලස්තීන	LOC
භූමිය	O
මත	O
සැතපුම්	O
26ක්	O
දිගින්	O
සහ	O
සැතපුම්	O
4	O
-	O
5	O
පමණ	O
පළලින්	O
යුතු	O
ව	O
විහිද	O
යන	O
බිම්	O
තීරුවක්	O
වන	O
අතර	O
,	O
පලස්තීනුවන්ගේ	O
වර්තමාන	O
අසහනයටත්	O
,	O
එය	O
කෙරෙන්	O
පැන	O
නඟින	O
සටන්	O
කාමී	O
ප්‍රතිචාරයටත්	O
නිමිත්ත	O
වී	O
ඇත්තේ	O
තවත්	O
අරාබි	LOC
බිම්	O
මෙන්ම	O
,	O
1967	O
අරාබි	O
–	O
ඊශ්‍රායෙල්	LOC
යුද්ධයේ	O
සිට	O
මෙම	O
පලස්තීන	LOC
භූමිය	O
ද	O
ඊශ්‍රායලය	LOC
විසින්	O
අල්ලා	O
ගනු	O
ලැබ	O
සිටීමයි	O
.	O
ෂීක්	PER
යාසින්ගේ	PER
නායකත්වයෙන්	O
පිහිටුවා	O
ගැනුණු	O
හමාස්	ORG
සංවිධානය	ORG
ඊශ්‍රායලය	LOC
විනාශ	O
කොට	O
පලස්තීන	LOC
රාජ්‍යයක්	O
නිර්මාණය	O
කිරීමේ	O
පිළිවෙතට	O
කැප	O
ව	O
සිටී	O
.	O
තමනට	O
එරෙහි	O
ව	O
මරා	O
ගෙන	O
මැරෙන	O
ප්‍රහාර	O
එල්ල	O
කරන	O
හමාස්	ORG
නායකත්වය	O
ඝාතනය	O
කිරීම	O
හැර	O
වෙනත්	O
ආරක්ෂක	O
විකල්පයක්	O
නැතැයි	O
ඊශ්‍රායලය	ORG
සිතයි	O
.	O
තම	O
පක්ෂයට	O
අයත්	O
මන්ත්‍රීවරයකු	O
ඝාතනයට	O
ලක්	O
වීමේ	O
සිද්ධිය	O
පිළිබඳව	O
අපක්ෂපාතී	O
පරීක්ෂණයක්	O
පවත්වන	O
ලෙස	O
,	O
රජයට	O
බල	O
කරමින්	O
ලබන	O
මාසයේ	O
,	O
පැය	O
24ක	O
මහා	O
වැඩ	O
වර්ජනයක්	O
දියත්	O
කරන	O
බැව්	O
,	O
බංග්ලාදේශයේ	LOC
ප්‍රධාන	O
විපක්ෂය	O
වන	O
අවාමි	ORG
ලීගය	ORG
පෙරේදා	O
නිවේදනය	O
කළේ	O
ය	O
.	O
ඩකා	LOC
අග	O
නගරයට	O
කිලෝ	O
මීටර්	O
20ක්	O
උතුරින්	O
ටොන්ගි	LOC
ප්‍රදේශයේ	O
දේශපාලන	O
රැළියක්	O
අමතා	O
ආපසු	O
පැමිණෙද්දී	O
අසනුල්ලා	PER
මාස්ටර්	PER
නැමැති	O
මෙම	O
දේශපාලනඥයා	O
,	O
නාඳුනන	O
තුවක්කුකරුවන්	O
විසින්	O
මරා	O
දමනු	O
ලැබී	O
ය	O
.	O
අබු	ORG
ගාරේබ්	ORG
බන්ධනාගාරය	ORG
විනාශ	O
කර	O
දමනවා	O
:	O
බුෂ්	PER
කාලිස්ලිහි	LOC
දී	O
.   O
ඉරාකයේ	LOC
කුප්‍රකට	O
අබු	ORG
ගාරේබ්	ORG
බන්ධනාගාරය	ORG
කඩා	O
බිඳ	O
දැමීමට	O
කටයුතු	O
කරන	O
බව	O
අමෙරිකානු	LOC
ජනාධිපති	O
ජෝර්ජ්	PER
ඩබ්.	PER
බුෂ්	PER
පෙරේදා	O
ප්‍රකාශ	O
කළේ	O
ය	O
.	O
අමෙරිකාවේ	LOC
පෙන්සිල්වේනියාහි	LOC
හමුදා	O
යුද	O
පීඨයේ	O
දී	O
කළ	O
කතාවක	O
දී	O
මෙම	O
ප්‍රකාශය	O
කළ	O
ඔහු	O
,	O
අමෙරිකානු	LOC
සෙබලුන්	O
විසින්	O
ඉරාක	LOC
යුද	O
සිරකරුවන්	O
හිංසනයට	O
ලක්	O
කිරීමේ	O
සිද්ධිය	O
ඇති	O
වූ	O
මෙම	O
බන්ධනාගාරය	O
බිඳ	O
දැමීමට	O
සැලසුම්	O
කැර	O
ඇතැයි	O
කීවේ	O
ය	O
.	O
සදාම්	PER
හුසේන්	PER
පාලනය	O
යටතේ	O
අබු	ORG
ගාරේබ්	ORG
බන්ධනාගාරය	ORG
මරණයේ	O
හා	O
වධහිංසනයේ	O
සංකේතයක්	O
විය	O
.	O
එම	O
බන්ධනාගාරයේ	O
දී	O
ම	O
අමෙරිකාවට	LOC
අගරු	O
වන	O
අයුරින්	O
හා	O
අමෙරිකානු	LOC
සාරධර්ම	O
කෙලෙසමින්	O
අමෙරිකානුවන්	O
කීපදෙනෙකු	O
විසින්	O
එය	O
නින්දනීය	O
චර්යාවක	O
සංකේතයක්	O
බවට	O
පත්	O
කැර	O
ඇතැයි	O
"	O
බුෂ්	PER
කීවේ	O
ය	O
.	O
මේ	O
අතර	O
බ්‍රිතාන්‍යයත්	LOC
අමෙරිකාවත්	LOC
එක්ව	O
ආරක්ෂක	ORG
මණ්ඩලයට	ORG
ඉදිරිපත්	O
කළ	O
කෙටුම්පත්	O
යෝජනාවකින්	O
,	O
ජුනි	O
30	O
දා	O
ඉරාක	LOC
අතුරුපාලනයකට	O
එරට	O
පාලන	O
බලය	O
මුළුමනින්	O
ම	O
පවරන	O
බව	O
පොරොන්දු	O
වී	O
තිබේ	O
.	O
දියුණු	O
යන	O
රටවලට	O
වැඩි	O
වාසි	O
අත්වන	O
අයුරින්	O
චීනය	LOC
සහ	O
බ්‍රසීලය	LOC
අත්	O
වැල්	O
බැද	O
ගනී	O
.   O
චීනයත්	LOC
බ්‍රසීලයත්	LOC
දෙරටේ	O
ආර්ථික	O
හා	O
දේශපාලන	O
බැඳියාවන්	O
ශක්තිමත්	O
කරමින්	O
අන්තර්ජාතික	O
වෙළෙඳාමේ	O
දී	O
සංවර්ධනය	O
වන	O
රටවලට	O
වැඩි	O
වාසි	O
අත්වන	O
අයුරින්	O
එක්ව	O
කටයුතු	O
කිරීමට	O
පෙරේදා	O
ගිවිස	O
ගත්තේ	O
ය	O
.	O
පස්	O
දින	O
චීන	O
සංචාරයක	O
යෙදී	O
සිටින	O
බ්‍රසීල	LOC
ජනාධිපති	O
ලුයි	PER
ඉනාසියෝ	PER
ලුලා	PER
ද	PER
සිල්වා	PER
හා	O
චීන	LOC
ජනපති	O
හියු	PER
ජින්ටාඕ	PER
හමුවෙන්	O
පසු	O
නිකුත්	O
කැරුණු	O
ඒකාබද්ධ	O
නිවේදනයක	O
මෙ	O
බව	O
දැක්වේ	O
.	O
වෙළෙඳ	O
හා	O
ක්‍රමෝපායික	O
සබඳතා	O
තර	O
කැර	O
ගැන්ම	O
මෙම	O
සංචාරයේ	O
අරමුණ	O
වී	O
ඇති	O
අතර	O
,	O
එය	O
ලෝක	ORG
වෙළෙඳ	ORG
සංවිධානය	ORG
හා	O
එ.	ORG
ජා.	ORG
සංවිධානය	ORG
වැනි	O
අමෙරිකානු	LOC
හා	O
යුරෝපියානු	LOC
ආධිපත්‍යය	O
විදහන	O
සමුළුවල	O
දී	O
ඊට	O
එරෙහි	O
ව	O
නැගී	O
සිටීමට	O
ඉවහල්	O
වනු	O
ඇතැයි	O
පැවසී	O
තිබේ	O
.	O
බ්‍රසීලය	LOC
වෙනත්	O
කිසිම	O
රටක්	O
සමඟ	O
නොපත්නා	O
අයුරින්	O
චීනය	LOC
සමග	O
දේශපාලන	O
වානිජ	O
සංස්කෘතික	O
හා	O
ආර්ථික	O
සබඳතා	O
ගොඩ	O
නගා	O
ගෙන	O
ඇති	O
බව	O
ලූලා	PER
ද	PER
සිල්වා	PER
කීවේ	O
ය	O
.	O
දේශීය	O
ගොවියා	O
සුරැකීමට	O
ජාත්‍යන්තර	O
තලයේ	O
දී	O
ක්‍රියා	O
කරනවා	O
ඉන්දීය	LOC
වාණිජ	O
හා	O
කර්මාන්ත	O
ඇමති	O
නවදිල්ලියේ	LOC
දී	O
.   O
ඉන්දියාව	LOC
,	O
ලෝක	ORG
වෙළෙඳ	ORG
සංවිධානයේ	ORG
දී	O
එරට	O
ගොවීන්ගේ	O
අපේක්ෂාවන්	O
සුරැකීම	O
දිගටම	O
සිදු	O
කරන	O
අතර	O
,	O
ඇති	O
කර	O
ගන්නා	O
ගිවිසුම්වල	O
දී	O
ඉන්දීය	LOC
රජයේ	O
අපේක්ෂාවන්	O
පිළිබිඹු	O
කිරීම	O
සහතික	O
කරන	O
බව	O
නව	O
වානිජ	O
හා	O
කර්මාන්ත	O
ඇමති	O
කමල්	PER
නාත්	PER
පෙරේදා	O
පැවති	O
පුවත්	O
පත්	O
සාකච්ඡාවක	O
දී	O
කීවේ	O
ය	O
.	O
මැක්සිකෝවේ	LOC
කැන්කුන්හි	LOC
පැවති	O
ලෝක	ORG
වෙළෙඳ	ORG
සංවිධාන	ORG
අමාත්‍යමුළුවේ	O
දී	O
සංවර්ධනය	O
වන	O
රටවල	O
නව	O
පෙරමුණක්	O
ඇරඹීම	O
සඳහා	O
ඉන්දියාව	LOC
ද	O
මූලිකත්වය	O
ගෙන	O
තිබිණ	O
.	O
ඉන්දීය	LOC
ගොවීන්	O
විශේෂ	O
කොට	O
ගත්	O
ජාතික	O
අපේක්ෂාවන්	O
මුළුමනින්	O
ම	O
සුරැකීමට	O
සහතික	O
වන	O
බව	O
මාධ්‍ය	O
හමුවේ	O
දී	O
කියා	O
සිටි	O
කමල්	PER
නාත්	PER
,	O
සියළු	O
සමුළුවල	O
දී	O
අඩු	O
වශයෙන්	O
කෘෂි	O
කේෂත්‍රයේ	O
දී	O
ඉන්දියාවට	LOC
සුවිශේෂ	O
වූ	O
ආකාරයට	O
කටයුතු	O
කිරීමට	O
ප්‍රයත්න	O
දරණ	O
බව	O
පැවසීය	O
.	O
ඉන්දියාව	LOC
,	O
චීනය	LOC
,	O
හා	O
අප්‍රිකාව	LOC
වැනි	O
බලපෑමක්	O
කළ	O
හැකි	O
සංවර්ධනය	O
වන	O
රටවල්	O
ද	O
ඇතුළත්	O
20	O
කණ්ඩායම	O
පසුගිය	O
කාලයේ	O
දී	O
ගෝලිය	O
වෙළෙඳාමේ	O
විකෘතියට	O
තුඩු	O
දී	O
ඇති	O
ගොවි	O
සහනාධාර	O
කපා	O
දමන	O
ලෙස	O
සංවර්ධිත	O
රටවලින්	O
ඉල්ලා	O
තිබිණ	O
.	O
ඉන්දියාවට	LOC
ලෝක	O
වෙළෙඳාමේ	O
0.8%ක	O
කොටසක්	O
පමණක්	O
හිමි	O
වූවත්	O
ගෝලීය	O
වෙළෙඳ	O
කේෂත්‍රයේ	O
දී	O
පසුගිය	O
කාලය	O
තුළ	O
සංවර්ධනය	O
වන	O
රටවල	O
ප්‍රබල	O
හඬක්	O
බවට	O
එරට	O
පත්	O
ව	O
තිබිණ	O
.	O
"	O
ඉන්දීය	LOC
ජනගහනයෙන්	O
70%ක්	O
පමණ	O
කෘෂිකර්මයේ	O
යෙදී	O
සිටී	O
.	O
ඉන්දිය	LOC
කෘෂිකර්මය	O
හුදු	O
කෘෂිකර්මයක්	O
පමණක්	O
නොව	O
ජීවන	O
මගක්	O
ව	O
ඇති	O
බැවින්	O
සමුළුවල	O
දී	O
එය	O
තිරණාත්මක	O
සාධකයක්	O
විය	O
යුතු	O
බව	O
"	O
කමල්	PER
නාත්	PER
කීවේ	O
ය	O
.	O
පකිස්තානයේ	LOC
අනාගතයට	O
,	O
සටන්කාමීත්වය	O
හා	O
අන්තවාදය	O
තර්ජනයක්	O
ව	O
ඇති	O
බවට	O
අනතුරු	O
අඟවන	O
ජනාධිපති	O
පර්වේස්	PER
මුෂාරෆ්	PER
සම්ප්‍රදායික	O
ඉස්ලාම්	O
බලවේගයන්ගෙන්	O
ඈත්	O
වන	O
ලෙස	O
පකිස්තාන	LOC
තරුණ	O
පෙළින්	O
පෙරේදා	O
ඉල්ලා	O
සිටියේ	O
ය	O
.	O
එහෙත්	O
තවදුරටත්	O
ඊට	O
ඉඩ	O
දිය	O
නොහැකි	O
බව	O
ද	O
ඔහු	O
කීවේ	O
ය	O
.	O
ඇෆ්ගනිස්ථානයේ	LOC
ප්‍රචණ්ඩත්වයට	O
,	O
ඉන්දු	LOC
:	O
කාශ්මීර	LOC
ත්‍රස්තවාදයට	O
න්‍යෂ්ටික	O
බල	O
ව්‍යාප්තියට	O
හා	O
අන්තවාදීන්ට	O
රැකවරණය	O
දීමට	O
පකිස්තානය	O
හවුල්	O
යැයි	O
බැහැර	O
ලෝකයේ	O
පවත්නා	O
වැරදි	O
අවබෝධය	O
නිසා	O
ඇති	O
වන	O
ඵලවිපාක	O
පකිස්තානයට	LOC
දරාගත	O
නොහෙන	O
බව	O
පෙන්වා	O
දුන්	O
මුෂාරෆ්	PER
,	O
දරුණු	O
කුණාටුවකට	O
මැදිව	O
සිටින	O
රට	O
ඉන්	O
මුදා	O
ගත	O
යුතු	O
ව	O
ඇතැයි	O
කීවේය	O
.	O
ඉරාකයේ	LOC
අමෙරිකානු	LOC
කාර්ය	O
භාරය	O
සතුරෙකු	O
පරාජය	O
කිරීමට	O
සීමා	O
වූවක්	O
නොව	O
ජනතාව	O
වෙනුවෙන්	O
සේවය	O
කරන	O
හා	O
සටන්	O
කරන	O
නිදහස්	O
නියෝජිත	O
ආණ්ඩුවක්	O
ලබා	O
දී	O
මිතුරෙකු	O
ශක්තිමත්	O
කරන්නක්	O
බව	O
අමෙරිකානු	LOC
ජනාධිපති	O
බුෂ්	PER
පෙරේදා	O
"	O
හමුදා	O
යුද	O
පීඨයේ	O
දී	O
"	O
පැවැත්	O
වූ	O
කතාවෙ	O
දී	O
කීවේ	O
ය	O
.	O
ඒ	O
සමග	O
ම	O
මෙම	O
කාර්ය	O
භාරය	O
නිම	O
වූ	O
සැනින්	O
අමෙරිකාවේ	LOC
මැදිහත්	O
වීම	O
ද	O
නිමවනු	O
ඇති	O
බව	O
කී	O
ඔහු	O
ඉරාකය	LOC
ප්‍රජාතන්ත්‍රවාදය	O
හා	O
නිදහස	O
ලබා	O
දීමේ	O
දී	O
අදියර	O
5ක්	O
අනුගමනය	O
කරන	O
බව	O
කියා	O
සිටියේ	O
ය	O
.	O
ඒ	O
අනුව	O
ඉරාක	LOC
ස්වාධීන	O
ආණ්ඩුවකට	O
බලය	O
පැවරීම	O
,	O
ආරක්ෂාව	O
තහවුරු	O
කිරීමට	O
උපකාරීවීම	O
,	O
ඉරාක	LOC
යටිතල	O
පහසුකම්	O
යළි	O
ගොඩ	O
නැගීම	O
අඛණ්ඩ	O
ව	O
සිදු	O
කිරීම	O
,	O
අන්තර්ජාතික	O
සහයෝගය	O
දිරිමත්	O
කිරීම	O
සහ	O
ඉරාක	LOC
ජනතාවගේ	O
අනුමැතියෙන්	O
නව	O
නායකයින්	O
පත්	O
කැරෙන	O
ජාතික	O
මැතිවරණයක්	O
කරා	O
යාම	O
මෙම	O
පස්	O
අදියර	O
බව	O
ඔහු	O
කීය	O
.	O
ලබන	O
මස	O
ඉරාක	LOC
ජනතාවට	O
පාලන	O
බලය	O
පැවරීමෙන්	O
එහි	O
මුල්	O
අදියර	O
සපිරෙනු	O
ඇතැයි	O
කී	O
ඔහු	O
,	O
ජුනි	O
30	O
දා	O
සිට	O
සන්ධානයේ	O
තාවකාලික	O
අධිකාරිය	O
නොපවත්නා	O
අතර	O
එහි	O
විතැන්	O
වීමක්	O
ද	O
සිදු	O
නොකරන	O
බවත්	O
ඉරාකීයන්ට	O
ඔවුන්ගේ	O
ම	O
කටයුතු	O
පාලනයට	O
ඉඩ	O
සැලසෙන	O
බවත්	O
පැවසීය	O
.	O
නිදහස්	O
ස්වයං	O
පාලනයක්	O
විසින්	O
ඉරාකයේ	LOC
ත්‍රස්ත	O
පදනම	O
පිළිකෙව්	O
කැරෙනු	O
ඇති	O
අතර	O
කලාපීය	O
ප්‍රතිසංස්කරණ	O
ක්‍රියාවලිය	O
නව	O
ප්‍රවේගයක්	O
ලබා	O
දෙනු	O
ඇතැයි	O
බුෂ්	PER
කීවේ	O
ය	O
.	O
සදාම්	PER
හුසේන්	PER
බලයෙන්	O
පහ	O
කිරීමේ	O
හමුදාමය	O
ක්‍රියාවලියේ	O
දී	O
,	O
සටන්	O
බිමේ	O
දී	O
ඝාතනය	O
වීම	O
හෝ	O
ග්‍රහණයට	O
අසු	O
වීමෙන්	O
මිදී	O
,	O
සදාම්ගේ	PER
හමුදා	O
සාමාන්‍ය	O
ජනතා	O
අතර	O
සැඟව	O
ගිය	O
බවත්	O
,	O
දැන්	O
ඔවුන්	O
නව	O
ත්‍රස්ත	O
බලවේගයක්	O
ලෙස	O
මතු	O
ව	O
ඇති	O
බවත්	O
පෙන්වා	O
දුන්	O
බුෂ්	PER
,	O
ඔවුන්	O
විදෙස්	O
සටන්කාමීන්	O
හා	O
ත්‍රස්තවාදීන්	O
සමග	O
එක්ව	O
ගෙන	O
යන	O
ක්‍රියාවලිය	O
අමෙරිකාව	LOC
,	O
සන්ධාන	O
හමුදාව	O
හා	O
ඉරාක	LOC
ජනතාවගේ	O
ඉවසීමට	O
කැරෙන	O
තර්ජනයක්	O
බව	O
ද	O
කීවේ	O
ය	O
.	O
"	O
ඉරාක	LOC
ජනතාව	O
ස්වයං	O
පාලනයකට	O
සමීප	O
වෙමින්	O
තීරණාත්මක	O
අවස්ථාවකට	O
එළඹෙන	O
මොහොතේ	O
ඔවුන්ගේ	O
ත්‍රස්ත	O
ක්‍රියා	O
උග්‍ර	O
වනු	O
ඇත	O
.	O
එහෙයින්	O
ඉදිරියේ	O
ඇත්තේ	O
දුෂ්කර	O
කාලයකි	O
.	O
එහෙත්	O
ඉරාකයේ	LOC
ප්‍රගති	O
ගමන	O
කිසිම	O
සතුරු	O
බලයකට	O
වැළකිය	O
නොහැකි	O
ය	O
.	O
සන්ධාන	O
හමුදාව	O
හා	O
ඉරාක	LOC
ජනතාවට	O
ඇත්තේ	O
එක	O
ම	O
සතුරෙකි	O
.	O
ඒ	O
ත්‍රස්තවාදීන්	O
ය	O
.	O
සදාම්	PER
පාක්ෂිකයින්	O
ය	O
.	O
ඔවුහු	O
ඉරාක	O
ජනතාව	O
හා	O
ඔවුන්ගේ	O
නිදහස	O
අතර	O
කඳවුරු	O
බැඳ	O
සිටිති	O
.	O
මේ	O
ත්‍රස්තවාදින්	O
සමග	O
සටන්වැදීම	O
20,000ක	O
හමුදාවක්	O
ප්‍රමාණවත්	O
බව	O
හමුදා	O
නිලධාරීන්	O
ප්‍රකාශ	O
කළත්	O
,	O
මෑතක	O
දී	O
ප්‍රචණ්ඩත්වය	O
වර්ධනය	O
වීම	O
හමුවේ	O
අවශ්‍යතාක්	O
කල්	O
20,000ක	O
හමුදාවක්	O
පවත්වා	O
ගෙන	O
යාම	O
අමෙරිකාව	LOC
කටයුතු	O
කරනු	O
ඇත	O
"	O
යනුවෙන්	O
ද	O
ඔහු	O
පැවසීය	O
.	O
අධික	O
වර්ෂාවෙන්	O
,	O
ගංගාවක්	O
දෙගොඩ	O
තලා	O
ගොස්	O
අවට	O
නිවෙස්	O
යට	O
වීමෙන්	O
ළමයින්	O
විශාල	O
සංඛ්‍යාවක්	O
ඇතුලු	O
ව	O
76	O
දෙනකු	O
මිය	O
යාමේ	O
පුවතක්	O
බටහිර	LOC
ඩොමිනිකන්	LOC
ජනරජයෙන්	LOC
ඊයේ	O
වාර්තා	O
විය	O
.	O
හයිට	LOC
දේශසීමාව	O
අසළ	O
ජිමානි	LOC
ගංගාව	O
උතුරා	O
ගොස්	O
සිදු	O
වු	O
මේ	O
අනතුරින්	O
200කට	O
අධික	O
පිරිසක්	O
මිය	O
ගිය	O
බැව්	O
ප්‍රදේශයේ	O
ස්වේච්ඡා	O
ගැලවුම්	O
කණ්ඩායම්	O
පවසා	O
ඇති	O
අතර	O
අතුරුදන්වූවන්	O
සෙවීමේ	O
නිරත	O
පිරිස්	O
පවසා	O
ඇත්තේ	O
අධික	O
ජල	O
ප්‍රමාණය	O
නිසා	O
මෙහෙයුම්	O
කටයුතු	O
දුෂ්කර	O
වී	O
තිබෙන	O
බවයි	O
.	O
නේපාලයේ	LOC
ගයනේන්ද්‍ර	PER
විරෝධී	O
හා	O
ප්‍රජාතන්ත්‍ර	O
සහායක	O
ජන	O
රැල්ල	O
මැඬලීමට	O
ප්‍රයත්න	O
දරණ	O
පොලීසිය	O
සිය	O
ගණන්	O
මාධ්‍යවේදීන්	O
ඇතුළු	O
ව	O
දහස්	O
ගණනක	O
පිරිසක්	O
අත්අඩංගුවට	O
ගත්තේ	O
එවන්	O
ජන	O
රැලි	O
කීපයක්ම	O
ව්‍යර්ථ	O
කරමිනි	O
.	O
ගයනේන්ද්‍ර	PER
රජුගේ	O
රාජකීය	ORG
කැබිනට්	ORG
මණ්ඩලය	ORG
වෙනුවට	O
බහු	O
පාක්ෂික	O
රජයක්	O
ඉල්ලා	O
සිටිමින්	O
ඉකුත්	O
සිකුරාදා	O
පැවැත්	O
වූ	O
ජන	O
රැලි	O
කීපයක්ම	O
වාර්තා	O
කිරීමට	O
යොමු	O
ව	O
සිටි	O
මාධ්‍යවේදීන්	O
කීපදෙනෙකු	O
පොලිසිය	O
විසින්	O
ග්‍රහණයට	O
ගැන්ම	O
පිළිබඳ	O
සෙසු	O
මාධ්‍යවේදීන්	O
පෙරේදා	O
පැවැත්	O
වු	O
විරෝධතා	O
පෙලපාලියක	O
දී	O
ඔවුන්	O
වැටලූ	O
පොලිසිය	O
තවත්	O
සිය	O
ගණනක්	O
රැඳවුම්	O
භාරයට	O
ගෙන	O
ඇත	O
.	O
මේ	O
අතර	O
කත්මන්දු	LOC
නගරයේ	O
දී	O
විරෝධතා	O
දක්වන්නවුන්	O
විසින්	O
ට්‍රක්	O
රථ	O
දෙකකට	O
ගිනි	O
තබා	O
ඇත	O
.	O
එක්	O
ස්ථානයක	O
දී	O
වාමාංශික	O
සම්මන්ත්‍රණයකට	O
සහභාගි	O
වීමට	O
පැමිණි	O
ඉන්දීය	LOC
,   O
මැලේසියානු	LOC
,   O
පිලිපීනු	O
හා	O
කොරියානු	LOC
නියෝජිතයන්	O
ද	O
විරෝධතාවට	O
එක්	O
වීමෙන්	O
පසු	O
පොලිසියේ	O
ග්‍රහණයට	O
අසුව	O
තිබිණ	O
.	O
පලස්තීන	LOC
හමාස්	ORG
සංවිධානයේ	ORG
නව	O
නායක	O
අබ්දෙල්	PER
අසිස්	PER
රන්ටිසි	PER
ගාසා	LOC
තීරයේ	LOC
දී	O
ඊශ්‍රායල	LOC
ගුවන්	O
ප්‍රහාරයකින්	O
පෙරේදා	O
ඝාතනය	O
කැරිණ	O
.	O
56	O
හැවිරිදි	O
ළමා	O
රෝග	O
පිළිබඳ	O
වෛද්‍යවරයකු	O
වන	O
රන්ටිසි	PER
හමාස්	ORG
නායකත්වයට	O
පත්	O
වුණේ	O
මේ	O
හා	O
සමාන	O
ගුවන්	O
ප්‍රහාරයකින්	O
හමාස්	ORG
අධ්‍යාත්මක	O
නායක	O
හා	O
සමාරම්භක	O
නායක	O
ෂික්	PER
අහමඩ්	PER
යසින්	PER
ඊශ්‍රායලය	LOC
විසින්	O
පසුගිය	O
දා	O
ඝාතනය	O
කිරීමෙන්	O
පසු	O
ය	O
.	O
යසින්	PER
ඝාතනය	O
කැරී	O
මසක්	O
වත්	O
ඉක්ම	O
ව	O
ගොස්	O
නැති	O
අවස්ථාවක	O
ගාසා	LOC
තීරයේ	LOC
දී	O
රන්ටිසි	PER
ගමන්	O
ගත්	O
මෝටරියට	O
මිසයිල	O
දෙකක්	O
එල්ල	O
කිරීමෙන්	O
මේ	O
ඝාතනය	O
සිදු	O
කැර	O
තිබේ	O
.	O
රන්ටිසි	PER
ඝාතනය	O
ත්	O
සමග	O
ත්‍රස්තවාදීන්	O
අතුගා	O
දැමීම	O
අඛණ්ඩ	O
ව	O
සිදු	O
කරන	O
බව	O
ඊශ්‍රායලයෙන්	LOC
ද	O
පැවසී	O
ඇත	O
.	O
යුරෝපීය	LOC
හා	O
මැදපෙරදිග	LOC
රටවලින්	O
මේ	O
ඝාතනයට	O
විරෝධය	O
පල	O
කැරුණ	O
ද	O
අමෙරිකාව	LOC
කියා	O
ඇත්තේ	O
ත්‍රස්ත	O
ප්‍රහාරවලින්	O
ආරක්ෂා	O
වීමට	O
ඊශ්‍රායලයට	LOC
අයිතියක්	O
ඇති	O
බව	O
ය	O
.	O
හමාස්	ORG
සංවිධානය	ORG
සාමාන්‍ය	O
වැසියන්ට	O
ප්‍රහාර	O
එල්ල	O
කරන	O
ත්‍රස්ත	O
ඒකකයක්	O
බව	O
ද	O
ඔවුන්	O
පවසා	O
තිබේ	O
.	O
කෙසේ	O
වෙතත්	O
මේ	O
ක්‍රියාවේ	O
විපාක	O
සම්බන්ධයෙන්	O
ඊශ්‍රායලය	LOC
බෙහෙවින්	O
ප්‍රවේසම්	O
විය	O
යුතු	O
බව	O
ද	O
සදහන්	O
කරන	O
අමෙරිකාව	LOC
,	O
මේ	O
අවස්තාවේ	O
සියලු	O
පාර්ශවයන්	O
ඉවසිල්ලෙන්	O
කටයුතු	O
කළ	O
යුතු	O
යැයි	O
කියා	O
තිබේ	O
.	O
මෙසේ	O
වියේ	O
නමුදු	O
අමෙරිකාව	LOC
කිසි	O
විටෙකත්	O
රන්ටිසි	PER
ඝාතනයට	O
දිරි	O
දීමක්	O
නොකළ	O
බව	O
හා	O
එබන්දක්	O
සිදු	O
කරන	O
බව	O
දැන	O
නෙසිටි	O
බව	O
ද	O
කියා	O
ඇත	O
.	O
යසින්	PER
ඝාතනය	O
සේ	O
ම	O
සෙසු	O
ත්‍රස්තවාදීන්	O
ඝාතනය	O
ද	O
අඛණ්ඩ	O
ව	O
ම	O
සිදු	O
කරන	O
බව	O
ප්‍රකාශ	O
කරන	O
ඊශ්‍රායලය	LOC
,	O
මෙම	O
ඝාතනයෙන්	O
පලස්තිනුවන්	O
වටහා	O
ගත	O
යුත්තේ	O
ඊශ්‍රායල්	LOC
අගමැති	O
ෂැරොන්ගේ	PER
ගාසා	LOC
තීරයේ	LOC
කොටසකින්	O
ඉවත්	O
වීමේ	O
සැලැස්ම	O
ත්‍රස්තවාදීන්ගේ	O
ජයග්‍රහණයක්	O
නොවන	O
බව	O
යැයි	O
කියා	O
ඇත	O
.	O
මේ	O
අතර	O
පලස්තීන	LOC
අගමැති	O
අහමඩ්	PER
කොරී	PER
සේ	O
ම	O
ජනාධිපති	O
යසර්	PER
අරපත්	PER
ද	O
රන්ටිසි	PER
ඝාතනය	O
දැඩි	O
සේ	O
හෙලා	O
දැක	O
ඇත	O
.	O
මෙම	O
ඝාතනය	O
යුදෙව්	O
රාජ්‍යයට	O
අමෙරිකාවේ	LOC
සහයෝගය	O
පළ	O
වීමේ	O
සෘජු	O
ප්‍රතිඵලයක්	O
බව	O
කොරී	PER
කීවේය	O
.	O
ඊශ්‍රායලය	LOC
දිරි	O
ගන්වන	O
අමෙරිකානු	LOC
පිළිවෙත	O
ඊට	O
පිටුබලයක්	O
ව	O
ඇති	O
බව	O
ද	O
ඔහු	O
කීය	O
.	O   
යසර්	PER
අරපත්	PER
ප්‍රකාශ	O
කැර	O
ඇත්තේ	O
ඊශ්‍රායල්	LOC
මිලේච්ඡ	O
ග්‍රාහකයින්ගේ	O
සාපරාධී	O
ක්‍රියාවන්ගෙන්	O
පළස්තීනුවන්ගේ	O
විරෝධතාව	O
තව	O
තවත්	O
තිවු	O
වන	O
බව	O
ය	O
.	O
මෙවන්	O
නීති	O
විරෝධී	O
ඝාතනයන්	O
වහා	O
අත්හිටු	O
වන	O
ලෙස	O
ඉල්ලා	O
ඇති	O
එ.	O
ජා.	O
මහ	O
ලේකම්	O
කොපී	PER
අන්නන්	PER
මෙවන්	O
ඝාතන	O
ජාත්‍යන්තර	O
නීතිය	O
උල්ලංඝනය	O
කිරීමක්	O
බව	O
පෙන්වා	O
දී	O
ඇත	O
.	O
මැදපෙරදිග	LOC
පිරිහී	O
ගොස්	O
ඇති	O
තත්ත්වය	O
තව	O
දුරටත්	O
අගාධයට	O
ඇද	O
දැමීමට	O
මෙවන්	O
ඝාතන	O
හේතු	O
වන	O
බව	O
ද	O
අන්නන්	PER
කියා	O
ඇත	O
.	O
මෙවන්	O
ප්‍රචණ්ඩත්වයන්	O
උග්‍ර	O
වී	O
යා	O
නොදී	O
වලකා	O
ගැන්මට	O
තිරසාර	O
විසඳුමක්	O
සාකච්ඡා	O
මගින්	O
ඇති	O
කර	O
ගත	O
යුතු	O
බව	O
ද	O
ඔහු	O
කියා	O
තිබේ	O
.	O
යුරෝපීය	LOC
හා	O
මැදපෙරදිග	LOC
රටවල	O
නායකයින්	O
ද	O
රන්ටිසි	PER
ඝාතනය	O
කැරෙහි	O
අප්‍රසාදය	O
පළ	O
කැර	O
තිබේ	O
.	O
යුරෝපා	ORG
සංගමයේ	ORG
විදේශ	O
කටයුතු	O
ප්‍රධානියා	O
පෘතුගාල	LOC
බ්‍රිතාන්‍ය	LOC
ඉතාලි	LOC
විදේශ	O
ඇමතිවරුන්	O
එහි	O
දී	O
කැපී	O
පෙනී	O
තිබේ	O
.	O
මේ	O
අතර	O
හමාස්	ORG
දේශපාලන	O
අංශ	O
නායක	O
වෙලෙඩ්	PER
මෙෂාල්	PER
නව	O
නායකයකු	O
පත්	O
කැර	O
ගන්නා	O
ලෙස	O
හමාස්	ORG
අනුගාමිකයන්ගෙන්	O
ඉල්ලා	O
ඇත	O
.	O
රන්ටිසිගෙන්	PER
ගලා	O
ගිය	O
රුධිරය	O
අපතේ	O
නොයනු	O
ඇත	O
.	O
ගැටුමේ	O
කෙළවරක්	O
නැති	O
බව	O
කවුරුත්	O
වටහා	O
ගත	O
යුතුයි	O
.	O
සාම	O
ක්‍රියාවලිය	O
බිද	O
වැටී	O
ඇති	O
බව	O
පලස්තීන	LOC
අධිකාරිය	O
වටහා	O
ගත	O
යුතුයි	O
.	O
එනිසා	O
එක	O
ම	O
විකල්පය	O
විරෝධයයි	O
.	O
දැන්	O
අප	O
කලින්ටත්	O
වඩා	O
ශක්තිමත්	O
ව	O
සිටිමු	O
.	O
අපේ	O
විරෝධය	O
හා	O
සෘජු	O
බව	O
ඊශ්‍රායලයට	LOC
විනාශ	O
කළ	O
නොහැකි	O
යැයි	O
හමාස්	ORG
සංවිධානයෙන්	ORG
කියැවී	O
ඇත	O
.	O
ඉරාකයේ	LOC
නජාෆ්	LOC
නගරයේ	O
මතු	O
වූ	O
තත්ත්වයන්	O
සම්බන්ධයෙන්	O
මැදිහත්කරුවන්ගේ	O
සහභාගිත්වයෙන්	O
ෂියා	ORG
මුස්ලිම්	O
පාර්ශවය	O
හා	O
අමෙරිකානු	ORG
හමුදා	ORG
අතර	O
පැවති	O
සාකච්ඡා	O
පෙරේදා	O
බිඳ	O
වැටීමෙන්	O
පසු	O
අමෙරිකානු	ORG
හමුදා	ORG
නජාෆ්	LOC
නගරයට	O
ප්‍රහාරයක්	O
එල්ල	O
කරනු	O
ඇතැයි	O
අපේක්ෂා	O
කරන	O
බව	O
ෂියා	ORG
පූජක	O
මොග්ටාඩා	PER
සාදර්	PER
ප්‍රකාශ	O
කැර	O
ඇත	O
.	O
මේ	O
අතර	O
ෆලූජා	LOC
නගරයේ	O
සුන්නි	ORG
මුස්ලිම්	O
හා	O
අමෙරිකානු	ORG
හමුදා	ORG
අතර	O
පවත්නා	O
මත	O
භේදයන්	O
සමථයකට	O
පත්	O
වෙතැයි	O
සන්ධාන	O
හමුදාවේ	O
අපේක්ෂාව	O
වී	O
තිබේ	O
.	O
සාදර්	PER
පවසා	O
ඇති	O
පරිදි	O
නජාෆ්	LOC
සාකච්ඡා	O
බිඳ	O
වැටී	O
ඇති	O
නිසා	O
දැන්	O
ඔවුහු	O
අමෙරිකානු	LOC
ප්‍රහාරයකට	O
සූදානම්	O
වෙමින්	O
සිටිති	O
.	O
සාකච්ඡා	O
බිඳ	O
වැටී	O
ඇත්තේ	O
විසඳුමක්	O
ඇති	O
කැර	O
ගැනීමට	O
බාධාකාරී	O
වන	O
අයුරින්	O
අමෙරිකානු	LOC
සන්ධානය	O
ක්‍රියා	O
කිරිම	O
නිසා	O
බව	O
ප්‍රකාශිත	O
ය	O
.	O
සාදර්	PER
මෙන්ම	O
අයටොල්ලා	PER
අලි	PER
අල්	PER
සිස්ටානා	PER
නම්	O
ප්‍රමුඛ	O
මුස්ලිම්	O
පූජකවරයා	O
ද	O
කර්බලා	LOC
හා	O
නජාෆ්	LOC
නගරවලට	O
අමෙරිකානු	ORG
හමුදාව	ORG
ඇතුලු	O
වුවහොත්	O
එය	O
රතු	O
ඉර	O
පැනීමක්	O
සේ	O
සලකා	O
ප්‍රහාර	O
එල්ල	O
කරන	O
බවට	O
අනතුරු	O
අඟවා	O
ඇත	O
.	O
මේ	O
අතර	O
ෆලූජා	LOC
නගරයේ	O
සිවිල්	O
නායකයන්	O
සමග	O
සිදු	O
කළ	O
සාකච්ඡා	O
පෙරේදා	O
දෙවන	O
දිනයට	O
එළඹි	O
අතර	O
එය	O
ඵලදායී	O
වන	O
ලකුණු	O
පහල	O
වී	O
ඇතැයි	O
සන්ධාන	O
හමුදාව	O
පවසා	O
තිබේ	O
.	O
වජ්පායිගේ	PER
ඡන්ද	O
වැඩට	O
ගිය	O
පිරිසක්	O
රැගත්	O
ගුවන්	O
යානයක්	O
බැංගලෝරයේ	LOC
දී	O
කඩා	O
වැටිලා	O
මිය	O
ගිය	O
සිව්	O
දෙනා	O
අතර	O
සුප්‍රකට	O
නිළියක්	O
.   O
ළඟ	O
එන	O
ඉන්දීය	LOC
මහ	O
මැතිවරණයේ	O
දී	O
අගමැති	O
අතාල්	PER
බිහාරි	PER
වජ්පායිගේ	PER
භාරතීය	ORG
ජනතා	ORG
පක්ෂය	ORG
වෙනුවෙන්	O
මැතිවරණ	O
ව්‍යාපාරයේ	O
යෙදෙන	O
පුද්ගලයින්	O
රැගත්	O
ගුවන්	O
යානයක්	O
බැංගලෝරයේ	LOC
දී	O
කඩා	O
වැටීමෙන්	O
මිය	O
ගිය	O
පුද්ගලයන්	O
සිව්	O
දෙනා	O
අතර	O
සුප්‍රකට	O
සිනමා	O
නිළි	O
සෞන්දර්යා	PER
ද	O
සිටින	O
බව	O
පෙරේදා	O
ප්‍රකාශ	O
විය	O
.	O
චිත්‍රපට	O
85ක	O
පමණ	O
රඟපෑමෙන්	O
ප්‍රමුඛ	O
තෙළිඟු	O
සිනමා	O
නිළියක්	O
බවට	O
පත්	O
ව	O
සිටි	O
32	O
හැවිරිදි	O
සෞන්දර්යා	PER
මැතිවරණ	O
ව්‍යපාරයේ	O
යෙදෙමින්	O
යාබද	O
ආන්ද්‍ර	LOC
ප්‍රදේශය	O
බලා	O
යද්දී	O
මෙම	O
අනතුර	O
සිදු	O
ව	O
ඇත	O
.	O
සිව්	O
අසුන්	O
සෙස්නා	ORG
පෞද්ගලික	O
ගුවන්	O
යානය	O
බැංගලෝරයේ	LOC
ජක්කුර්	LOC
ගුවන්	O
පථයෙන්	O
ඉහළ	O
නැගෙත්	O
ම	O
එය	O
ගිනි	O
ගෙන	O
ඇති	O
අතර	O
කඩා	O
වැටුණු	O
යානයේ	O
මිය	O
ගිය	O
සියළු	O
දෙනා	O
ම	O
හඳුනා	O
ගත	O
නොමැති	O
සේ	O
අඟරු	O
වී	O
ඇති	O
බව	O
ඇසින්	O
දුටුවෝ	O
කීහ	O
.	O
මෑතක	O
දී	O
වජ්පායිගේ	PER
පක්ෂයට	O
බැඳුණු	O
සෞන්දර්යා	PER
ගමන්	O
ගත්	O
යානයේ	O
අනතුරට	O
හේතුව	O
විමසෙමින්	O
පවතී	O
.	O
පක්ෂියකු	O
හෝ	O
තද	O
සුළඟක	O
බලපෑමෙන්	O
ගින්න	O
හට	O
ගන්නට	O
ඇතැයි	O
සැලකෙන	O
අතර	O
තවත්	O
සමහරෙකු	O
පවසන්නේ	O
ගුවන්	O
පථයට	O
සමීප	O
ආපන	O
ශාලාවක්	O
මඟ	O
හැරීමට	O
යානය	O
ඇල	O
කිරීමෙන්	O
එය	O
පාලනය	O
කැර	O
ගැනීමට	O
නොහැකි	O
වූ	O
බව	O
ය	O
.	O
බැට	O
කා	O
තරුණයා	O
මරු	O
දකී	O
පසුගිය	O
සතියේ	O
වෙම්බ්ලි	LOC
දුම්රිය	O
පොළ	O
අසල	O
දී	O
කළු	O
තරුණයකුගෙන්	O
පහර	O
කෑ	O
විපුල	PER
ප්‍රසන්න	PER
රෝහලට	O
ඇතුළත්	O
කිරීමෙන්	O
අනතුරුව	O
මරණයට	O
පත්	O
වීය	O
.	O
පහර	O
දුන්	O
කළු	O
ජාතික	O
තරුණයා	O
කොටු	O
කර	O
ගැනීම	O
සඳහා	O
මෙට්‍රෝපොලිටන්	ORG
පොලිසිය	ORG
මහජනතාවගේ	O
ආධාර	O
පැතීමේ	O
සිද්ධිය	O
සැළ	O
වූ	O
අවස්ථාවේ	O
සිට	O
ම	O
පටන්	O
ගෙන	O
අතර	O
මහා	O
බ්‍රිතාන්‍යයේ	LOC
ශ්‍රී	ORG
ලංකා	ORG
මහ	ORG
කොමසාරිස්	ORG
කාර්යාලය	ORG
ද	O
වහා	O
ක්‍රියාත්මක	O
වූ	O
අතර	O
සිද්ධිය	O
සම්බන්ධීකරණය	O
සඳහා	O
එම	O
ආයතනයේ	O
ආරක්ෂක	O
අංශයේ	O
ජ්‍යෙෂ්ඨ	O
නිලධාරියෙකු	O
අනුයුක්ත	O
කෙරිණි	O
.	O
විපුල	PER
ප්‍රසන්න	PER
මිය	O
ගොස්	O
දින	O
දෙකකට	O
පසු	O
ව	O
ඔහුට	O
පහර	O
දුන්	O
තරුණයා	O
පොලිසියට	O
කොටු	O
වූ	O
අතර	O
පසුගිය	O
10වැනි	O
දා	O
බ්‍රෙන්ට්	LOC
ප්‍රාන්තයේ	LOC
උසාවියට	O
ඉදිරිපත්	O
කළ	O
අතර	O
ඕල්ඩ්	LOC
බේලි	LOC
මහේස්ත්‍රාත්	LOC
උසාවියට	LOC
ඉදිරිපත්	O
කිරීමට	O
නියමිත	O
වූයෙන්	O
තවදුරටත්	O
රිමාන්ඩ්	O
බන්ධනාගාරයේ	O
තැබිණි	O
.	O
විපුල	PER
ප්‍රසන්න	PER
වෙනුවෙන්	O
පෙනී	O
සිටින	O
නීතිඥයා	O
වන්නේ	O
සරත්	PER
විජේසිංහ	PER
මහතා	O
ය	O
.	O
විපුල	PER
ප්‍රසන්නගේ	PER
මළ	O
සිරුර	O
පළමු	O
පශ්චාත්	O
මරණ	O
පරීක්ෂණයකට	O
භාජනය	O
කරන	O
ලද	O
අතර	O
තවත්	O
පශ්චාත්	O
මරණ	O
පරීක්ෂණයකින්	O
අනතුරුව	O
සිරුර	O
ශ්‍රී	LOC
ලංකාව	LOC
බලා	O
ගෙන	O
යාමට	O
අවසර	O
දෙනු	O
ඇතැයි	O
ශ්‍රී	ORG
ලංකා	ORG
මහ	ORG
කොමසාරිස්	ORG
ආරංචි	O
මාර්ග	O
සඳහන්	O
කරයි	O
.	O
ලන්ඩනයේ	LOC
වෙසක්	O
මහ	O
ඉහළින්	O
ලන්ඩනය	LOC
පුරා	O
වෙසක්	O
උත්සවය	O
නිමිත්තෙන්	O
උත්සව	O
මාලා	O
රාශියක්	O
සංවිධානය	O
කොට	O
තිබිණි	O
.	O
මහා	LOC
බ්‍රිතාන්‍යයේ	LOC
ශ්‍රී	ORG
ලංකා	ORG
මහ	ORG
කොමසාරිස්	ORG
කාර්යාලය	O
මගින්	O
ප්‍රසිද්ධ	O
ධර්ම	O
දේශනාවක්	O
සංවිධානය	O
කර	O
තිබූ	O
අතර	O
ධර්ම	O
කථිකයන්	O
වහන්සේ	O
වූයේ	O
ආචාර්ය	O
දීගල්ලේ	PER
මහින්ද	PER
හිමිපාණන්	O
ය	O
.	O
ලන්ඩන්	LOC
බෞද්ධ	LOC
විහාරය	LOC
විසින්	O
දෙවන	O
වරටත්	O
සංවිධානය	O
කොට	O
තිබූ	O
මහා	O
ලේ	O
දන්	O
දීමේ	O
ව්‍යාපාරය	O
ඉතාමත්	O
ම	O
සාර්ථක	O
විය	O
.	O
විශාල	O
පිරිසක්	O
ස්වෙච්ඡාවෙන්	O
ඉදිරිපත්	O
වී	O
ලේ	O
දන්	O
දීම	O
ගැන	O
මහා	LOC
බ්‍රිතාන්‍යය	LOC
ජාතික	ORG
රුධිර	ORG
දායක	ORG
සංගමයේ	ORG
ප්‍රශංසාව	O
පළ	O
විය	O
.	O
කිංස්බරිහි	LOC
ශ්‍රී	ORG
සද්ධාතිස්ස	ORG
ජාත්‍යන්තර	ORG
පදනම	ORG
වෙසක්	O
සැමරීම	O
වස්	O
උත්සව	O
මාලාවක්	O
සංවිධානය	O
කොට	O
තිබූ	O
අතර	O
දර්ශනීය	O
වෙසක්	O
කූඩුවක්	O
ද	O
ප්‍රදර්ශනය	O
කෙරිණි	O
.	O
ලෙච්වර්ත්	LOC
බෞද්ධ	LOC
මධ්‍යස්ථානයේ	LOC
දී	O
දවස	O
මුළුල්ලේ	O
පිංකම්	O
මාලාවක්	O
පැවැත්වූ	O
අතර	O
බුද්ධ	O
චරිතය	O
අළලා	O
ඉංග්‍රීසි	O
භාෂාවෙන්	O
නිර්මාණය	O
වී	O
තිබූ	O
චිත්‍රපටියක්	O
ප්‍රදර්ශනය	O
කෙරිණ	O
.	O
බුද්ධ	O
ප්‍රතිමාවේ	O
සිරසට	O
බළල්	O
සහ	O
බලු	O
මුහුණක්	O
සම්බන්ධ	O
කොට	O
සුරතල්	O
භාණ්ඩයක්	O
ලෙස	O
විකිණීමට	O
එක්සත්	LOC
ජනපදයේ	LOC
ඇතැම්	O
ආයතන	O
පටන්	O
ගෙන	O
ඇත	O
.	O
ඉන්දියාවේ	LOC
13වැනි	O
පාර්ලිමේන්තු	O
මහා	O
මැතිවරණයේ	O
ප්‍රතිඵලය	O
ලොවට	O
දැනෙන්නේ	O
බිම්	O
මට්ටමේ	O
සැඟ	O
වී	O
පැවැති	O
දේශපාලන	O
කාල	O
බෝම්බයක්	O
පිපිරී	O
ගිය	O
අයුරකිනි	O
.	O
තුන්වැනි	O
ලෝකයේ	O
රටෙක	O
බහුතර	O
දුගී	O
ජනතාව	O
විසින්	O
සිදු	O
කැරුණු	O
නිහඬ	O
විප්ලවයක්	O
ලෙස	O
පාර්ලිමේන්තු	O
ප්‍රජාතන්ත්‍රවාදය	O
පිළිබඳ	O
ජගත්	O
වංශ	O
කතාව	O
තුළ	O
එය	O
සටහන්	O
වෙයි	O
.	O
එම	O
ජනතාවගේ	O
අභිලාෂයක්	O
මෙම	O
ඡන්ද	O
ප්‍රතිඵලයෙන්	O
පිළිබිඹු	O
වුවද	O
ඔවුන්ගේ	O
ප්‍රාර්ථනයන්	O
ඉටු	O
කිරීමට	O
ඉන්දියාවේ	LOC
නව	O
රජය	O
සමත්වේද	O
යන	O
ප්‍රශ්නයට	O
කාල	O
විසින්	O
පිළිතුරු	O
සැපයෙනු	O
ඇත	O
.	O
පසුගිය	O
දෙසැම්බර්	O
මාසයේ	O
දී	O
ඉන්දියාවේ	LOC
ප්‍රාන්ත	O
හතරෙක	O
පැවැති	O
ඡන්ද	O
විමසිම්වලින්	O
තුනක්	O
ජය	O
ගැනීමට	O
අගමැති	O
අතල්	PER
බෙහාරි	PER
වජ්පායිගේ	PER
නායකත්වයෙන්	O
යුතු	O
ජාතික	ORG
ප්‍රජාතන්ත්‍රවාදී	ORG
සංධානය	ORG
සමත්	O
වූ	O
තැන්	O
සිට	O
පාර්ලිමේන්තු	O
මහා	O
මැතිවරණයේ	O
දී	O
ඔවුන්ගේ	O
පහසු	O
ජයක්	O
පිළිබඳ	O
අපේක්ෂා	O
ඉහළ	O
නැඟෙන්නට	O
විය	O
.	O
සිය	O
පාර්ලිමේන්තු	O
වරමේ	O
නිල	O
කාලය	O
ලබන	O
ඔක්තෝබරය	O
තෙක්	O
වලංගු	O
ව	O
තිබුණත්	O
,	O
13වැනි	O
පාර්ලිමේන්තුව	O
තෝරා	O
පත්	O
කැරීමේ	O
මහා	O
මැතිවරණය	O
හය	O
මාසයක්	O
කල්	O
තියා	O
පැවැත්වීමට	O
වජ්පායි	PER
අගමැතිවරයා	O
තීරණය	O
කෙළේ	O
නවදිල්ලි	LOC
මහ	O
නාගරික	O
ප්‍රදේශය	O
හැර	O
,	O
ප්‍රාන්ත	O
තුනක	O
දී	O
ලත්	O
දෙසැම්බර්	O
ජයග්‍රහණයෙන්	O
ලත්	O
තර්කානුකූල	O
උද්දාමය	O
ඇති	O
ව	O
ය	O
.	O
කෙසේ	O
වුවද	O
,	O
බී.	ORG
ජේ.	ORG
පී.	ORG
නායකත්වයෙන්	O
යුතු	O
ජාතික	ORG
ප්‍රජාතන්ත්‍රවාදී	ORG
හවුල්	ORG
ආණ්ඩුව	ORG
මුහුණ	O
දී	O
ඇති	O
ප්‍රශ්න	O
සහ	O
අභියෝග	O
පැවැතියත්	O
,	O
පාර්ලිමේන්තුව	O
වේලාසනින්	O
විසුරුවා	O
හැරීමේ	O
තීරණය	O
ගැනීමේ	O
දී	O
ප්‍රාන්තිය	O
මැතිවරණ	O
ජයග්‍රහණයට	O
අමතර	O
ව	O
බලපෑ	O
ප්‍රධාන	O
කරුණ	O
වූයේ	O
ඉන්දියාවේ	LOC
ඉතා	O
ම	O
ජනප්‍රිය	O
අගමැතිවරයෙකු	O
ලෙස	O
වජ්පායි	PER
පිළිබඳව	O
ගොඩනැඟී	O
තිබුණ	O
ප්‍රතිරූපයයි	O
.	O
1999	O
වර්ෂයේ	O
සිට	O
,	O
ඉන්දීය	LOC
ඉතිහාසයේ	O
ඉතා	O
ම	O
පළල්	O
සංයුතිය	O
සහිතව	O
,	O
පක්ෂ	O
24කින්	O
ගොඩනැගුණු	O
ජාතික	ORG
ප්‍රජාතන්ත්‍රවාදි	ORG
සන්ධාන	ORG
රජය	ORG
ප්‍රතිපත්තිමය	O
ක්ෂේත්‍රයේ	O
දී	O
ප්‍රධාන	O
ජයග්‍රහණ	O
තුනක්	O
ලබා	O
තිබීමේ	O
සාර්ථකත්ව	O
වාර්තාව	O
ද	O
ඉක්මන්	O
මහා	O
මැතිවරණ	O
තීරණයට	O
බල	O
පෑවේ	O
ය	O
.	O
ඉලක්කම්වලින්	O
පෙන්නුම්	O
කැරුණු	O
ආර්ථික	O
සංවර්ධන	O
සාධකත්	O
,	O
පකිස්ථානය	O
සමඟ	O
දහසක්	O
සබඳතා	O
ඇති	O
කැර	O
ගැනීමේ	O
අරමුණ	O
ඇතිව	O
වජ්පායිගේ	PER
මූලිකත්වයෙන්	O
ඇති	O
කැර	O
ගත්	O
සංහිඳියා	O
පිළිවෙත	O
ඔස්සේ	O
නෙලා	O
ගත	O
හැකි	O
සාමයේ	O
ප්‍රතිලාභ	O
පිළිබඳ	O
ආකර්ෂණීය	O
චිත්‍රයක්	O
වශයෙනි	O
.	O
මෙයට	O
අමතර	O
ව	O
,	O
ඉන්දියාවේ	LOC
ජාත්‍යන්තර	O
කේවල	O
ශක්තිය	O
නොකඩවා	O
ඉහළ	O
යාමේ	O
සාර්ථක	O
විදේශ	O
ප්‍රතිපත්ති	O
සාධකය	O
ද	O
උලුප්පා	O
දැක්විණි	O
.	O
ආර්ථික	O
ප්‍රතිසංස්කරණ	O
සහ	O
නවීකරණය	O
ඔස්සේ	O
වජ්පායි	PER
නායකත්වය	O
යටතේ	O
වහා	O
පෙර	O
ගමනෙක	O
යෙදෙන	O
ඉන්දියාව	LOC
2020	O
වසර	O
වන	O
විට	O
ආර්ථික	O
සුපිරි	O
බලවතෙකු	O
බවට	O
පත්	O
වීමේ	O
හැකියාව	O
පිළිබඳ	O
සුබාරංචිය	O
ද	O
නොඅඩු	O
ව	O
පැතිර	O
යන්නට	O
සැලැස්විය	O
.	O
ජයග්‍රහණය	O
ගැන	O
විශ්වාසයක්	O
මේ	O
අනුව	O
වජ්පායි	PER
රජය	O
පාර්ලිමේන්තු	O
මහා	O
මැතිවරණ	O
සටන්	O
බිමට	O
පා	O
තැබුවේ	O
ජයග්‍රහණය	O
පිළිබඳ	O
නියත	O
විශ්වාසයක්	O
ඇති	O
ව	O
ය	O
.	O
ප්‍රශ්නයක්	O
තිබුණා	O
නම්	O
,	O
ඒ	O
ජයග්‍රහණයේ	O
ප්‍රමාණය	O
ගැන	O
පමණි	O
.	O
භාරතීය	ORG
ජනතා	ORG
පක්ෂයේ	ORG
නායකත්වය	O
ඇති	O
සභාග	O
රජයක්	O
බිහි	O
කැර	O
ගැනීම	O
ගැන	O
බී.	ORG
ජේ.	ORG
පී. ORG
යට	O
කිසි	O
ම	O
සැකයක්	O
නොතිබුණ	O
අතර	O
,	O
දේශපාලන	O
විචාරකයන්ගේ	O
අති	O
බහුතරය	O
කෙරෙන්	O
පළ	O
වූයේ	O
ද	O
ඒ	O
හා	O
සමාන	O
මතයකි	O
.	O
සෝනියා	PER
ගාන්ධිගේ	PER
කොංග්රස්	ORG
පක්ෂය	ORG
පසු	O
වූයේ	O
බැලූ	O
බැල්මට	O
අසරණ	O
අඩියක	O
ය	O
.	O
අවුරුදු	O
නවයක්	O
තිස්සේ	O
විපක්ෂය	O
තුළ	O
කොටු	O
වී	O
සිටීමේ	O
පසු	O
බැස්මට	O
අමතර	O
ව	O
,	O
කලෙක	O
සිට	O
පැවැති	O
පක්ෂ	O
අභ්‍යන්තර	O
අර්බුදවල	O
අවාසිය	O
ද	O
කොංග්‍රසය	ORG
මත	O
දැඩි	O
විවේචනයක්	O
ගෙන	O
දුන්නේ	O
ය	O
.	O
සෝනියා	PER
ඉතාලි	LOC
ජාතික	O
කාන්තාවක	O
වීම	O
නිසා	O
,	O
කොංග්‍රසය	ORG
දිනු	O
වත්	O
ඇයට	O
ඉන්දියාවේ	LOC
අගමැති	O
විය	O
හැකි	O
ද	O
යන	O
ප්‍රශ්නය	O
මුල	O
සිට	O
ම	O
මතු	O
කැරෙන	O
අතර	O
,	O
පක්ෂයේ	O
අගමැති	O
අපේක්ෂකයා	O
කවුරුන්	O
ද	O
යන	O
ප්‍රශ්නයට	O
හරිහමන්	O
පිළිතුරක්	O
ලැබී	O
නොතිබිණි	O
.	O
සෝනියාගේ	PER
කොන්ග්‍රසය	ORG
ඉදිරියට	O
හදිසි	O
මහා	O
මැතිවරණයක	O
ඉව	O
දැනුණු	O
තැන්	O
සිට	O
ඡන්ද	O
විමසීම	O
පටන්	O
ගන්නා	O
තැන	O
දක්වා	O
බී.	ORG
ජේ.	ORG
පී.	ORG
ජයග්‍රහණයන්	O
ගැන	O
විවිධ	O
ජන	O
මත	O
ඔස්සේ	O
පළ	O
වූ	O
අනාවැකි	O
වෙනතක	O
හැරෙන්නට	O
පටන්	O
ගත්	O
සිය	O
ඡන්දය	O
පාවිච්චි	O
කැර	O
,	O
ඡන්ද	O
පොළවලින්	O
පිටව	O
එන	O
අයගෙන්	O
තෝරා	O
ගත්	O
කණ්ඩායම්	O
පදනම්	O
කැර	O
ගෙන	O
පැවැති	O
මත	O
විමසුම්වලිනි	O
.	O
බී.	ORG
ජේ.	ORG
පී.	ORG
ජයග්‍රහණයකට	O
බොහෝ	O
දුර	O
ඉඩ	O
ඇති	O
නමුදු	O
සෝනියාගේ	PER
කොංග්‍රසය	ORG
කා	O
ගෙන	O
ඉදිරියට	O
ඇදෙන	O
බවට	O
නව	O
රටාවෙක	O
අනාවැකි	O
පළ	O
විය	O
.	O
පියවර	O
පහකින්	O
පැවැත්වුණ	O
ඡන්ද	O
විමසීම	O
අවසන්	O
වන	O
විට	O
සටන	O
උග්‍ර	O
බවත්	O
,	O
බී.	ORG
ජේ.	ORG
පී. ORG
ය	O
ජයග්‍රහණය	O
සිතූ	O
තරම්	O
ලේසි	O
පහසු	O
නොවන	O
බවටත්	O
ඉඟි	O
පළ	O
වන්නට	O
විය	O
.	O
පාර්ලිමේන්තු	O
මහා	O
මැතිවරණ	O
ප්‍රතිඵල	O
නිකුත්	O
වීමට	O
නියමිත	O
ගිය	O
බ්‍රහස්පතින්දාට	O
දෙදිනකට	O
කලින්	O
නිකුත්	O
වූ	O
අන්ද්‍රා	LOC
ප්‍රදේශයේ	O
ප්‍රාන්තීය	ORG
රාජ්‍ය	ORG
මණ්ඩලයේ	ORG
මැතිවරණ	O
ප්‍රතිඵලය	O
,	O
බී.	ORG
ජේ.	ORG
පී.	ORG
ජයග්‍රහණයන්	O
ගැන	O
විශ්වාසය	O
තැබූ	O
අය	O
පමණක්	O
නොව	O
පොදුවේ	O
මුළු	O
ලොව	O
ම	O
මවිතයට	O
පත්	O
කළේ	O
කොංග්‍රසයට	ORG
පක්ෂපාත	O
ඉතා	O
පැහැදිලි	O
ප්‍රවණතාවක්	O
අන්ද්‍රා	LOC
ප්‍රදේශ්	O
ඡන්දදායකයන්ගෙන්	O
පළ	O
වී	O
ඇති	O
බව	O
පෙනුණු	O
නිසා	O
ය	O
.	O
ඉන්දියාවේ	LOC
පස්වැනි	O
විශාල	O
ප්‍රාන්ත	O
රාජ්‍යය	O
මෙන්	O
ම	O
,	O
සුපිරි	O
වේගයකින්	O
නවීකරණයට	O
පත්	O
ආන්ද්‍රාව	LOC
පසුගිය	O
දශකය	O
මුළුල්ලේ	O
ම	O
පාලනය	O
කළේ	O
බී.	ORG
ජේ.	ORG
පී.	ORG
නායකත්වයෙන්	O
යුතු	O
සභාගයේ	O
ලොකු	O
ම	O
ප්‍රාන්තීය	O
හවුල්කරු	O
වන	O
තෙලගු	PER
දේශම්	PER
පක්ෂයේ	O
නායකයා	O
ලෙස	O
මහ	O
ඇමැති	O
තනතුර	O
ඉසිලූ	O
චන්ද්‍රබාබු	PER
නායිදු	PER
ය	O
.	O
ඔහු	O
ඉන්දීය	LOC
දේශපාලන	O
අම්බරය	O
ඉතා	O
වේගයෙන්	O
නැගී	O
ආ	O
සුපිරි	O
තරුවක්	O
පමණක්	O
නොව	O
නව	O
පරපුරක	O
දේශපාලන	O
නායකයන්	O
අතුරෙන්	O
ඉන්දියාවේ	LOC
අනාගත	O
අගමැති	O
වීමට	O
පවා	O
වරම්	O
ලැබීමේ	O
ඉඩ	O
ප්‍රස්ථා	O
මතු	O
කර	O
ගත	O
හැකි	O
ප්‍රාන්තීය	O
දේශපාලන	O
බලවතකු	O
ලෙස	O
සැලකෙයි	O
.	O
ආන්ද්‍රාවේ	LOC
ප්‍රාන්තිය	O
ඡන්දය	O
ආන්ද්‍රාවේ	LOC
ප්‍රාන්තිය	O
ඡන්දය	O
මහ	O
මැතිවරණයට	O
සමගාමීව	O
යෙදී	O
තිබුණේ	O
,	O
ජාතික	ORG
මහ	ORG
පාර්ලිමේන්තුව	ORG
හෙවත්	O
ලෝක්	ORG
සභාව	ORG
කැඳවීමට	O
කලින්	O
එහි	O
ප්‍රාදේශීය	O
මන්ත්‍රණ	O
සභාව	O
සංයුක්ත	O
වී	O
තිබිය	O
යුතු	O
බවට	O
ඇති	O
ව්‍යවස්ථානුකූල	O
අවශ්‍යතාවක්	O
අනුව	O
ය	O
.	O
එහි	O
ඡන්ද	O
ගණන්	O
කළ	O
විට	O
පෙනුණේ	O
මහ	O
ඇමැති	O
චන්ද්‍රබාබු	PER
නායිදුගේ	PER
තෙලගු	ORG
දේශම්	ORG
පක්ෂය	ORG
කොංග්රස්	ORG
පක්ෂය	ORG
අතින්	O
දරුණු	O
පරාජයක්	O
ලබා	O
ඇති	O
බව	O
ය	O
.	O
නායිදුගේ	PER
ජනප්‍රියත්වය	O
හීන	O
වෙමින්	O
තිබූ	O
හෙයින්	O
ඔහුගේ	O
පක්ෂයේ	O
පරාජය	O
පුදුමයට	O
කරුණක්	O
නොවුණත්	O
කොංග්රස්	ORG
පක්ෂය	ORG
ආසන	O
123ක්	O
ලබද්දී	O
එහි	O
ආසන	O
සංඛ්‍යාව	O
සීමා	O
වීමේ	O
අන්ත	O
පරාජයක්	O
එයට	O
අත්වේ	O
යැයි	O
කිසිවකුට	O
සිතා	O
ගත	O
නොහැකි	O
දෙයක්	O
විය	O
.	O
ආන්ද්‍රා	LOC
ජනතාවගේ	O
මේ	O
දේශපාලන	O
තීන්දුව	O
,	O
රට	O
පුරා	O
පවතින	O
ප්‍රවනතාවක්	O
සේ	O
දිස්	O
වූයේ	O
කොංග්‍රසය	ORG
සහ	O
එහි	O
සංධාන	O
සගයනට	O
හිමි	O
වන	O
ඉරනම්	O
ද	O
ඒ	O
සමඟ	O
ම	O
ලියැවී	O
ඇතැයි	O
සැලැකෙන	O
බැවිනි	O
.	O
ආර්ථික	O
ප්‍රතිසංස්කරණ	O
ආන්ද්‍රා	LOC
ප්‍රාන්තිය	O
මැතිවරණ	O
ප්‍රතිඵලය	O
ද	O
සමඟ	O
එකට	O
ගෙන	O
,	O
ඉන්දියාවේ	LOC
පාර්ලිමේන්තු	O
මහා	O
මැතිවරණයේ	O
ප්‍රතිඵල	O
විමැසීමේ	O
දී	O
සමස්තයක්	O
වශයෙන්	O
කැපී	O
පෙනෙන	O
දේශපාලන	O
පණිවිඩය	O
වන්නේ	O
ආර්ථික	O
ප්‍රතිසංස්කරණවල	O
නාමයෙන්	O
ගෙන	O
යන	O
,	O
පෞද්ගලීකරණය	O
පාදක	O
කැර	O
ගත්	O
දක්ෂිණාංශික	O
ප්‍රතිපත්ති	O
කෙරෙහි	O
ජනතාව	O
දක්	O
වන	O
විරෝධයයි	O
.	O
විවෘත	O
ආර්ථිකයට	O
මානුෂික	O
මුහුණුවරක්	O
දීම	O
දකුණු	LOC
ආසියාතික	LOC
රටවල	O
දී	O
අත්‍යවශ්‍ය	O
දෙයක්	O
වී	O
ඇති	O
බව	O
එමගින්	O
ඉතා	O
ප්‍රබල	O
ලෙස	O
කියැවෙයි	O
.	O
දිදුලන	O
ඉන්දියාවක්	O
පිළිබඳව	O
වජ්පායි	PER
පාලනය	O
විසින්	O
ගෙන	O
යන	O
ලද	O
ප්‍රචාරය	O
ඉන්දියාවේ	LOC
පොදු	O
ජනකාය	O
විශේෂයෙන්	O
ම	O
ග්‍රාමීය	O
දිළිඳු	O
පන්තිය	O
මෙන්	O
ම	O
නාගරික	O
අඩු	O
ආදායම්	O
කොටසක්	O
ද	O
විස්ව	O
ඝරණාත්මක	O
ලෙස	O
ප්‍රතික්ෂේප	O
කර	O
ඇති	O
බව	O
පැහැදිලියි	O
.	O
බී.	ORG
ජේ.	ORG
පී.	ORG
ය   O
පාර්ලිමේන්තු	O
මැතිවරණ	O
පරාජයට	O
කලින්	O
ආන්ද්‍රා	LOC
ප්‍රදේශයේ	O
චන්ද්‍රබාබු	PER
නායිදු	PER
පරාජය	O
වූ	O
විට	O
බොහෝ	O
විචාරකයන්	O
කියා	O
සිටි	O
දෙයක්	O
වූයේ	O
ඉන්දීය	LOC
දේශපාලනයේ	O
ලෝක	ORG
බැංකු	ORG
සුරතලා	O
පොදු	O
ජනතාව	O
විසින්	O
ප්‍රතික්ෂේප	O
කර	O
ඇති	O
බවයි	O
.	O
මෙය	O
ඉතා	O
දක්ෂ	O
දේශපාලකයකු	O
ලෙස	O
සැලැකෙන	O
නායිදු	PER
කෙරෙහි	O
පෞද්ගලිකව	O
එල්ල	O
කැරුණු	O
සරදමක්	O
නොව	O
ඉන්දීය	LOC
දේශපාලනයේ	O
වත්මන්	O
ප්‍රවනතාවලට	O
අදාළ	O
නිරීක්ෂණයක්	O
බව	O
මහ	O
මැතිවරණ	O
ප්‍රතිඵලය	O
සමඟ	O
සසඳන	O
විට	O
පෙනී	O
යයි	O
.	O
වජ්පායි	PER
නිසැකයෙන්	O
ම	O
සාර්ථක	O
ඇමැතිවරයකු	O
වුවද	O
ඔහුගේ	O
පාලනය	O
යටතේ	O
ඉන්දියාව	LOC
ලැබූ	O
සංවර්ධනයේ	O
ප්‍රතිලාභ	O
ඉන්දියාවේ	LOC
කෝටි	O
සංඛ්‍යාත	O
දුගී	O
ජනතාවට	O
ලැබුණේ	O
නැත	O
.	O
ඔවුන්ගේ	O
ප්‍රමුඛතාව	O
වූයේ	O
පරිගණක	O
යුගයේ	O
නව	O
තාක්ෂණය	O
වැළඳ	O
ගැනීම	O
නොව	O
කුසට	O
අහරක්	O
,	O
බීමට	O
දිය	O
පොදක්	O
,	O
ගමට	O
පාරක්	O
,	O
පවුල	O
නඩත්තු	O
කර	O
ගැනීමට	O
රැකියාවක්	O
ලබා	O
ගැනීම	O
ය	O
.	O
කොම්පැනිකාරයන්ගේ	O
ඉන්දියාවක්	LOC
විසින්	O
සංවර්ධනයේ	O
ප්‍රතිලාභ	O
උරා	O
ගනු	O
ලබද්දී	O
,	O
නැති	O
බැරි	O
ජනතාව	O
පවුල්	O
පිටින්	O
ඡන්ද	O
පොළට	O
ඇදී	O
ගොස්	O
බී.	ORG
ජේ.	ORG
පී.	ORG
සහ	O
එහි	O
හවුල්කාර	O
පක්ෂ	O
ප්‍රතික්ෂේප	O
කළහ	O
.	O
පිපුරුමකින්	O
නව	O
මහල්	O
ගොඩනැගිල්ලක්	O
කඩා	O
වැටී	O
උතුරු	LOC
රුසියාවේ	LOC
39ක්	O
නසිති	O
මොස්කව්හි	LOC
දී	O
උතුරු	LOC
රුසියානු	LOC
නගරයක	O
ගෑස්	O
කාන්දුවීමකින්	O
ඇති	O
වූවක්	O
සේ	O
සැලකෙන	O
විශාල	O
පිපිරුමකින්	O
නව	O
මහල්	O
ගොඩනැගිල්ලක	O
කොටසක්	O
කඩා	O
වැටී	O
39	O
දෙනෙකු	O
පමණ	O
මියගොස්	O
තිබේ	O
.	O
ළමයින්	O
පස්	O
දෙනෙකු	O
ද	O
ඊට	O
ඇතුළත්	O
ය	O
.	O
කාශ්මීරයේ	LOC
ස්ථිර	O
විසඳුමකට	O
සටන්කාමීන්ගේ	O
සංක්‍රමණය	O
මුළුමනින්	O
ම	O
අත්හිටුවිය	O
යුතුයි	O
-	O
අමෙරිකානු	LOC
රාජ්ය	O
ලේකම්	O
නවදිල්ලියේ	LOC
දී	O
.   O
න්‍යෂ්ටික	O
අවියෙන්	O
සන්නද්ධ	O
ව	O
ප්‍රතිවාදීන්	O
වන	O
ඉන්දියාව	LOC
හා	O
පාකිස්තානය	LOC
අතර	O
සාම	O
ක්‍රියාවලිය	O
කඩිනම්	O
වීමට	O
නම්	O
අරගලකාරී	O
කාශ්මීරයට	LOC
ඉස්ලාමීය	O
සටන්කාමීන්	O
රිංගීම	O
තිර	O
වශයෙන්	O
ම	O
නතර	O
කළ	O
යුතු	O
යැයි	O
අමෙරිකානු	LOC
රාජ්ය	O
ලේකම්	O
කොලින්	PER
පවල්	PER
පෙරේදා	O
ඉන්දියාවේ	LOC
දී	O
පැවසී	O
ය	O
.	O
ඉන්දීය	LOC
විදේශ	O
ඇමති	O
යස්වන්ත්	PER
සිංහ	PER
සමග	O
පැවති	O
ඒකාබද්ධ	O
පුවත්	O
සාකච්ඡාවක	O
දී	O
මේ	O
බව	O
ප්‍රකාශ	O
කළ	O
පවල්	PER
දෙරට	O
අතර	O
සාම	O
මෙහෙයුමක්	O
දියත්	O
වෙද්දී	O
දේශාන්තර	O
සංක්‍රමණයන්	O
සැලකිය	O
යුතු	O
අයුරින්	O
අඩු	O
වී	O
ඇතැයි	O
ද	O
එය	O
එපරිද්දෙන්	O
අඩු	O
වී	O
ගොස්	O
මුළුමනින්	O
ම	O
නවතින්නේ	O
දැයි	O
විමසිල්ලෙන්	O
පසු	O
වන්නේ	O
යැයි	O
ද	O
පැවසී	O
ය	O
.	O
කාශ්මීරයේ	LOC
ශීත	O
ඍතුවත්	O
සමග	O
දේශාන්තර	O
සංක්‍රමණයන්	O
අඩු	O
වී	O
යාම	O
සාමාන්ය	O
සිද්ධියකි	O
.	O
මේ	O
නිසා	O
මෙම	O
ඉස්ලාමීය	O
සටන්කාමීන්ගේ	O
සංක්‍රමණ	O
නැවතීම	O
ශීත	O
ඍතුවට	O
පමණක්	O
සීමා	O
නොවී	O
තිර	O
වශයෙන්	O
ම	O
සිදු	O
විය	O
යුත්තක්	O
බව	O
පැවසූ	O
ඔහු	O
පකිස්තාන	LOC
ජනාධිපති	O
පර්වේස්	PER
මුෂාරෆ්	PER
සමග	O
ඒ	O
සම්බන්ධයෙන්	O
සාකච්ඡා	O
කරන	O
බව	O
ද	O
කීවේ	O
ය	O
.	O
දෙරට	O
අතර	O
සංවාදයට	O
භාජනය	O
වන	O
මූලික	O
කරුණු	O
අටක්	O
ඇති	O
අතර	O
ඉන්	O
වඩා	O
වැදගත්	O
වන්නේ	O
මෙම	O
දේශාන්තර	O
ප්‍රචණ්ඩත්වයට	O
තිත	O
තැබීම	O
බව	O
ඔහු	O
වැඩිදුරටත්	O
කියා	O
සිටියේ	O
ය	O
.	O
දෙරට	O
අතර	O
සබඳතාවන්හි	O
මෑත	O
ප්‍රගතියක්	O
සිදු	O
ඇති	O
ව	O
ඇත	O
ද	O
ඉකුත්	O
සතියේ	O
කාශ්මීර	LOC
ප්‍රශ්නය	O
දෙරට	O
අතර	O
පවත්නා	O
මූලික	O
අර්බුදය	O
බවට	O
මුෂාරෆ්	PER
කළ	O
ප්රකාශය	O
සම්බන්ධයෙන්	O
රාජ්ය	O
තාන්ත්‍රික	O
විරෝධතාවක්	O
මතු	O
ව	O
තිබේ	O
.	O
ඉන්දියාව	LOC
පවසන්නේ	O
සෙසු	O
ප්‍රශ්න	O
අතර	O
එයත්	O
එක්	O
ප්‍රශ්නයක්	O
පමණක්	O
බව	O
ය	O
.	O
එහෙයින්	O
මුෂාරෆ්	PER
ප්රකාශය	O
සාමයට	O
හිතකර	O
නොවන්නක්	O
බව	O
ඉන්දීය	LOC
විදේශ	O
අමාත්‍යාංශය	O
ප්‍රකාශ	O
කැර	O
තිබිණි	O
.	O
මුෂාරෆ්	PER
ප්රකාශය	O
පිළිබඳ	O
දෙරට	O
අතර	O
මතභේදයක්	O
මතු	O
ව	O
ඇතත්	O
දෙරට	O
ම	O
සාම	O
ක්‍රියාවලියකට	O
යොමු	O
ව	O
සිටින	O
බැවින්	O
එය	O
අක්‍රිය	O
වීමට	O
හේතුවක්	O
නැතැයි	O
පවල්	PER
කියා	O
තිබේ	O
.	O
කාශ්මීර	LOC
අර්බුදය	O
විසඳීම	O
සඳහා	O
දෙරටේ	O
බල	O
ප්‍රදේශ	O
අතර	O
පවත්නා	O
"	O
පාලන	O
රේඛාව	O
"	O
අමෙරිකාව	LOC
විසින්	O
පිළිනොගන්නේ	O
මන්දැයි	O
කළ	O
විමසුමක	O
දී	O
එවන්	O
විසඳීමකට	O
අමෙරිකාව	LOC
මැදිහත්	O
නොවන	O
බව	O
ඔහු	O
කීවේ	O
ය	O
.	O
කාශ්මීර	LOC
අර්බුදයේ	O
විසඳීම	O
දෙරට	O
සතු	O
කාර්යභාරයක්	O
බවත්	O
මෑත	O
මාස	O
කීපයක	O
ම	O
සිට	O
පාලන	O
රේඛාව	O
ඔස්සේ	O
පවත්නා	O
නිහඬතාවය	O
තිර	O
ලෙස	O
පවතින්නක්	O
වනු	O
දැක්ම	O
සිය	O
අපේක්ෂාව	O
බවත්	O
ඔහු	O
පැවසී	O
ය	O
.	O
දෙරටට	O
ම	O
පිළිගත	O
හැකි	O
විසඳුමක්	O
නොදී	O
ඒකපාර්ශික	O
විසඳුමකට	O
යාම	O
ප්‍රශ්නය	O
විසඳනු	O
වෙනුවට	O
උග්‍ර	O
වීමට	O
දිය	O
හැකි	O
බව	O
ද	O
ඔහු	O
කීවේ	O
ය	O
.	O
කෙසේ	O
වෙතත්	O
ප්‍රශ්නයට	O
විසඳුම	O
ඇත්තේ	O
සාකච්ඡා	O
මාර්ගය	O
තුළ	O
පමණක්	O
බව	O
ද	O
ඔහු	O
කීය	O
.	O
මානව	O
හිමිකම්	O
කොමිසමේ	O
අමෙරිකානු	LOC
සාමාජිකයාට	O
කියුබාවෙන්	LOC
විරෝධය	O
ජිනීවාහි	LOC
දී	O
එක්සත්	ORG
ජාතීන්ගේ	ORG
මානව	ORG
හිමිකම්	ORG
කොමිසමේ	ORG
අමෙරිකානු	LOC
නියෝජිත	O
පිරිසට	O
අයත්	O
එක්	O
සාමාජිකයෙකු	O
කියුබාවට	LOC
එරෙහි	O
ව	O
ත්‍රස්තවාදී	O
ක්‍රියාවන්හි	O
නියැලුනෙකු	O
බවට	O
චෝදනා	O
කරන	O
කියුබාව	LOC
ඔහු	O
වහා	O
ඉවත්	O
කරන	O
ලෙස	O
ඉල්ලා	O
තිබේ	O
.	O
ලුයි	PER
සුනිගා	PER
රේ	PER
නම්	O
කියුබානු	LOC
ජන්මයක්	O
ඇති	O
පිටුවහලකු	O
වන	O
මේ	O
පුද්ගලයා	O
1974	O
-	O
1988	O
අතර	O
කාලයේ	O
දී	O
කඩාකප්පල්	O
කිරීම්	O
හා	O
ත්‍රස්තවාදී	O
ක්‍රියා	O
සම්බන්ධයෙන්	O
14	O
වසරක්	O
කියුබානු	LOC
බන්ධනාගාරයක	LOC
සිරගත	O
ව	O
සිටි	O
බව	O
ප්රකාශ	O
කරන	O
කියුබානු	LOC
විදේශ	O
ඇමැති	O
ෆිලිප්	PER
පෙරේස්	PER
නිදහස්	O
වීමෙන්	O
පසු	O
අමෙරිකාවට	LOC
ගිය	O
දා	O
පටන්	O
ඔහු	O
යළිත්	O
එවන්	O
ක්‍රියාදාමයන්හි	O
දිගට	O
ම	O
නියැලී	O
සිටින	O
බව	O
ද	O
කීවේ	O
ය	O
.	O
එ.	ORG
ජා.	ORG
මානව	ORG
හිමිකම්	ORG
කොමිසමේ	ORG
හය	O
සති	O
සැසියට	O
එක්	O
ව	O
සිටින	O
මේ	O
අමෙරිකානු	LOC
නියෝජිතයා	O
එම	O
කණ්ඩායමෙන්	O
ඉවත්	O
කරන	O
ලෙස	O
අමෙරිකාවට	LOC
දන්වන්නැයි	O
කොමිසමේ	O
සභාපති	O
ඔස්ට්‍රේලියානු	LOC
තානාපති	O
මයික්	PER
ස්මිත්ගෙන්	PER
ලිඛිත	O
ව	O
ඉල්ලා	O
ඇතැයි	O
ද	O
පෙරේස්	PER
පැවසී	O
ය	O
.	O
මෙවන්	O
පසුබිමක්	O
ඇති	O
පුද්ගලයකු	O
කොමිසමට	O
එක්	O
විය	O
නොහැකි	O
යැයි	O
ද	O
ඔහු	O
කීය	O
.	O
මෙම	O
කියුබානු	LOC
ඉල්ලීම	O
ගැන	O
ඍජු	O
ව	O
අදහසක්	O
නොදක්වන	O
අමෙරිකානු	LOC
තානාපති	O
කේවින්	PER
ඊ.	PER
මෝලි	PER
එවන්	O
ඉල්ලීම්වලට	O
කන්	O
දීමට	O
අමෙරිකාවේ	LOC
සූදානමක්	O
නැතැයි	O
කීවේ	O
ය	O
.	O
අදාල	O
නියෝජිතයා	O
එම	O
නියෝජිත	O
පිරිසට	O
ඇතුළත්	O
වීම	O
ආඩම්බරයට	O
කරුණක්	O
බවත්	O
ඔහු	O
සම්භාවනීය	O
කියුබන්	LOC
අමෙරිකානු	LOC
මානව	O
හිමිකම්	O
ක්‍රියාකාරිකයෙකු	O
බවත්	O
ඔහු	O
සඳහන්	O
කැර	O
ඇත	O
.	O
පෙරේස්ට	PER
අනුව	O
සුනිගා	PER
කියුබාවෙන්	LOC
නීති	O
විරෝධී	O
අයුරින්	O
පලා	O
ගියේ	O
1973	O
දී	O
ය	O
.	O
වසරකින්	O
පසු	O
ඔහු	O
ග්‍රහණයට	O
ගෙන	O
ඇත්තේ	O
සන්නද්ධ	O
පිරිසක්	O
සමග	O
යළි	O
කියුබාවට	LOC
ඇතුළු	O
වීමට	O
ප්‍රයත්න	O
දරද්දී	O
ය	O
.	O
1990	O
ගණන්වල	O
දී	O
කියුබන්	LOC
-	O
අමෙරිකානු	LOC
ජාතික	O
පදනමේ	O
සාමාජිකයෙකු	O
ලෙස	O
ඔහු	O
මියාමි	LOC
මූලස්ථානයක	LOC
සිට	O
කියුබාවට	LOC
එරෙහි	O
ව	O
කඩාකප්පල්	O
ක්‍රියාවන්හි	O
නිරත	O
වූ	O
බව	O
ද	O
පෙරේසා	PER
පෙන්වා	O
දී	O
තිබේ	O
.	O
ඔසාමා	PER
බින්	PER
ලාඩ්න්	PER
පාකිස්තානයේ	LOC
නෑ	O
අභ්‍යන්තර	O
කටයුතු	O
ඇමති	O
කියයි	O
.   O
මුළු	O
ලෝකයට	O
ම	O
අවශ්‍ය	O
වී	O
සිටිනා	O
අංක	O
එකේ	O
ත්‍රස්තවාදියා	O
ලෙස	O
සැළැකෙන	O
ඔසාමා	PER
බින්	PER
ලාඩ්න්	PER
නියත	O
වශයෙන්	O
ම	O
පාකිස්තානය	LOC
තුළ	O
නොමැති	O
බවත්	O
,	O
ඔහු	O
ඇෆ්ගනිස්තානය	LOC
තුළ	O
සැඟවී	O
සිටීමේ	O
අවකාශය	O
වඩාත්	O
පුළුල්	O
බවත්	O
පාකිස්තාන	LOC
අභ්‍යන්තර	O
කටයුතු	O
පිළිබඳ	O
ඇමති	O
මහ්ඩුම්	PER
සයිඩ්	PER
ෆයිසාල්	PER
සලේ	PER
හයාත්	PER
බී.	ORG
බී.	ORG
සී.	ORG
ප්‍රවෘත්ති	O
සේවයට	O
ප්රකාශ	O
කර	O
තිබේ	O
.	O
තමා	O
එසේ	O
පවසන්නේ	O
20,000ක	O
අතුරු	O
හමුදා	O
බලකායක්	O
දේශ	O
සීමාවේ	O
ආරක්ෂාව	O
සඳහා	O
යොදවා	O
තිබියදී	O
ඇෆ්ගනිස්තානයේ	LOC
සිට	O
පාකිස්තානයට	LOC
සංක්‍රමණය	O
වීමේ	O
කිසිදු	O
හැකියාවක්	O
අල්	ORG
කයිඩා	ORG
නායකයාට	O
තිබිය	O
නොහැකි	O
බැවිනැයි	O
ද	O
මොහු	O
රටත්	O
අවධාරණය	O
කැර	O
ඇත	O
.	O
2001	O
වසරේ	O
ඇෆ්ගනිස්තානයේ	LOC
තලේබාන්	ORG
පාලනය	O
පෙරළා	O
දැමීමෙන්	O
පසු	O
අමෙරිකානු	LOC
,	O
බ්‍රිතාන්‍ය	LOC
,	O
පාකිස්තාන්	LOC
සහ	O
ඇෆ්ගන්	ORG
ආරක්ෂක	ORG
හමුදා	ORG
භට	O
පිරිස්	O
මෙම	O
දේශ	O
සීමාවේ	O
බින්	PER
ලාඩ්න්	PER
සෙවීමේ	O
මෙහෙයුම්වල	O
අඛණ්ඩ	O
ව	O
නිරත	O
වී	O
සිටිති	O
.	O
72	O
හැවිරිදි	O
කෲර	O
සත්ව	O
පාලිකාව	O
තීන්දුව	O
අසා	O
අධිකරණය	O
තුළ	O
ඇද	O
වැටෙයි	O
.   O
දකුණු	LOC
කැලෆෝනියාවේ	LOC
නිණසක	O
සුනඛයන්	O
20කට	O
වැඩි	O
සංඛ්‍යාවක්	O
හා	O
පක්ෂීන්	O
60ක්	O
පමණ	O
අසතුටුදායක	O
තත්ත්වයකින්	O
රඳවා	O
ගෙන	O
සිටීමට	O
අනුව	O
සතුන්ට	O
කෲර	O
ලෙස	O
සලකන	O
ලදැයි	O
චෝදනා	O
ලද	O
72	O
හැවිරිදි	O
කාන්තාවක්	O
ඊට	O
වරදකාරිය	O
බව	O
ජූරි	O
සභාවෙන්	O
ප්රකාශයට	O
පත්	O
වත්	O
ම	O
අධිකරණය	O
තුළ	O
සිහිසුන්	O
ව	O
ඇත	O
වැටී	O
ඇත	O
.	O
ඇය	O
නමින්	O
එමා	PER
රෙජිනා	PER
හාටර්	PER
ය	O
.	O
රෝගීන්	O
සතුන්	O
පවා	O
වෙන්	O
නොකොට	O
ඉතා	O
අපිරිසුදු	O
තත්ත්වයෙන්	O
සත්ව	O
කඳවුරක්	O
පවත්වා	O
ගෙන	O
යාමට	O
අතිරේක	O
ව	O
සත්ව	O
පාලන	O
නිලධාරියෙකුට	O
අඩන්තේට්ටම්	O
කිරීම	O
සම්බන්ධයෙන්	O
ද	O
ඇය	O
වරදකාරිය	O
විය	O
.	O
තීන්දුව	O
ප්රකාශ	O
කිරීමේ	O
දී	O
සිහිසුන්	O
වූ	O
ඇයට	O
අතිරේක	O
වෛද්‍ය	O
ප්‍රතිකාර	O
ලබා	O
දෙන	O
ලදී	O
.	O
බලධාරීන්	O
ඇගේ	O
නිවස	O
වැටලීමෙන්	O
පසු	O
බේරා	O
ගත්	O
සුනඛයින්	O
රැසක්	O
මිය	O
ගිය	O
අතර	O
සෙස්සෝ	O
ඇති	O
දැඩි	O
කිරීම	O
අපහසු	O
තත්ත්වයක	O
සිටියහ	O
.	O
ඉරාකයේ	LOC
අමෙරිකානු	LOC
ප්‍රමුඛත්වයෙන්	O
යුත්	O
පාලනය	O
අවසන්	O
කරමින්	O
ඉරාකීය	LOC
ජාතිකයන්ට	O
බලය	O
පැවරීමේ	O
ක්‍රියාවලිය	O
නියමිත	O
පරිදි	O
ජූනි	O
30	O
දා	O
සිදු	O
වනු	O
ඇතැයි	O
සහතික	O
විය	O
නොහැකි	O
බව	O
අමෙරිකානු	LOC
ආරක්ෂක	O
ලේකම්	O
ඩොනල්ඩ්	PER
රම්ස්ෆෙල්ඩ්	PER
පෙරේදා	O
ප්රකාශ	O
කළේ	O
ය	O
.	O
අමෙරිකාවත්	LOC
,	O
එ.	ORG
ජා.	ORG
සංවිධානයත්	ORG
ඉරාක	LOC
පාලන	O
මණ්ඩලයත්	O
මෙම	O
ඉලක්ක	O
දිනය	O
තීන්දු	O
කැර	O
ඇතත්	O
එය	O
අපේක්ෂිත	O
පරිදි	O
සිදු	O
වේ	O
යැයි	O
සිතිය	O
නොහැකි	O
බව	O
ඔහු	O
කියා	O
තිබේ	O
.	O
සමහරවිට	O
එය	O
එපරිද්දෙන්	O
ම	O
සිදු	O
විය	O
හැකියි	O
.	O
එහෙත්	O
ඒ	O
ගැන	O
සහතික	O
විය	O
හැකි	O
ද	O
දන්නේ	O
කවුද	O
හෙට	O
වෙන	O
දේ	O
ගැන	O
කිව	O
හැක්කේ	O
කාටද	O
"	O
ඔහු	O
ප්‍රශ්න	O
කළේ	O
ය	O
.	O
ඇරිස්ටයිඩ්ට	PER
ඕනෑ	O
ම	O
මොහොතක	O
වෙනිසියුලාවේ	LOC
දොර	O
ඇරලා	O
-	O
චාවේස්	PER
කැරකස්හි	LOC
දී	O
.   O
හයිටියෙන්	LOC
පිටුවහල්	O
ව	O
සිටින	O
එරට	O
ජනාධිපති	O
ජීන්	PER
බර්ට්‍රන්ඩ්	PER
ඇරිස්ටයිඩ්ට	PER
වෙනිසියුලාවේ	LOC
දොර	O
නිරන්තරයෙන්	O
විවර	O
වී	O
ඇතැයි	O
වෙනිසියුලානු	LOC
ජනාධිපති	O
හියුගෝ	PER
චාවේස්	PER
පෙරේදා	O
කියා	O
සිටියේ	O
ය	O
.	O
මෙසේ	O
ඔහුට	O
රැකවරණය	O
ලබා	O
දීමට	O
ඉදිරිපත්	O
වන	O
චාවේස්	PER
පවසන්නේ	O
තම	O
රට	O
ඔහු	O
තවමත්	O
හයිටි	LOC
ජනාධිපති	O
ලෙස	O
පිළිගන්නා	O
බව	O
ය	O
.	O
"	O
හයිටියේ	LOC
නව	O
රජය	O
අපි	O
නොපිළිගමු	O
.	O
හයිටියේ	LOC
ජනාධිපති	O
වන්නේ	O
ජීන්	PER
බර්ට්‍රන්ඩ්	PER
ඇරිස්ටයිඩ්	PER
ම	O
ය	O
.	O
ඔහු	O
ජනතාව	O
විසින්	O
තෝරා	O
ගත්	O
නායකයායි	O
"	O
චාවේස්	PER
කීවේ	O
ය	O
.	O
ඇරිස්ටයිඩ්ගේ	PER
පිටුවහල්	O
වීම	O
සෘජුව	O
ම	O
ප්‍රතිකේෂ්ප	O
කරන	O
ලෝක	O
නායකයින්	O
කීපදෙනා	O
අතරට	O
චාවේස්	PER
ද	O
එක්	O
ව	O
සිටී	O
.	O
චාවේස්	PER
මෙසේ	O
ඔහුට	O
රැකවරණය	O
සැපයීමට	O
ඉදිරිපත්	O
ව	O
ඇත්තේ	O
මධ්‍ය	LOC
අප්‍රිකානු	LOC
රටක	O
රැකවරණය	O
ලබමින්	O
සිටි	O
ඔහු	O
පසුගිය	O
දා	O
ජැමෙයිකාවට	LOC
පැමිණීමෙන්	O
පසු	O
ය	O
.	O
ඉරාක	LOC
මරු	O
කතරේ	O
තව	O
වියට්නාමයක්	LOC
සරත්	PER
කුරේ	PER
ඉරාකය	LOC
ජෝජ්	PER
බුෂ්ගේ	PER
වියට්නාමය	LOC
බවට	O
පත්	O
වී	O
ඇතැයි	O
කීවේ	O
ඇමරිකන්	LOC
දේශපාලනයේ	O
ප්‍රකට	O
භූමිකාවක්	O
ඇතිව	O
කැපී	O
පෙනෙන	O
උත්තර	O
මන්ත්‍රීවරයකු	O
වන	O
එඩ්වඩ්	PER
කෙනඩි	PER
ය	O
.	O
ජනාධිපති	O
ලින්ඩන්	PER
ජොන්සන්ට	PER
ධවල	O
මන්දිරයේ	O
සිට	O
ගෙදර	O
යාමට	O
පාර	O
කපා	O
දුන්	O
වියට්නාම්	LOC
යුද්ධය	O
මෙන්	O
ම	O
ඉරාකය	LOC
ද	O
වින්නැහියකින්	O
කෙළවර	O
වනු	O
ඇතැයි	O
ද	O
ඔහු	O
පෙන්වා	O
දුන්නේ	O
ය	O
.	O
එක	O
අතකින්	O
බලන	O
විට	O
එඩ්වඩ්	PER
කෙනඩිගේ	PER
වියට්නාම්	LOC
උපහැරණය	O
අලුත්	O
දෙයක්	O
නොවේ	O
.	O
ඇමරිකන්	ORG
හමුදාව	ORG
ඉරාක	LOC
ආක්‍රමණය	O
උදෙසා	O
හරිබරි	O
ගැහෙමින්	O
සිටි	O
2003	O
වසරේ	O
මුල්	O
දවස්වල	O
සිට	O
ම	O
ඉරාක	LOC
යුද්ධය	O
ඇමරිකාවට	LOC
තවත්	O
වියට්නාම්	LOC
අත්දැකීමක්	O
වනු	O
ඇතැයි	O
කියා	O
සිටි	O
උදවිය	O
එමට	O
ය	O
.	O
එහෙත්	O
,	O
ඒ	O
අනාවැකි	O
හුදෙක්	O
ඇමරිකන්	LOC
විරෝධීන්ගේ	O
මනස්කාර	O
චින්තනයක	O
පිළිබිඹුවක්	O
ලෙස	O
ද	O
එදා	O
සැලැකිණි	O
.	O
එඩ්වඩ්	PER
කෙනඩි	PER
එසේ	O
ඇමරිකන්	LOC
විරෝධී	O
දේශපාලන	O
ඔල්මාදයකින්	O
විකල්	O
වූ	O
කෙනෙකු	O
නොව	O
,	O
ඇමරිකාවේ	LOC
ජාතික	O
දේශපාලනයේ	O
ඉතා	O
බලවත්	O
පැතිකඩක්	O
නියෝජනය	O
කරන	O
,	O
ජාත්‍යන්තර	O
පිළිගැනීමක්	O
ඇති	O
නායකයෙකි	O
.	O
ලබන	O
නොවැම්බරයේ	O
දී	O
පැවැත්වෙන	O
ඇමරිකන්	LOC
ජනාධිපතිවරණයට	O
පේ	O
වෙමින්	O
මේ	O
දිනවල	O
එරට	O
දේශපාලනයේ	O
මහා	O
පක්ෂ	O
දෙක	O
අතර	O
සිදු	O
කැරෙන	O
ඉරාක	O
ප්‍රශ්නය	O
සම්බන්ධ	O
විවාදයේදී	O
කෙනඩි	PER
ඇතුළු	O
ඩිමෝක්‍රැටික්	ORG
පක්ෂ	ORG
සගයන්ගේ	O
මතයට	O
එරෙහිව	O
දිවෙන	O
රිපබ්ලිකන්	ORG
මතය	O
අනෙක්	O
පැත්තෙහි	O
වෙයි	O
.	O
වියට්නාමයේ	LOC
විමුක්ති	ORG
හමුදාවේ	ORG
සිරකරුකු	O
ලෙස	O
සිටි	O
රිපබ්ලිකන්	ORG
පාක්ෂික	O
ජෝන්	PER
මැකෙන්	PER
පවසන්නේ	O
ඉරාකය	LOC
සහ	O
වියට්නාමය	LOC
අතර	O
සමානත්වයක්	O
දැකීම	O
මුලාවක්	O
බව	O
ය	O
.	O
ඔහු	O
පවසන	O
අන්දමට	O
ඉරාකය	LOC
එදා	O
වියට්නාමයෙන්	LOC
වෙනස්	O
ලෙස	O
දැක	O
ගත	O
යුතු	O
වන්නේ	O
තමන්ගේ	O
ම	O
ප්‍රජාතන්ත්‍රවාදී	O
ආණ්ඩුවක්	O
ඇති	O
කැර	O
ගැනීමට	O
ඉරාක	LOC
ජනතාවට	O
අද	O
වුවමනාවක්	O
ඇති	O
නිසා	O
ය	O
.	O
ඉරාක	LOC
ජනතාවට	O
එය	O
ලබා	O
දීමට	O
තරම්	O
ශක්තිමත්	O
යුද්ධමය	O
සහ	O
දේශපාලන	O
ශක්‍යතාවක්	O
අද	O
ඇමරිකාවට	LOC
ඇතත්	O
ඔවුනට	O
එය	O
එදා	O
වියට්නාමයේ	LOC
දී	O
නොතිබුණ	O
බවට	O
ඔහු	O
තර්ක	O
කරයි	O
.	O
කෙසේ	O
වුවද	O
,	O
ඉරාකය	LOC
තුළ	O
භේදකාරි	O
බලවේග	O
දමනය	O
කිරීමට	O
අවශ්‍ය	O
තරම්	O
ඇමරිකන්	LOC
භටයන්	O
අද	O
එහි	O
නොවීම	O
ඉරාක	LOC
ජනතාවගේ	O
ප්‍රජාතන්ත්‍රවාදී	O
අභිලාෂ	O
ඉටු	O
කර	O
දීමට	O
මෙන්	O
ම	O
ඇමරිකන්	LOC
"	O
මෙහෙවර	O
"	O
සාර්ථක	O
කරලීමට	O
ද	O
නොහැකි	O
පසුබිමක්	O
බිහි	O
කර	O
ඇතැයි	O
ද	O
ඔහු	O
කියයි	O
.	O
"	O
බුෂ්ගේ	PER
වියට්නාමය	LOC
"	O
පිළිබඳ	O
කෙනඩි	PER
මතවාදය	O
ප්‍රතික්ෂේප	O
කරන	O
විදේශීය	O
නායකයන්	O
අතර	O
මුල්	O
තැන	O
ගන්නේ	O
ඕස්ට්‍රේලියාවේ	LOC
අගමැති	O
ජෝන්	PER
ඩවුනර්	PER
ය	O
.	O
එහෙත්	O
රිපබ්ලිකන්	ORG
උත්තර	O
මන්ත්‍රීවරයා	O
යෝජනා	O
කරන	O
පරිදි	O
තවත්	O
ඇමරිකන්	ORG
හමුදා	ORG
ඉරාකයට	LOC
යැවීමෙන්	O
සිදු	O
වන්නේ	O
ප්‍රචණ්ඩත්වයේ	O
ගිනිවල	O
තුළට	O
ඇමරිකන්	ORG
හමුදා	ORG
තව	O
තවත්	O
දරුණු	O
ලෙස	O
ඇද	O
වැටීම	O
බව	O
ඩිමොක්‍රටික්	ORG
පක්ෂයේ	ORG
උත්තර	O
මන්ත්‍රී	O
ජෝසප්	PER
වයිඩන්	PER
කියයි	O
.	O
ඇමරිකන්	LOC
හමුදාවට	ORG
වියට්නාමයේ	LOC
දී	O
බිහිසුණු	O
පරාජයක්	O
ගෙන	O
දුන්	O
1968	O
ටෙට්	O
ප්‍රහාරය	O
සමයේ	O
දී	O
වර්ධනය	O
වූ	O
ප්‍රචණ්ඩත්වය	O
මැද	O
මුහුණ	O
දුන්	O
ආකාරයේ	O
භීතියකට	O
සහ	O
ආතතියකට	O
අද	O
ඇමරිකන්	LOC
ජනතාව	O
මුහුණ	O
දී	O
ඇති	O
බවට	O
අනතුරු	O
අඟවමින්	O
කළ	O
යුතු	O
ව	O
ඇත්තේ	O
අමතර	O
ඇමරිකන්	ORG
හමුදා	ORG
යැවීම	O
නොව	O
දැනට	O
සිටින	O
භටයන්	O
වහා	O
ආපසු	O
කැඳවා	O
ගැනීමේ	O
වැඩසටහනක්	O
ඇති	O
කැර	O
ගැනීම	O
බව	O
ද	O
ඔහු	O
කියයි	O
.	O
ඇමරිකන්	LOC
උත්තර	O
මන්ත්‍රීවරුන්	O
අතර	O
ගිය	O
බදාදා	O
මේ	O
විවාදය	O
සිදු	O
කැරුණේ	O
ඇමරිකන්	LOC
ආක්‍රමණයෙන්	O
පසු	O
ඉරාකය	LOC
තුළ	O
විවෘත	O
වූ	O
ඇමරිකන්	LOC
විරෝධී	O
දෙවැනි	O
පෙරමුණ	O
ලෙස	O
සැලැකෙන	O
ෆලූජා	PER
නමැති	O
ෂියා	ORG
ඉස්ලාමීය	O
නගරය	O
පසුබිම්	O
කර	O
ගත්	O
ප්‍රහාරක	O
රැල්ල	O
මධ්‍යයේ	O
ය	O
.	O
ඇමරිකන්	LOC
විරෝධි	O
අලුත්	O
පෙරමුණ	O
ගිය	O
ඉරිදා	O
විවෘත	O
වූයේ	O
"	O
ප්‍රජා	O
පීඩක	O
"	O
ඇමරිකන්	ORG
හමුදා	ORG
ඉරාකයෙන්	LOC
පළවා	O
හරින	O
ලෙස	O
එරටෙහි	O
බහුතරය	O
වන	O
ෂියා	ORG
මුස්ලිම්වරුන්ගේ	O
ආගමික	O
නායකයකු	O
වන	O
මොක්ටාඩා	PER
අල්	PER
සාදර්	PER
සිය	O
අනුගාමිකයන්	O
වෙත	O
කළ	O
ප්‍රසිද්ධ	O
ආයාචනය	O
සමඟ	O
ය	O
.	O
සතියක්	O
පුරා	O
ෆලුජාව	LOC
ඇතුළු	O
ස්ථාන	O
කිහිපයක	O
ඇවිල	O
ගිය	O
ප්‍රහාරවල	O
ප්‍රධාන	O
"	O
ප්‍රචණ්ඩ	O
සන්ධිස්ථානයක්	O
"	O
ලෙස	O
සැලැකෙන්නේ	O
ඇමරිකන්	ORG
ආරක්ෂක	ORG
සේවා	ORG
සමාගමකට	ORG
අයත්	O
ඇමරිකන්	LOC
කොන්තරාත්කරුවන්	O
හතර	O
දෙනෙකු	O
කැරලිකරුවන්	O
විසින්	O
මරා	O
දමනු	O
ලැබ	O
,	O
කැබලිවලට	O
කපා	O
දැමීමේ	O
සිද්ධියකි	O
.	O
එකට	O
එක	O
කිරීමේ	O
ප්‍රහාරවල	O
දී	O
ෆලුජාහි	LOC
ප්‍රධාන	O
මුස්ලිම්	O
පල්ලියට	O
හානි	O
සිදු	O
වූ	O
අතර	O
,	O
ෂියා	ORG
ඉස්ලාමිය	O
හැඟීම්	O
උත්සන්න	O
වීමට	O
එය	O
ද	O
ප්‍රධාන	O
හේතුවක්	O
විය	O
.	O
පල්ලිය	O
ඇතුළේ	O
ආවරණය	O
ලැබූ	O
කැරලිකරුවන්	O
ඇමරිකන්	ORG
හමුදාවට	ORG
පහර	O
දුන්	O
බවට	O
චෝදනා	O
නැගුණු	O
අතර	O
එයට	O
ප්‍රතිචාර	O
ලෙස	O
එල්ල	O
කළ	O
ඇමරිකන්	LOC
බෝම්බ	O
ප්‍රහාර	O
යුක්ති	O
සහගත	O
බව	O
කියා	O
පාමින්	O
ඇමරිකන්	LOC
බ්‍රිගේඩියර්	O
ජනරාල්	O
කැමි	PER
කිමිට්	PER
සී.	ORG
එන්.	ORG
එන්.	ORG
පුවත්	ORG
සේවයට	ORG
ප්‍රකාශ	O
කෙළේ	O
යුද්ධමය	O
කටයුතුවලට	O
ආගමික	O
සිද්ධස්ථානයක්	O
යොදා	O
ගන්නා	O
විට	O
එහි	O
ආරක්ෂිත	O
"	O
ගතිය	O
"	O
අහිමි	O
වන	O
බව	O
ය	O
.	O
අලුත්	O
ම	O
ප්‍රචණ්ඩත්ව	O
රැල්ල	O
පිළිබඳ	O
වඩා	O
භයානක	O
සංඥාව	O
වූයේ	O
දින	O
තුනක්	O
තුළ	O
දී	O
ඇමරිකන්	LOC
සහ	O
වෙනත්	O
විදේශ	O
භටයන්	O
35	O
දෙනෙකු	O
මරා	O
දැමීම	O
ය	O
.	O
ඇමරිකන්	LOC
ආක්‍රමණය	O
ඔස්සේ	O
සදාම්	PER
හුසේන්	PER
පාලනය	O
පෙරළා	O
දමා	O
ගත	O
වූ	O
වසරක	O
කාලය	O
තුළ	O
ඇමරිකාවට	LOC
එල්ල	O
වූ	O
බරපතල	O
ම	O
අභියෝගය	O
මෙය	O
විය	O
.	O
මෙයිනුත්	O
එක	O
දිනක්	O
තුළ	O
ඇමරිකන්	LOC
භටයන්	O
12	O
දෙනෙකු	O
ඝාතනය	O
කිරීම	O
වඩාත්	O
බරපතල	O
සිද්ධියක්	O
ලෙස	O
සැලැකුණු	O
අතර	O
කැරලිකරුවනට	O
එරෙහිව	O
දැඩි	O
මර්දනකාරී	O
පිළිවෙතකට	O
ද	O
එයින්	O
මඟ	O
පෑදිණ	O
.	O
සතියක්	O
ගත	O
වී	O
ඇති	O
ඇමරිකන්	LOC
විරෝධි	O
කැරලිවලින්	O
පැන	O
නගින	O
ආරක්ෂක	O
අවදානම	O
සහ	O
දේශපාලන	O
අභියෝගය	O
පැතිකඩ	O
කිහිපයක්	O
ඔස්සේ	O
දැක	O
ගත	O
හැකි	O
ය	O
.	O
සදාම්	PER
විරෝධී	O
සභාගයේ	O
නායකත්වය	O
ගත්	O
ඇමරිකාව	LOC
සහ	O
බ්‍රිතාන්‍ය	ORG
හමුදාවලට	ORG
පමණක්	O
නොව	O
ඉරාකය	LOC
තුළ	O
ඇමරිකන්	LOC
ප්‍රතිපත්තිය	O
අනුමත	O
කිරීමට	O
තරම්	O
වොෂිංටන්	LOC
හිතවාදී	O
වන	O
මිතුරු	O
රටවලට	O
ද	O
එමඟින්	O
බලවත්	O
තර්ජනයක්	O
එල්ල	O
කැරෙයි	O
.	O
ජපානය	LOC
,	O
ඔස්ට්‍රේලියාව	LOC
,	O
පෝලන්තය	LOC
,	O
ඉතාලිය	LOC
,	O
යුක්රේනය	LOC
වැනි	O
රටවල්	O
කිහිපයකට	O
මෙය	O
කෙළින්	O
ම	O
බලපාන	O
අතර	O
තනිපංගලමේ	O
ඇමරිකන්	LOC
-	O
බ්‍රිතාන්‍ය	LOC
ආරක්ෂක	O
මෙහෙයුම්	O
වෙනුවට	O
බහුජාතික	O
හමුදාවක	O
ආරක්ෂක	O
ආවරණය	O
ඉරාකයට	LOC
ලබා	O
දීමට	O
වොෂිංටනය	LOC
දක්වන	O
අවශ්‍යතාව	O
හමුවේ	O
එමගින්	O
බරපතල	O
ප්‍රශ්න	O
උද්ගත	O
කැරෙයි	O
.	O
ලබන	O
ජුනි	O
30වැනි	O
දා	O
වන	O
විට	O
ඉරාක	LOC
ජනතාව	O
අතට	O
"	O
බලය	O
පවරා	O
දීමට	O
"	O
සකසා	O
ඇති	O
ඇමරිකන්	LOC
වැඩපිළිවෙළට	O
එමඟින්	O
අයහපත්	O
බලපෑමක්	O
ඇති	O
විය	O
හැකි	O
ය	O
.	O
ඉරාකයට	LOC
එරෙහි	O
ආක්‍රමණය	O
සැලසුම්	O
කිරීමේ	O
දී	O
ඇමරිකාවේ	LOC
මුල්	O
ගණන්	O
බැලීමක්	O
වූයේ	O
සියයට	O
70ක්	O
වන	O
ෂියා	ORG
මුස්ලිම්වරුන්	O
,	O
සිය	O
සදාම්	PER
විරෝධි	O
ආකල්පය	O
නිසා	O
ඇමරිකන්	ORG
හමුදාව	ORG
මිතුරු	O
බලවේගයක්	O
ලෙස	O
සැලකීමට	O
ඉඩකඩ	O
ඇති	O
බව	O
ය	O
.	O
සුළුතර	O
සුන්නි	ORG
මුස්ලිම්	O
නිකායට	O
අයත්	O
නායකයෙකු	O
වූ	O
සදාම්	PER
හුසේන්	PER
යටතේ	O
බහුතර	O
ෂියා	ORG
මුස්ලිම්වරුන්	O
කොන්	O
කිරීම	O
සහ	O
මර්දනය	O
කිරීම	O
ගැන	O
පැවැති	O
චෝදනා	O
මධ්‍යයේ	O
ෂියා	ORG
සහ	O
සුන්නි	ORG
පාර්ශ්ව	O
අතර	O
ගැටුම්	O
අභිමුඛතාව	O
වාසියට	O
හරවා	O
ගැනීමේ	O
ඇමරිකන්	LOC
සැලසුම්වල	O
කිසියම්	O
තර්කානුකූල	O
බවක්	O
තිබුණ	O
,	O
ප්‍රධාන	O
සතුරා	O
විදේශ	O
ආක්‍රමනිකයා	O
වන	O
ඇමරිකන්	ORG
හමුදාව	ORG
බව	O
සලකමින්	O
එයට	O
එරෙහිව	O
"	O
ඇබැද්දියේ	O
සමඟියක්	O
"	O
තුළින්	O
ඉරාක	LOC
ජාතිකත්වයේ	O
පදනමින්	O
දෙපැත්තේ	O
විරෝධය	O
ගොනු	O
වීමේ	O
හැකියාවක්	O
දැන්	O
ඉස්මතු	O
වෙමින්	O
තිබේ	O
.	O
අවුරුද්දක්	O
තිස්සේ	O
තැනින්	O
තැන	O
මතු	O
වූ	O
සුන්නි	ORG
මුස්ලිම්	O
ගරිල්ලන්ට	O
සහ	O
ෂියා	ORG
මුස්ලිම්	O
කැරලිකරුවනට	O
එරෙහි	O
ව	O
එක	O
වර	O
සටන්	O
කිරීමට	O
ඇමරිකන්	ORG
හමුදාවට	ORG
දැන්	O
සිදු	O
ව	O
ඇත	O
.	O
මෙහි	O
තවත්	O
පැත්තක්	O
නම්	O
වඩා	O
විවෘත	O
ඇමරිකන්	LOC
විරෝධයක්	O
ඔස්සේ	O
ප්‍රචණ්ඩ	O
මඟකට	O
එළැඹ	O
ඇති	O
ෂියා	ORG
මුස්ලිම්	O
විරෝධය	O
කලාපීය	O
ෂියා	ORG
මුස්ලිම්	O
බල	O
මධ්‍යස්ථානය	O
ලෙස	O
සැලැකෙන	O
අසල්වැසි	O
ඉරානය	LOC
සමඟ	O
සම්බන්ධ	O
කිරීමේ	O
ප්‍රවනතාවක්	O
ද	O
තිබීමයි	O
.	O
ඉරානය	LOC
අසල්වැසි	O
ඉරාකයේ	LOC
අභ්‍යන්තර	O
දේශපාලන	O
කටයුතුවලට	O
අත	O
පොවන	O
බවට	O
ඇමරිකාව	LOC
දැනටමත්	O
චෝදනා	O
නඟා	O
තිබේ	O
.	O
කෙසේ	O
වුවද	O
,	O
ඇමරිකන්	LOC
විරෝධී	O
ප්‍රචණ්ඩ	O
උද්ඝෝෂණවල	O
නායකත්වය	O
ගෙන	O
ඇති	O
සටන්කාමී	O
තරුණ	O
පූජකයෙකු	O
වන	O
මොක්ටාඩා	PER
අල්	PER
සාදර්ගේ	PER
අන්තවාදී	O
ඉස්ලාමීය	O
දේශපාලනය	O
රට	O
තුළ	O
ප්‍රධාන	O
ෂියා	ORG
මහ	O
පූජකවරයා	O
වන	O
අයතොල්ලා	PER
අලි	PER
සිස්තානි	PER
විසින්	O
අනුමත	O
කැරෙන්නේ	O
නැත	O
.	O
මොක්ටාඩා	PER
කෙළින්	O
ම	O
හෙළා	O
දැකීම	O
ඇමරිකන්	LOC
ප්‍රතිපත්තිය	O
අනියමින්	O
අනුමත	O
කිරීමක්	O
විය	O
හැකි	O
බැවින්	O
ඔහු	O
මුහුණ	O
පා	O
ඇත්තේ	O
දුෂ්කර	O
ප්‍රශ්නයකට	O
ය	O
.	O
එහෙයින්	O
,	O
සිය	O
තරුණ	O
පූජකවරයාගේ	O
සටන්කාමී	O
දර්ශනය	O
ප්‍රතික්ෂේප	O
කරන	O
අතර	O
ම	O
,	O
රට	O
තුළ	O
ආක්‍රමණික	O
බලවතා	O
වන	O
ඇමරිකාවේ	LOC
පිළිවෙත	O
ද	O
ඔහුගෙන්	O
ප්‍රතික්ෂේප	O
කැරෙයි	O
.	O
තමන්ගේ	O
ම	O
හමුදාවක්	O
පිහිටුවා	O
ගෙන	O
ඉරාකයේ	LOC
ෂියා	ORG
බල	O
මධ්‍යස්ථාන	O
කිහිපයක්	O
නතු	O
කැර	O
ගැනීමට	O
ද	O
සමත්	O
වූ	O
මොක්ටාඩා	PER
,	O
ඇමරිකන්	ORG
හමුදා	ORG
පළවා	O
හැරීමට	O
කටයුතු	O
කරන	O
ලෙස	O
අසල්වැසි	O
කුවේටයේ	ORG
රජයට	ORG
බලපෑම්	O
කිරීමටත්	O
,	O
එහි	O
ඉස්ලාමීය	O
වැසියන්	O
උසිගැන්වීමටත්	O
පටන්	O
ගෙන	O
තිබේ	O
.	O
මේ	O
අතර	O
සදාම්	PER
හුසේන්ගෙන්	PER
පසු	O
ව	O
,	O
තමනට	O
ඉරාකය	LOC
තුළ	O
අලුත්	O
හිසරදයක්	O
ගෙන	O
දුන්	O
මොක්ටාඩා	PER
සාදර්	PER
කෙරෙහි	O
ආක්‍රමණශීලි	O
පිළිවෙතක්	O
ගැනීම	O
වෙනුවට	O
,	O
බාර	O
වන	O
ලෙස	O
ඔහුගේ	O
ඉල්ලා	O
සිටීමට	O
ඇමරිකන්	LOC
අධිකාරින්	O
පෙළැඹී	O
තිබේ	O
.	O
එසේ	O
බාර	O
වුවහොත්	O
ඔහුට	O
එරෙහිව	O
මිනී	O
මැරුම්	O
චෝදනා	O
මත	O
ක්‍රියා	O
නොකරන	O
බවට	O
ද	O
ප්‍රතිඥාවක්	O
දී	O
ඇති	O
බව	O
වාර්තා	O
විය	O
.	O
උසාවි	O
ගිය	O
කුණු	O
බාල්දියේ	O
වාසනාව	O
.	O
බුවනෝර්ස්	LOC
අයර්ස්හි	LOC
දී	O
ආර්ජන්ටීනියානු	LOC
ජාතික	O
පෝලෝ	PER
ඔල්ටමිරානෝ	PER
දිවි	O
ගැට	O
ගසා	O
ගත්තේ	O
කුණු	O
බාල්දි	O
ඇවිස්සීමෙනි	O
.	O
මෑතක	O
දී	O
කෝඩෝබා	LOC
නගරයේ	O
කුණු	O
බාල්දියක්	O
අවුස්සද්දී	O
එතුළ	O
මළකඩ	O
කෑ	O
පෙට්ටියක	O
තිබී	O
ඩොලර්	O
10,000ක්	O
ඔහුට	O
හමු	O
විය	O
.	O
මේ	O
හදිසි	O
වාසනාව	O
වහා	O
ම	O
ඔහුට	O
නිවසක්	O
,	O
මෝටරථ	O
දෙකක්	O
හා	O
සාප්පුවක්	O
සපයා	O
දීමට	O
සමත්	O
විය	O
.	O
එහෙත්	O
දැන්	O
ඔහුට	O
එරෙහි	O
ව	O
එම	O
මුදලට	O
හිමිකම්	O
කියන්නියක	O
නඩු	O
පවරා	O
තිබේ	O
.	O
එමිලා	PER
මැස්කෝයි	PER
නම්	O
70	O
හැවිරිදි	O
සාප්පු	O
හිමිකාරිය	O
ඇය	O
සතු	O
මුදල	O
ආපසු	O
ලබා	O
දෙන	O
ලෙස	O
අධිකරණයෙන්	O
ඉල්ලා	O
ඇත්තේ	O
සිය	O
නිවස	O
පවිත්‍ර	O
කිරීමේ	O
දී	O
සේවිකාවක	O
විසින්	O
එය	O
පරණ	O
පෙට්ටියකැයි	O
සිතා	O
කුණු	O
ගොඩට	O
දමා	O
ඇති	O
බව	O
පවසමිනි	O
.	O
46	O
හැවිරිදි	O
ඔල්ටිමිරානෝ	PER
පවසන්නේ	O
තමා	O
අපරාධකරුවකු	O
හෝ	O
කොල්ලකරුවෙකු	O
නොවන	O
බවයි	O
.	O
"	O
අපරාධ	O
චෝදනා	O
ලැබූවන්	O
ඇමති	O
පදවිවලින්	O
ඉවත්	O
කරන්න	O
"	O
ඉන්දීය	O
විරුද්ධ	O
පක්ෂය	O
රජයට	O
බල	O
කරයි	O
.	O
අපරාධ	O
සම්බන්ධයෙන්	O
චෝදනා	O
ලැබ	O
සිටින	O
ඇමතිවරුන්	O
ඉවත්	O
කරන	O
ලෙස	O
රජයෙන්	O
ඉල්ලමින්	O
,	O
ඉන්දියාවේ	LOC
ප්‍රධාන	O
විරුද්ධ	O
පක්ෂය	O
වන	O
හින්දු	ORG
ජාතිකවාදී	ORG
පාක්ෂික	O
මන්ත්‍රීවරු	O
පෙරේදා	O
නවදිල්ලි	LOC
නුවර	O
පෙළපාලි	O
පැවැත්	O
වූහ	O
.	O
විරුද්ධ	O
පක්ෂ	O
නායක	O
ලාල්	PER
ක්‍රිෂ්ණා	PER
අද්වානි	PER
විසින්	O
මෙහෙය	O
වන	O
ලද	O
මෙම	O
උද්ඝෝෂණ	O
පෙළපාලිය	O
අවසානයේ	O
ජනාධිපති	O
අබ්දුල්	PER
කලාම්ගේ	PER
නිවෙස	O
වෙත	O
පැමිණිය	O
අතර	O
දූෂිත	O
ඇමතිවරුන්	O
වහා	O
ම	O
තනතුරුවලින්	O
ඉවත්	O
කරන	O
ලෙස	O
ජනාධිපතිවරයා	O
වෙත	O
මෙම	O
මන්ත්‍රීවරුන්ගෙන්	O
ඉල්ලීමක්	O
කර	O
තිබේ	O
.	O
මේ	O
සම්බන්ධයෙන්	O
සිය	O
දැඩි	O
අවධානය	O
යොමු	O
කරන	O
බවට	O
,	O
ජනාධිපතිවරයා	O
ප්‍රතිඥා	O
දුන්නේ	O
යැයි	O
කියන	O
භාරතීය	ORG
ජනතා	ORG
පක්ෂයේ	ORG
ජ්‍යෙෂ්ඨ	O
නායකයකු	O
වන	O
අරුන්	PER
ජේට්ලි	PER
කෙසේ	O
වුවද	O
මීළඟ	O
පාර්ලිමේන්තු	O
වාරයේ	O
දී	O
මේ	O
මතභේදාත්මක	O
ගැටළුව	O
ඉදිරිපත්	O
කරන	O
බවද	O
පවසා	O
ඇත	O
.	O
ඉන්දීය	LOC
මැතිවරණ	O
නීතිරීතිවලට	O
අනුව	O
,	O
සාපරාධී	O
ක්‍රියා	O
සම්බන්ධ	O
චෝදනාවලට	O
මුහුණ	O
දී	O
ඇති	O
පුද්ගලයන්ට	O
,	O
ඇමති	O
පදවි	O
දැරිය	O
හැකි	O
වුවද	O
අපරාධ	O
සම්බන්ධයෙන්	O
වැරදිකරුවන්	O
වූවන්ට	O
එම	O
වරප්‍රසාදය	O
හිමි	O
වන්නේ	O
නැත	O
.	O
උතුරු	LOC
කොරියාවේ	LOC
ජංගම	O
දුරකතන	O
තහනම්	O
.   O
ඉකුත්	O
මැයි	O
මස	O
සිට	O
ජංගම	O
දුරකතන	O
භාවිතය	O
උතුරු	LOC
කොරියාවේ	LOC
තහනම්	O
ව	O
ඇත	O
.	O
ජංගම	O
දුරකතන	O
එරටට	O
හඳුන්වා	O
දී	O
වසර	O
එකහමාරක්	O
පමණ	O
ගත	O
ව	O
තිබියදී	O
මේ	O
තහනම	O
ක්‍රියාත්මක	O
ව	O
තිබේ	O
.	O
තහනමට	O
පැහැදිලි	O
හේතුවක්	O
දැක්වී	O
නැත	O
.	O
මෙම	O
තහනම	O
සත්‍යයක්	O
බවත්	O
දැන්	O
උතුරු	LOC
කොරියානු	LOC
අග	O
නගරයේ	O
වීදිවල	O
ජංගම	O
දුරකතන	O
භාවිතා	O
කරන්නන්	O
දක්නට	O
නැති	O
බවත්	O
උතුරු	LOC
කොරියානු	LOC
බලධාරීන්ගෙන්	O
පැවසී	O
ඇත	O
.	O
මේ	O
නිසා	O
කාර්යාල	O
සේවකයින්	O
හා	O
විදේශ	O
සංචාරකයින්	O
හෝටල්වල	O
පොදු	O
දුරකතන	O
සේවා	O
භාවිතය	O
සඳහා	O
පෝලිම්	O
ගැසී	O
සිටින	O
බව	O
ප්‍රකාශිත	O
ය	O
.	O
කෙසේ	O
වෙතත්	O
මෙම	O
තහනමට	O
අප්‍රේල්	O
මස	O
සිදු	O
වුණු	O
දුම්රිය	O
බෝම්බ	O
පිපිරුම	O
බලපාන්න	O
ඇති	O
බව	O
සැලකේ	O
.	O
මෙම	O
පිපිරුම	O
ජංගම	O
දුරකතන	O
මගින්	O
පණ	O
ගන්වන	O
ලද්දක්	O
බව	O
ආරක්ෂක	O
අංශවල	O
නිගමනය	O
වී	O
තිබේ	O
.	O
උතුරු	LOC
කොරියාවට	LOC
ජංගම	O
දුරකතන	O
හඳුන්වා	O
දෙන	O
ලද්දේ	O
2002	O
නොවැම්බරයේ	O
ය	O
.	O
2003	O
වන	O
විට	O
ජංගම	O
දුරකතන	O
භාවිතා	O
කරන්නන්	O
20000කට	O
වැඩි	O
ප්‍රමාණයක්	O
දක්වා	O
ඉහළ	O
ගිය	O
බව	O
ප්‍රකාශිතය	O
.	O
ආරක්ෂක	O
සහයෝගීතාව	O
තර	O
කිරීමට	O
ඉන්දියා	LOC
අමෙරිකා	LOC
ගිවිසුමක්	O
නවදිල්ලියේ	LOC
දී	O
ආරක්ෂක	O
කටයුතු	O
හා	O
භීෂණ	O
විරෝධි	O
ගෝලීය	O
යුද්ධය	O
පිළිබඳ	O
සහයෝගීතාව	O
ශක්තිමත්	O
කිරීමට	O
ඉන්දියාවත්	LOC
අමෙරිකාවත්	LOC
පෙරේදා	O
ගිවිස	O
ගත්තේ	O
ය	O
.	O
නව	O
ඉන්දීය	ORG
රජය	ORG
හා	O
අමෙරිකාවේ	LOC
ඉහළ	O
පෙලේ	O
ආරක්ෂක	O
නිලධාරියෙකු	O
අතර	O
පැවති	O
සාකච්ඡාවල	O
දී	O
මේ	O
ගිවිස	O
ගැන්ම	O
සිදු	O
ව	O
තිබේ	O
.	O
දකුණු	LOC
ආසියා	LOC
කලාපය	O
හා	O
ඉරාකය	LOC
කැරේ	O
අවධානයෙන්	O
යුතු	O
ව	O
ආරක්ෂක	O
කටයුතු	O
සම්බන්ධයෙන්	O
පැවති	O
මෙම	O
සාකච්ඡාවට	O
ඉන්දීය	O
නිලධාරීන්	O
සමග	O
එක්	O
ව	O
සිටියේ	O
අමෙරිකානු	LOC
ආරක්ෂක	O
ප්‍රතිපත්ති	O
පිළිබඳ	O
නියෝජ්‍ය	O
ලේකම්	O
ඩග්ලස්	PER
හීත්	PER
ය	O
.	O
මෙම	O
සාකච්ඡා	O
ඇරඹුණේ	O
ඉකුත්	O
අගහරුවාදා	O
ය	O
.	O
ගෝලීය	O
ත්‍රස්තවාදය	O
,	O
සමූහ	O
ඝාතන	O
අවිව්‍යාප්තිය	O
මූදු	O
තීර	O
ආරක්ෂාව	O
ආදිය	O
මේ	O
සාකච්ඡාවේ	O
දී	O
අවධානයට	O
ලක්	O
විය	O
.	O
අමෙරිකාවේ	LOC
ආරක්ෂණය	O
හා	O
ඇෆ්ගනිස්තානය	LOC
හා	O
ඉරාකයේ	LOC
ආරක්ෂක	O
තත්ත්වය	O
ද	O
තවදුරටත්	O
සාකච්ඡා	O
කැරිණි	O
.	O
ඉරාකයට	LOC
ඉන්දිය	ORG
හමුදා	ORG
යැවීමේ	O
ඉල්ලීමක්	O
පූර්ව	O
රජයෙන්	O
ප්‍රතික්ෂේප	O
වී	O
තිබිණ	O
.	O
එහෙත්	O
රජය	O
යටතේ	O
එහි	O
යැවිය	O
හැකි	O
හමුදා	O
සේනාංකයක්	O
දැනට	O
ම	O
වෙන්	O
කොට	O
ඇති	O
බව	O
පවසන	O
ජ්‍යෙෂඨ	O
නිලධරයකු	O
එ.	ORG
ජා.	ORG
සංවිධානය	ORG
විසින්	O
ඉල්ලීමක්	O
කළහොත්	O
ඔවුන්	O
ඉරාකයේ	LOC
යොදවන	O
බව	O
කියා	O
ඇත	O
.	O
ඉරාක	LOC
ජනතාවට	O
එරට	O
බලය	O
පැවරෙන	O
ජුනි	O
30දායින්	O
පසු	O
සන්ධාන	O
හමුදාවේ	O
අනාගත	O
පැවැත්ම	O
පිළිබඳ	O
තීරණ	O
ගැන්මේ	O
බලය	O
තමන්ට	O
ලබා	O
දෙන	O
ලෙස	O
ඉරාක	ORG
නව	ORG
අතුරුවාර	ORG
රජය	ORG
පෙරේදා	O
එ.	ORG
ජා.	ORG
සංවිධානයෙන්	ORG
ඉල්ලා	O
සිටියේ	O
ය	O
.	O
එහෙත්	O
ඉරාකීයයන්ට	PER
බලය	O
පැවරීම	O
පිළිබඳ	O
අමෙරිකා	LOC
-	O
බ්‍රිතාන්‍ය	LOC
සැලැස්ම	O
සම්බන්ධයෙන්	O
ආරක්ෂක	O
මණ්ඩලය	O
හමුවේ	O
කරුණු	O
දක්	O
වන	O
විදේශ	O
ඇමති	O
හොෂියාර්	PER
සෙබාරි	PER
පවසා	O
ඇත්තේ	O
ඉරාකයේ	LOC
ආරක්ෂාවට	O
උපකාරි	O
වනු	O
පිණිස	O
අමෙරිකාව	LOC
ප්‍රමුඛ	O
සන්ධාන	O
හමුදාව	O
එහි	O
රැදී	O
සිටීම	O
අතුරුවාර	O
රජයේ	O
අපේක්ෂාව	O
බව	O
ය	O
.	O
කෙසේ	O
වෙතත්	O
මෙම	O
සන්ධාන	O
හමුදාවේ	O
රැඳී	O
සිටීම	O
සම්බන්ධ	O
තීරණ	O
ගැනීමට	O
සංක්‍රමික	O
ඉරාක	ORG
රජයට	ORG
බලයක්	O
තිබිය	O
යුතු	O
අතර	O
එය	O
නව	O
යෝජනාවෙන්	O
පිළිබිඹු	O
විය	O
යුතු	O
බව	O
ද	O
සෙබාරි	PER
කියා	O
ඇත්තේ	O
නව	O
රජයට	O
ආරක්ෂක	O
කටයුතු	O
සම්බන්ධ	O
බලය	O
තිබිය	O
යුතු	O
බව	O
පවසමිනි	O
.	O
ජුනි	O
30න්	O
පසු	O
සන්ධාන	O
හමුදාව	O
සම්බන්ධ	O
අවසන්	O
තීරණ	O
ගැනීමේ	O
බලය	O
හිමි	O
විය	O
යුත්තේ	O
කාට	O
ද	O
යන්න	O
එ.	ORG
ජා.	ORG
ආරක්ෂක	ORG
මණ්ඩලයේ	ORG
විවාදයට	O
ලක්	O
ව	O
තිබෙන්නකි	O
.	O
සන්ධාන	O
හමුදා	O
ඉරාකයෙන්	LOC
ඉවත්	O
වීමට	O
දින	O
වකවානු	O
නියම	O
කළ	O
යුතු	O
බවට	O
ප්‍රංශය	LOC
,	O
ජර්මනිය	LOC
හා	O
චීනයෙන්	LOC
කැරෙන	O
යෝජනාව	O
ප්‍රතික්ෂේප	O
කරන	O
සෙබාරි	PER
පවසන්නේ	O
අන්තර්	O
ජාතික	O
හමුදා	O
කල්	O
ඇතුව	O
ම	O
ඉවත්	O
වීමෙන්	O
ඉරාකය	LOC
අවුල්	O
වී	O
යා	O
හැකි	O
අතර	O
සැබෑ	O
සිවිල්	O
යුද්ධයකට	O
මග	O
පෑදෙනු	O
ඇති	O
බව	O
ය	O
.	O
ඊශ්‍රායලය	LOC
ඇමතිවරු	O
දෙදෙනෙක්	O
ෂැරොන්	PER
රජයෙන්	O
ඉවතට	O
.   O
ගාසා	LOC
තීරයෙන්	LOC
ඊශ්‍රායල්	LOC
ජනාවාස	O
ඉවත්	O
කිරීමේ	O
සිය	O
සැලැස්ම	O
අනුමත	O
කර	O
ගැනීමට	O
බහුතර	O
කැබිනට්	O
අනුමැතියක්	O
ලබා	O
ගැනීම	O
සඳහා	O
ඊශ්‍රායල්	LOC
අගමැති	O
එරියල්	PER
ෂැරොන්	PER
ඊයේ	O
සිය	O
දැඩි	O
මතධාරී	O
ඇමතිවරුන්	O
දෙදෙනකු	O
තනතුරුවලින්	O
පහ	O
කළේ	O
ය	O
.	O
ගාසා	LOC
සැලැස්ම	O
පිළිබඳ	O
ව	O
ඡන්ද	O
විමසීම	O
ලබන	O
ඉරිදාට	O
නියමිත	O
ව	O
ඇති	O
අතර	O
,	O
සිය	O
ලිකුඩ්	ORG
පක්ෂයේ	O
කැරලිකාර	O
සාමාජිකයන්	O
කිහිපදෙනකු	O
,	O
මෙම	O
සැලැස්මට	O
ඡන්දය	O
පාවිච්චි	O
කිරීම	O
සඳහා	O
පොළඹවා	O
ගැනීමේ	O
අසාර්ථක	O
උත්සාහයෙන්	O
අනතුරුව	O
දක්ෂිණාංශික	O
දේශපාලන	O
පක්ෂයක්	O
වන	O
නැෂනල්	ORG
යුනියන්	ORG
පක්ෂයට	ORG
අයත්	O
ඉහත	O
ඇමතිවරුන්	O
ඉවත්	O
කිරීමේ	O
වෙනත්	O
උපක්‍රමයකට	O
ෂැරොන්	PER
පියවර	O
ගෙන	O
තිබේ	O
.	O
ප්‍රධානීන්	O
දෙදෙනකු	O
ඉල්ලා	O
අස්	O
වීමෙන්	O
සී.	ORG
අයි.	ORG
ඒ.	ORG
ආයතනය	ORG
අර්බුදයක	O
.   O
අමෙරිකාවේ	LOC
සී.	ORG
අයි.	ORG
ඒ.	ORG
ආයතනයේ	ORG
අධ්‍යක්ෂ	O
ජෝර්ජ්	PER
ටෙනෙට්	PER
සිය	O
ධූරයෙන්	O
ඉල්ලා	O
අස්	O
වීමේ	O
ලිපිය	O
ඉදිරිපත්	O
කැර	O
ඇති	O
අතර	O
ඒ	O
අනුව	O
ලබන	O
මාසයේ	O
ඔහුගේ	O
ධූර	O
කාලයට	O
සත්	O
වසරක්	O
පිරීම	O
සමග	O
ඉන්	O
ඉවත්	O
වන	O
බව	O
ප්‍රකාශ	O
කැර	O
තිබේ	O
.	O
මේ	O
අතර	O
එහි	O
නියෝජ්‍ය	O
අධ්‍යක්ෂ	O
ජේම්ස්	PER
පැවිට්	PER
ද	O
ආයතනයෙන්	O
විශ්‍රාම	O
යාමට	O
තීරණය	O
කැර	O
ඇතැයි	O
ප්‍රකාශ	O
වීමෙන්	O
අර්බුදයක්	O
මතු	O
ව	O
ඇති	O
බව	O
කියැවේ	O
.	O
ටෙනෙට්ටත්	PER
කලින්	O
තමා	O
එම	O
තීරණය	O
ගෙන	O
තිබූ	O
බව	O
ඔහු	O
කියා	O
ඇත	O
.	O
51	O
හැවිරිදි	O
ටෙනෙට්	PER
පුද්ගලික	O
හේතු	O
මත	O
ඉල්ලා	O
අස්	O
වන	O
බව	O
ප්‍රකාශ	O
කැර	O
ඇතැයි	O
ජනාධිපති	O
බුෂ්	PER
ද	O
පවසා	O
ඇත	O
.	O
ඩයනාගේ	PER
මව	O
මිය	O
යයි	O
.   O
මිය	O
ගිය	O
බ්‍රිතාන්‍යයේ	LOC
ඩයනා	PER
කුමරියගේ	O
මව	O
වන	O
ෆ්‍රාන්සස්	PER
ෂාන්ඩ්	PER
කිඩ්	PER
දිගු	O
කලක්	O
අසනීප	O
ව	O
සිට	O
පෙරේදා	O
මිය	O
ගියාය	O
.	O
මියෙන	O
විට	O
ඇය	O
68	O
වියේ	O
පසු	O
විය	O
.	O
ඇගේ	O
අභාවයෙන්	O
තමාත්	O
සොයුරු	O
හැරිත්	PER
දැඩි	O
කම්පාවට	O
පත්	O
බව	O
බ්‍රිතාන්‍ය	LOC
කිරුලේ	O
දෙවැනි	O
හිමිකරු	O
වන	O
විලියම්	PER
කුමරු	O
සිය	O
මිත්තනියගේ	O
අභාවය	O
වෙනුවෙන්	O
නිකුත්	O
කළ	O
නිවේදනයක	O
දැක්	O
වේ	O
.	O
ඩයනා	PER
කුමරියගේ	O
හිටපු	O
සැමියා	O
වු	O
චාර්ල්ස්	PER
කුමරු	O
හා	O
බ්‍රිතාන්‍ය	LOC
මහරැජින	O
ද	O
ඇගේ	O
අභාවය	O
පිළිබඳ	O
ස්පෙන්සර්	PER
පවුලට	O
ශෝක	O
පණිවිඩ	O
යවා	O
ඇත	O
.	O
සතියක්	O
තුළ	O
පාකිස්තානයෙන්	LOC
තවත්	O
මිසයිලයක්	O
.   O
න්‍යෂ්ටික	O
යුද	O
හිසක්	O
රැඳ	O
විය	O
හැකි	O
තවත්	O
බැලිස්ටික්	O
මිසයිලයක්	O
පකිස්තානය	LOC
ඊයේ	O
සාර්ථක	O
ලෙස	O
අත්හදා	O
බැලීය	O
.	O
තවත්	O
"	O
ගවුරි	O
"	O
මිසයිලයක්	O
අත්හදා	O
බැලු	O
බව	O
හමුදා	O
අංශයෙන්	O
ද	O
ප්‍රකාශ	O
වී	O
තිබේ	O
.	O
ඉකුත්	O
සෙනසුරාදා	O
1500ක්	O
දුර	O
දිවෙන	O
මිසයිලයක්	O
අත්හදා	O
බැලීමෙන්	O
පසු	O
ඔවුන්	O
සතියක්	O
තුළ	O
අත්හදා	O
බැලූ	O
දෙවැනි	O
මිසයිලය	O
මෙයයි	O
.	O
ජී.	ORG
8	ORG
සමුළුවට	O
බුෂ්ගෙන්	PER
මුස්ලිම්	O
රටවල්	O
5කට	O
ඇරියුම්	O
වොෂිංටනයේ	LOC
දී	O
ය	O
.	O
ලබන	O
මාසයේ	O
පැවැත්වීමට	O
නියමිත	O
,	O
ලොව	O
ප්‍රධාන	O
කාර්මික	O
රටවල්	O
අටේ	O
සමුළුවට	O
සහභාගි	O
වන	O
ලෙස	O
,	O
අමෙරිකානු	LOC
ජනාධිපති	O
බුෂ්	PER
,	O
ඇෆ්ගනිස්තානය	LOC
,	O
ඇල්ජීරියාව	LOC
,	O
බහරේනය	LOC
,	O
ජෝර්දානය	LOC
සහ	O
යේමනය	LOC
යන	O
ඉස්ලාමීය	O
රටවල	O
රාජ්‍ය	O
නායකයන්ට	O
ඇරියුම්	O
කර	O
ඇතැයි	O
ධවල	LOC
මන්දිරය	LOC
පෙරේදා	O
පැවසී	O
ය	O
.	O
මැද	LOC
පෙරදිග	LOC
රටවල	O
,	O
සිදු	O
කිරීමට	O
බුෂ්	PER
විසින්	O
සැලසුම්	O
කර	O
තිබෙන	O
,	O
කලාපීය	O
ප්‍රතිසංස්කරණ	O
කටයුතු	O
පිළිබඳ	O
මෙම	O
රටවල	O
නායකයන්	O
දැනුවත්	O
කිරීම	O
,	O
මෙහි	O
අරමුණ	O
වූවද	O
මේ	O
අතරින්	O
ඇතැම්	O
රටවල්	O
දැනටමත්	O
බුෂ්ගේ	PER
ආරාධනය	O
ප්‍රතික්ෂේප	O
කර	O
ඇතැයි	O
ද	O
ධවල	LOC
මන්දිරය	LOC
විසින්	O
නිකුත්	O
කළ	O
ප්‍රකාශයක	O
සඳහන්	O
වෙයි	O
.	O
ජී.	ORG
8	ORG
සමුළුව	O
,	O
ලබන	O
ජූනි	O
මස	O
9වැනි	O
දා	O
ජෝර්ජියාවේ	LOC
සී	LOC
දූපතේ	LOC
දී	O
පැවැත්වීමට	O
නියමිත	O
ය	O
.	O
මැඩ්රීඩ්	LOC
බෝම්බ	O
සිද්ධියේ	O
සැකකරුගෙන්	O
අමෙරිකා	ORG
රහස්	ORG
පොලීසිය	ORG
සමාව	O
ගනී	O
.   O
ඉකුත්	O
මාර්තු	O
11	O
දා	O
ඇති	O
වූ	O
ස්පාඤ්ඤ	LOC
මැඩ්රිඩ්	LOC
දුම්රිය	O
බෝම්බ	O
සිද්ධියේ	O
ප්‍රධාන	O
සාක්ෂිකරුවෙකු	O
ලෙස	O
අත්අඩංගුවට	O
ගෙන	O
දෙසතියක්	O
තිස්සේ	O
රඳවා	O
ගනු	O
ලැබූ	O
අමෙරිකාවේ	LOC
ඔරිගොන්හි	LOC
මුස්ලිම්	O
නීති	O
වේදියෙකු	O
පෙරේදා	O
නිදහස්	O
කැර	O
ඇත්තේ	O
අමෙරිකානු	ORG
රහස්	ORG
පොලීසිය	ORG
(	O
එෆ්.	ORG
බී.	ORG
අයි.	ORG
)	O
ඔහුගෙන්	O
සමාව	O
යදිමිණි	O
.	O
37	O
හැවිරිදි	O
බ්‍රැන්ඩන්	PER
මේ	PER
ෆීල්ඩ්	PER
නම්	O
ඔහු	O
,	O
1984	O
වැදගත්	O
සාක්ෂිකරුවන්	O
පිළිබඳ	O
නීතිය	O
යටතේ	O
අත්අඩංගුවට	O
ගෙන	O
තිබූ	O
මැඩ්රීඩ්	LOC
දුම්රිය	O
බෝම්බ	O
පුපුරා	O
යාම	O
සිදු	O
වු	O
තැන	O
හමු	O
වූ	O
ඩෙටනේටර්	O
අඩංගු	O
බෑගයක	O
ඔහුට	O
සමාන	O
ඇඟිලි	O
සලකුණක්	O
තිබීමෙන්	O
බව	O
එෆ්.	ORG
බී.	ORG
අයි.	ORG
ආයතනය	ORG
කියා	O
තිබේ	O
.	O
එහෙත්	O
ඔහු	O
වැරදි	O
හැඳිනීමකට	O
ගොදුරු	O
වූවෙකු	O
බව	O
පවසමින්	O
අධිකරණයෙන්	O
පෙරේදා	O
නිදහස්	O
කැරිණි	O
.	O
මෙහි	O
දී	O
එෆ්.	ORG
බී.	ORG
අයි.	ORG
ආයතනය	ORG
වෙනම	O
පුවත්	O
පත්	O
සාකච්ඡාවක්	O
කැඳවා	O
ඔහු	O
හා	O
ඔහුගේ	O
පවුලේ	O
අයගෙන්	O
ඇති	O
වූ	O
දුෂ්කරතාවය	O
ගැන	O
සමාව	O
යැද	O
තිබේ	O
.	O
