මහනුවර	LOC
ගලගෙදර	LOC
මැදගොඩ	ORG
ශ්‍රී	ORG
සිද්ධාර්ථෝදය	ORG
විද්‍යාතන	ORG
පිරිවෙනේ	ORG
නියෝජ්‍ය	O
පරිවේනාධිපති	O
දිඹුල්කුඹුරේ	PER
විසුද්ධානන්ද	PER
හිමි	O
.	O
දරැවනි	O
,	O
ඔබ	O
ළමා	O
ලෝකය	O
ගත	O
කරන	O
බව	O
පළමුව	O
හිතට	O
ගන්න	O
ඕනෙ	O
.	O
එදා	O
ළමයින්	O
බලාගෙන	O
හිටියෙ	O
පෝය	O
දවස	O
එනකම්	O
.	O
ලොකු	O
මල්	O
වට්ටියක්	O
හදාගෙන	O
පන්සල්	O
යන්න	O
.	O
හාමුදුරැවන්ට	O
වැදල	O
‘හොඳ	O
ළමයා’	O
කියල	O
ඇහුවම	O
ඔබට	O
ඒක	O
මහා	O
පෞරුෂයක්	O
වුණා	O
.	O
ඔබ	O
අද	O
ඉදල	O
පවුලෙ	O
ගමේ	O
ඉන්න	O
හොඳම	O
ළමයා	O
වෙන්න	O
මේ	O
අදහස්	O
පිළිපදින්න	O
.	O
කොළඹ	ORG
විශ්ව	ORG
විද්‍යාලයේ	ORG
නීති	O
පීඨයේ	O
කථිකාචාර්ය	O
,	O
ජනාධිපති	O
නීතිඥ	O
ප්‍රශාන්ත	PER
ලාල්	PER
ද	PER
අල්විස්	PER
මහතා	O
අද	O
ළමයි	O
අතට	O
නවීන	O
තාක්ෂණය	O
ගිහින්	O
තියෙනවා	O
.	O
ඒ	O
වගේම	O
අම්මා	O
,	O
තාත්තා	O
ඔබ	O
සමග	O
ගත	O
කරන	O
වේලාව	O
අඩු	O
වෙලා	O
.	O
ඉස්සර	O
තාක්ෂණය	O
මේ	O
විදිහට	O
පැතිරැණේ	O
නෑ	O
.	O
මනෝ	O
විද්‍යා	O
උපදේශක	O
චන්දන	PER
ගුණවර්ධන	PER
මහතා	O
මේ	O
කවිය	O
කියවන්න	O
.	O
රාත්‍රිය	O
තිස්සෙම	O
සමහර	O
දරැවො	O
ෆෙස්	ORG
බුක්	ORG
එකේ	O
කවුරු	O
එක්කද	O
කතා	O
කරන්නෙ	O
කියල	O
සමහර	O
විට	O
ඔබ	O
දන්නෙ	O
නෑ	O
.	O
මේවායින්	O
කතා	O
කරන	O
බොහෝ	O
අය	O
පවසන්නේ	O
බොරු	O
.	O
.සුන්දර	O
කතා	O
විතරයි	O
.	O
ෆේස්	ORG
බුක්	ORG
එකේ	O
ඉන්නෙ	O
හරිම	O
අහිංසක	O
විදිහට	O
.	O
හැබැයි	O
නරක	O
දේත්	O
වෙන්න	O
පුළුවන්	O
.	O
ඒ	O
නිසා	O
දුවේ…	O
පුතේ…	O
අදම	O
ඔබ	O
පරිගණකය	O
,	O
රෑපවාහිනිය	O
,	O
ජංගම	O
දුරකථනය	O
අයින්	O
කරලම	O
දාන්න	O
.	O
අවශ්‍ය	O
නම්	O
මවුපියන්ට	O
පවසා	O
ඔවුන්ගේ	O
අනුදැනුම	O
මත	O
පමණක්	O
ඔබේ	O
අවශ්‍යතාව	O
ඉටු	O
කර	O
වහාම	O
ඉන්	O
ඉවත්	O
වෙන්න	O
.	O
ෆේස්	ORG
බුක්	ORG
වැනි	O
සමාජ	O
ජාල	O
වෙබ්	O
අඩවි	O
ඔබට	O
අනවශ්‍යම	O
දෙයක්	O
.	O
අපේ	O
රටේ	O
අධ්‍යාපන	O
ක්‍රමය	O
මේ	O
පහසුකම්	O
නැතිව	O
කළ	O
හැකියි	O
.	O
එය	O
හොඳට	O
මතක	O
තබා	O
ගන්න	O
.	O
පාසල්	O
ළමයින්	O
ප්‍රවාහනය	O
කෙරෙන	O
වෑන්	O
රථ	O
හා	O
බස්	O
රථ	O
සඳහා	O
ජී.	O
පී.	O
එස්.	O
තාක්‍ෂණය	O
හඳුන්වාදීමට	O
පියවර	O
ගන්නා	O
බව	O
පෞද්ගලික	O
ප්‍රවාහන	O
සේවා	O
අමාත්‍ය	O
සී.	PER
බී.	PER
රත්නායක	PER
මහතා	O
පවසයි	O
.	O
පාසල්	O
ළමයින්	O
ප්‍රවාහන	O
සේවාව	O
විධිමත්	O
කිරීමේ	O
අරමුණින්	O
එම	O
සේවා	O
රථ	O
නියාමනය	O
කර	O
පොදු	O
ප්‍රතිපත්තියක්	O
යටතේ	O
ක්‍රියාත්මක	O
කිරීම	O
සඳහා	O
14	O
දෙනකුගෙන්	O
යුත්	O
කමිටුවක්	O
ද	O
අමාත්‍ය	O
රත්නායක	PER
මහතා	O
විසින්	O
පත්කර	O
ඇත	O
.	O
පාසල්	O
දරුවන්	O
ප්‍රවාහන	O
රථ	O
මගින්	O
දරුවන්ට	O
රක්ෂණ	O
ක්‍රමයක්	O
ඇති	O
කිරීම	O
පිළිබඳව	O
අවධානය	O
යොමුව	O
තිබෙන	O
බවත්	O
පවසන	O
අමාත්‍ය	O
රත්නායක	PER
මහතා	O
මෙම	O
රථ	O
පාසල	O
ආසන්නයේම	O
ස්ථානයක	O
නවතා	O
තැබීමටත්	O
ඒ	O
හරහා	O
රියදුරන්ට	O
හා	O
පාලිකාවන්ට	O
අවශ්‍ය	O
යටිතල	O
පහසුකම්	O
දීම	O
පිළිබඳවත්	O
තම	O
අමාත්‍යාංශයේ	O
අවධානය	O
යොමු	O
වී	O
තිබෙන	O
බවද	O
කී	O
පාසල්	O
ළමයින්	O
ප්‍රවාහන	O
රථ	O
නියාමනය	O
කර	O
පොදු	O
ප්‍රතිපත්තියක්	O
යටතේ	O
ක්‍රියාත්මක	O
කිරීමට	O
උපදෙස්	O
දී	O
ඇත	O
.	O
ලෝකයේ	O
ආදි	O
කාලීන	O
නිවර්තන	O
වැසි	O
වනාන්තර	O
අතරට	O
ඒක්වන	O
ශ්‍රී	LOC
ලංකාවේ	LOC
ජෛව	O
විවිධත්වයේ	O
හදවත	O
ලෙස	O
සැලකෙන	O
සිංහරාජ	LOC
වනයද	LOC
අයත්වේ	O
.	O
මෙය	O
ලෝකයේම	O
ඉතිරිව	O
පවත්නා	O
එක්	O
නොඉඳුල්	O
වැසි	O
වනාන්තර	O
පද්ධතියකි	O
.	O
මිනිස්	O
පහස	O
නොලද	O
ශී‍්‍ර	LOC
ලංකාවේ	LOC
පහතරට	O
අවසන්	O
නිවර්තන	O
වැසි	O
වනාන්තරය	O
ලෙස	O
ද	O
සැලකේ	O
.	O
සිංහරාජ	LOC
වනයේ	LOC
සිය	O
ආධිපත්‍ය	O
පතුරුවාගත්	O
සිංහයෙක්	O
වනයේ	O
සතුන්ටත්	O
ප‍්‍රදේශයේ	O
ගම්වැසියන්ට	O
මහත්සේ	O
හිරිහැර	O
කර	O
ඇති	O
බව	O
ජනප‍්‍රවාදයේ	O
පැවසේ	O
.	O
වනයට	O
ඇතුළු	O
වූ	O
ශක්ති	O
සම්පන්න	O
පුද්ගලයකු	O
විසින්	O
මේ	O
සිංහයා	O
ගල්	O
ගසා	O
මරාදැමූණු	O
බවත්	O
සිංහයා	O
ජීවත්	O
වූ	O
ගුහාව	O
සිංහගල	O
ප‍්‍රදේශය	O
වශයෙනුත්	O
ආධිපත්‍යය	O
දැරූ	O
වනය	O
සිංහරාජය	LOC
වශයෙනුත්	O
වී	O
යැයිද	O
ජනප‍්‍රවාදයේ	O
පවතී	O
.	O
සිංහල	O
ජාතියේ	O
ආරම්භකයා	O
යැයි	O
සැලකෙන	O
සිංහයෙකුට	O
මෙය	O
වාසභවනය	O
වූ	O
බවටද	O
ජනප‍්‍රවාදයේ	O
එන	O
විශ්වාසයකි	O
.	O
සිංහලයේ	O
රාජවනය	O
හෝ	O
සිංහල	O
රජවරුන්ගේ	O
රාජකීය	O
වනය	O
හො	O
වීයැයිද	O
ජනප‍්‍රවාදයේ	O
දැක්වේ	O
.	O
තෙත්	O
කලාපයේ	O
ගාල්ල	LOC
,	O
මාතර	LOC
සහ	O
රත්නපුර	LOC
දිස්ති‍්‍රක්ක	O
තුන	O
තුළ	O
හෙක්ටයාර්	O
11,187	O
ක්	O
පුරා	O
ව්‍යාප්තව	O
ඇති	O
සිංහරාජ	LOC
වනය	LOC
ලොවපුරා	O
පරිසරවේදීන්ගේ	O
අවධානයට	O
ලක්වූ	O
පරිසර	O
පද්ධතියකි	O
.	O
ලෝක	O
උරුම	O
පරිසර	O
සංරක්ෂණ	O
ලැයිස්තුවට	O
ඇතුළත්ව	O
සංරක්ෂණයට	O
ලක්	O
වී	O
ඇති	O
සිංහරාජ	LOC
වනාන්තරය	LOC
1926	O
මැයි	O
21	O
වැනි	O
දින	O
සිංහරාජ	LOC
වනය	LOC
සංරක්ෂිත	O
වනාන්තරයක්	O
ලෙස	O
නම්	O
කෙරිණ	O
.	O
නමුත්	O
එම	O
නම්	O
කිරීම	O
1936දී	O
අවලංගු	O
කර	O
ඇත	O
.	O
1975	O
දී	O
සිංහරාජ	LOC
වනය	LOC
ජෛව	O
ගෝලය	O
යටතේ	O
ආරක්ෂිත	O
ප‍්‍රදේශයක්	O
වශයෙනුත්	O
1978	O
දී	O
ජාත්‍යන්තර	O
මිනිසා	O
හා	O
ජෛවගෝල	O
රක්ෂිතයක්	O
වශයෙනුත්	O
නම්කර	O
ඇත	O
.	O
සිංහරාජය	LOC
1977	O
දී	O
දැඩි	O
ආරක්ෂිත	O
වනාන්තරයක්	O
වශයෙන්	O
ශී‍්‍ර	LOC
ලංකා	LOC
රජයද	O
,	O
1989	O
වසරේදී	O
යුනෙස්කෝව	ORG
විසින්	O
ලෝක	O
උරුම	O
වන	O
භූමියක්	O
වශයෙන්ද	O
නම්	O
කළ	O
අතර	O
ලෙස	O
නම්	O
කරන	O
ලදී	O
.	O
භූගෝගීය	O
ලක්ෂණ	O
සිංහරාජ	LOC
වනය	LOC
නිරන්තර	O
වැසි	O
වනාන්තරයක්	O
වී	O
ඇති	O
අතර	O
මෙයට	O
නිරිතදිග	O
හා	O
ඊසානදිග	O
යන	O
මෝසම්	O
දෙකින්ම	O
වැසි	O
ලැබෙයි	O
.	O
එහෙත්	O
වනාන්තරයට	O
වැඩිම	O
වර්ෂාපතනයක්	O
ලැබෙනුයේ	O
නිරිතදිග	O
(මැයි-සැප්තැම්බර්)	O
මෝසම්	O
සුළඟිනි	O
.	O
එහි	O
සාමාන්‍ය	O
වර්ෂාපතනය	O
මිලි	O
මීටර්	O
3000-6000	O
පමණවේ	O
.	O
අඩුම	O
වර්ෂාපතනය	O
මිලි	O
මීටර්	O
50ක්	O
පමණ	O
වේ	O
.	O
සිංහරාජ	LOC
නැරඹිම	O
සඳහා	O
මහජනයාට	O
විවෘත	O
ප‍්‍රදේශයට	O
ඇතුළුවීමට	O
මාර්ග	O
සතරක්	O
ඇත	O
.	O
එනම්	O
කලවාන	LOC
-	O
වැද්දාගල	LOC
මාර්ගය	O
,	O
රක්වාන	LOC
-	O
මෝනින්	LOC
සයිඞ්	LOC
මාර්ගය	O
,	O
හිනිදුම	LOC
-	O
නෙලූව	LOC
මාර්ගය	O
සහ	O
දෙනියාය	LOC
-	O
පල්ලෙගම	LOC
මාර්ග	O
ඔස්සේ	O
පැමිණිය	O
හැක	O
.	O
වන	ORG
සංරක්ෂණ	ORG
දෙපාර්තමේන්තුවේ	ORG
මඟ	O
පෙන්වන්නෙකු	O
නොමැතිව	O
මෙම	O
පෙදෙස්වලට	O
ඇතුළුවීමට	O
අවසර	O
දෙනු	O
නොලැබේ	O
.	O
මුහුදු	O
මට්ටමේ	O
සිට	O
මීටර්	O
300	O
x	O
1170	O
(අඩි	O
1000	O
x	O
4000)	O
ක්	O
උස	O
සිංහරාජය	LOC
,	O
සබරගමුව	LOC
සහ	O
දකුණු	LOC
පළාත්වලට	O
අයත්ව	O
රක්වාන	LOC
කඳුපන්තියේ	O
බෑවුම්	O
සහ	O
නිම්න	O
ඔස්සේ	O
පැතිර	O
ඇත	O
.	O
මෙහි	O
මීටර්	O
600	O
ට	O
වැඩි	O
කඳු	O
හතක්	O
දැකිය	O
හැකිය	O
.	O
නම්	O
හිනිපිටිගල	LOC
,	O
තිබ්බොට	LOC
ගල	LOC
,	O
කොස්ගුලන	LOC
,	O
දෝතලූගල	LOC
,	O
මුලාවැල්ල	LOC
හා	O
සිංහගල	LOC
,	O
පතිනිගල	LOC
යන	O
කඳුමුදුන්ය	O
.	O
මෙහි	O
උසම	O
ස්ථානය	O
හිනිපිටිගල	LOC
(බටහිර)	O
කඳුමුදුනයි	O
.	O
මෙය	O
මුහුදු	O
මට්ටමේ	O
සිට	O
මීටර්	O
1170	O
උසය	O
.	O
අවම	O
උස	O
මීටර්	O
90කි	O
.	O
පාංශූ	O
ස්තරය	O
රතු	O
කහ	O
පොඞ්සොලික්	O
කාණ්ඩයේ	O
පස්	O
සහ	O
ජලය	O
ආශි‍්‍රත	O
ප‍්‍රදේශවල	O
ඇලූවියස්	O
පස්ද	O
දැකිය	O
හැකිය	O
.	O
මෙහි	O
පවතින	O
උෂ්ණත්වය	O
සහ	O
අධික	O
වර්ෂාපතනය	O
ආදී	O
දේශගුණික	O
සාධක	O
අනුව	O
සිංහරාජයේ	LOC
මවු	O
පාෂාණ	O
කබොක්	O
සහ	O
ලැටරික්	O
පස්	O
බවට	O
පරිවර්තනයවේ	O
.	O
අවුරුද්ද	O
මුළුල්ලේම	O
පවතින	O
අධික	O
වර්ෂාව	O
නිසා	O
මෙහි	O
තෙත්	O
සහිත	O
ස්වභාවය	O
සහ	O
පාංශූ	O
ජීවීන්ගේ	O
පුර්ණ	O
කි‍්‍රයාකාරිත්වය	O
නිසා	O
පසට	O
එකතුවන	O
පෝෂක	O
නැවත	O
ඒ	O
ශිඝ‍්‍රතාවයෙන්ම	O
පසට	O
උරාගනී	O
.	O
මේ	O
නිසා	O
සිංහරාජයේ	LOC
එතරම්	O
සාරවත්	O
පසක්	O
නැත	O
.	O
ජල	O
දහරා	O
සිංහරාජයෙහි	LOC
ගලා	O
යන	O
දිය	O
දහරාවන්ගෙන්	O
පෝෂණය	O
ලබන	O
ගංගා	O
දෙකකි	O
.	O
මෙහි	O
දකුණු	LOC
ප‍්‍රදේශයෙන්	O
ගිං	LOC
ගඟත්	LOC
උතුරු	LOC
ප‍්‍රදේශයෙන්	O
කළු	LOC
ගඟත්	LOC
ගලා	O
බසී	O
.	O
නාපොළ	LOC
දොළ	LOC
,	O
කළුකන්දාව	LOC
ඇළ	LOC
,	O
මහ	LOC
දොළ	LOC
,	O
කොස්ගුලන	LOC
ගඟ	LOC
,	O
පිටකැලේ	LOC
ගඟ	LOC
සහ	O
කුඩව	LOC
ගඟ	LOC
ආදී	O
ගංගා	O
රැුසක්	O
පවතී	O
.	O
මෙහි	O
බ‍්‍රාහක්මන	LOC
ඇල්ල	LOC
,	O
ගල්දොරුව	LOC
,	O
දුලී	LOC
ඇල්ල	LOC
,	O
ඌරා	LOC
වැටුණ	LOC
ඇල්ල	LOC
ආදී	O
දිය	O
ඇලි	O
රැුසක්ද	O
දක්නට	O
ලැබේ	O
.	O
ශාක	O
පද්ධතිය	O
නිවර්තන	O
වර්ෂා	O
වනාන්තරයක්	O
සහ	O
නිවර්තන	O
තෙත්	O
සදාහරිතලෙස	O
වර්ග	O
කර	O
ඇති	O
සිංහරාජ	LOC
වනාන්තරයෙ	LOC
වසර	O
පුරාම	O
හරිත	O
වර්ණයෙන්	O
යුත්	O
ස්තර	O
5කින්	O
සමන්විත	O
ශාක	O
පද්ධතියක්	O
දක්නට	O
හැකිය	O
.	O
විශේෂයෙන්	O
සිංහරාජ	LOC
වනාන්තරය	LOC
තුළ	O
පවතින	O
ශාක	O
පද්ධතියේ	O
අපේ	O
රටේ	O
දැකිය	O
හැකි	O
ශාක	O
වර්ගවල	O
වල්	O
දර්ශක	O
දැකගත	O
හැකිවීම	O
විශේෂත්වයකි	O
.	O
ප‍්‍රධාන	O
ස්ථරයන්ට	O
අමතරව	O
ආරෝක	O
ශාක	O
,	O
අපි	O
ශාක	O
සහ	O
පිළිල	O
ද	O
බහුලව	O
සිංහරාජය	LOC
තුළ	O
වැඬේ	O
.	O
වඳවී	O
ගොස්	O
ඇතැයි	O
සැලකෙන	O
මීවන	O
ශාක	O
ද	O
සිංහරාජයෙන්	LOC
සොයාගෙන	O
ඇත	O
.	O
සිංහරාජයට	LOC
පමණක්	O
ආවේණික	O
ශාක	O
ගණ	O
13ක්	O
ඇත	O
.	O
මේ	O
අතරින්	O
ආවරණිත	O
ශාක	O
ප‍්‍රජාවන්ගෙන්	O
සියයට	O
75ක්ම	O
ලංකාවට	LOC
පමණක්	O
ආවේණික	O
ශාක	O
ප‍්‍රජාවන්ගෙන්	O
යුක්ත	O
වන	O
බව	O
පරිසර	O
විද්‍යාඥයන්	O
සොයාගෙන	O
ඇත	O
.	O
පොදුවේ	O
සිංහරාජයේ	LOC
ශාක	O
පද්ධතිය	O
තුළ	O
සදාහරිත	O
ශාක	O
පිහිටීම	O
,	O
උසින්	O
වැඩි	O
ශාක	O
දක්නට	O
ලැබීම	O
,	O
පෙළොවට	O
සූර්යාලෝකය	O
අඩුවෙන්	O
ලැබීම	O
,	O
යටි	O
රෝපණ	O
,	O
ඉහළට	O
යන	O
වැල්වර්ග	O
බහුල	O
ශාක	O
මතුපිට	O
දිරායන	O
ශාක	O
කොටස්	O
බහුලවීම	O
,	O
අතු	O
නොබෙදුණ	O
කඳන්	O
සහිත	O
ශාක	O
ආදියත්	O
සිංහරාජ	LOC
වන	O
පද්ධතිය	O
තුළින්	O
දැකිය	O
හැකි	O
වීම	O
තවත්	O
විශේෂ	O
ලක්ෂණයකි	O
.	O
නෙරු	O
ස්තරය	O
මෙය	O
මීටර්	O
45ට	O
වැඩි	O
උසකින්	O
යුත්	O
ශාක	O
පද්ධතියකින්	O
සමන්විතය	O
.	O
තැනින්	O
තැන	O
දැකිය	O
හැකි	O
මෙම	O
ශාක	O
පද්ධති	O
වලට	O
සූර්යාලෝකය	O
හොඳින්	O
ලැබේ	O
.	O
හොර	O
,	O
බූ	O
හොර	O
,	O
දෙරණ	O
,	O
දුන්	O
වැනි	O
විශේෂ	O
ශාක	O
මෙම	O
ස්තරයේ	O
තුළ	O
දැකිය	O
හැක	O
.	O
වියන්	O
ස්තරය	O
මීටර්	O
30×45	O
දක්වා	O
උසින්	O
යුක්ත	O
ශාක	O
පද්ධතිය	O
මෙම	O
ස්ථරයට	O
අයත්ය	O
.	O
දුරස්ව	O
වැඩෙන	O
මෙම	O
ශාකවලටද	O
සුර්යාලෝකය	O
හොඳින්	O
ලැබේ	O
.	O
ශී‍්‍ර	LOC
ලංකාව	LOC
තුළ	O
දැකිය	O
හැකි	O
විශාලම	O
සමනලයා	O
වන	O
(la‍ommon	O
Birdwing)	O
හා	O
වෙනත්	O
සුලබ	O
සමනල	O
විශේෂද	O
ලංකාවට	LOC
පමණක්	O
ආවේණික	O
සමනල	O
විශේෂ	O
රැුසක්ද	O
සිංහරාජයේ	LOC
සිටි	O
.	O
මේ	O
අතරම	O
ලංකාවට	LOC
පමණක්	O
ආවේණික	O
වූ	O
විශේෂ	O
සත්ත්ව	O
විශේෂ	O
10ක්	O
ද	O
,	O
වන	O
අතර	O
මෙහි	O
මෙතෙක්	O
සොයාගෙන	O
ඇති	O
ආවේණික	O
සත්ත්ව	O
විශේෂද	O
ඇතුළත්ව	O
සම්පුර්ණ	O
උභයජීවී	O
විශේෂ	O
27ක්	O
ද	O
සොයාගෙන	O
ඇත	O
.	O
මෙහි	O
ඇති	O
උරග	O
විශේෂ	O
සංඛ්‍යාව	O
43කි	O
.	O
ආවේණික	O
පක්ෂි	O
විශේෂ	O
26න්	O
25ක්ම	O
මෙම	O
වනාන්තරය	O
තුළ	O
සිටින	O
බව	O
හඳුනාගෙන	O
ඇති	O
අතර	O
වනාන්තරය	O
තුළින්	O
හදුනාගෙන	O
ඇති	O
පක්ෂි	O
විශේෂ	O
සංඛ්‍යාව	O
158	O
කි	O
.	O
විශාල	O
සත්ත්ව	O
ප‍්‍රජාවකින්	O
සමන්විත	O
සිංහරාජය	LOC
තුළ	O
ක්ෂීරපායින්	O
සත්ත්ව	O
ප‍්‍රජාවක්ද	O
දක්නට	O
හැකිය	O
.	O
මෙහි	O
ක්ෂිරපායි	O
40ක්	O
පමණ	O
හඳුනාගෙන	O
ඇති	O
අතර	O
ඉන්	O
ලංකාවට	LOC
ආවේණික	O
ක්ෂීරපායි	O
සත්ත්ව	O
විශේෂ	O
07	O
ක්	O
හඳුනාගෙන	O
ඇත	O
.	O
ආවේණික	O
උභය	O
ජීවී	O
විශේෂ	O
නොලර්ටිගේ	PER
ගෙබ්බා	O
,	O
කොටගමී	O
කුරුගෙම්බා	O
,	O
කරුණාරත්නගේ	PER
මුව	O
පටු	O
මඩියා	O
,	O
කුඩා	O
කන්	O
ඇටිකිත්තා	O
,	O
කෙලාටිගේ	O
කුරු	O
ගෙම්බා	O
,	O
කහ	O
වයිරම්	O
පණු	O
ගෙම්බා	O
,	O
වක	O
රැුළි	O
මැඩියා	O
.	O
සිංහරාජයේ	LOC
දක්නට	O
ලබෙන	O
ආවේණික	O
ශාක	O
හොර	O
,	O
දොරණ	O
,	O
කීන	O
,	O
බදුල්ල	O
,	O
ගොඩපර	O
,	O
වනරාජ	O
,	O
ඉරු	O
රාජ	O
,	O
බටු	O
නා	O
,	O
කිරිහැඹිලිය	O
,	O
තිනියදුන්	O
,	O
ගොඩබෙරලිය	O
,	O
බෙරලිය	O
,	O
තීනියා	O
,	O
මඩොල්	O
,	O
අතුකැටිය	O
.	O
ඉන්දික	PER
සෙනෙවිරත්න	PER
ලෝක	O
නර්තන	O
දින	O
සැමරැම්	O
උළෙල	O
පසුගිය	O
දා	O
යාපනය	LOC
වීරසිංහම්	LOC
ශාලාවේදී	LOC
පැවැත්විණි	O
.	O
සංස්කෘතික	ORG
කටයුතු	ORG
අමාත්‍යාංශය	ORG
,	O
ශ්‍රී	ORG
ලංකා	ORG
කලා	ORG
මණ්ඩලය	ORG
,	O
රාජ්‍ය	ORG
නර්තන	ORG
අනු	ORG
මණ්ඩලය	ORG
ඒකාබද්ධව	O
සංවිධානය	O
කරන	O
ලද	O
ශ්‍රී	LOC
ලංකා	LOC
සැමරැම්	O
උළෙල	O
සඳහා	O
සිංහල	O
දමිළ	O
නර්ථන	O
අංගවලින්	O
වර්ණවත්	O
විය	O
.	O
කලා	O
මණ්ඩලයේ	O
සභාපති	O
ජ්‍යෙෂ්ඨ	O
මහාචාර්යය	O
මුදියන්සේ	PER
දිසානායක	PER
මහතා	O
සහ	O
කලාභූෂණ	O
ලීලාම්බිගෙයි	PER
සෙල්වරාජා	PER
මහත්මිය	O
විශේෂ	O
දේශන	O
පැවැත්විය	O
.	O
සංස්කෘතික	O
අකටයුතු	O
පිළිබඳ	O
ඇමැති	O
ටි.	PER
බි.	PER
ඒකනායක	PER
,	O
අමාත්‍ය	O
ඩග්ලස්	PER
දේවානන්ද	PER
,	O
උතුරු	O
පළාත්	O
ප්‍රධාන	O
ඇමති	O
සී.	PER
වී.	PER
විග්නේෂ්වරන්	PER
,	O
යන	O
මහත්වරුන්	O
ඇතුළු	O
මැතිඇමැතිවරු	O
ඇතුළු	O
කලාකරුවන්	O
රැසක්	O
මේ	O
සඳහා	O
සහභාගී	O
වූහ	O
.	O
නාට්‍ය	O
කලාවට	O
අනුපමේය	O
සේවයක්	O
කළ	O
වෛරමුත්තු	PER
සිවරාමලිංගම්	PER
,	O
විමල්	PER
නයනානන්ද	PER
කලා	O
ශිපීන්ට	O
සහ	O
ක්‍රිෂාන්ති	PER
රවින්ද්‍ර	PER
ශිල්පිනියට	O
ජීවිතයේ	O
එක්වරක්	O
හිමිවන	O
ගෞරව	O
සම්මානයෙන්	O
පිදුම්	O
ලැබීය	O
.	O
ශ්‍රී	LOC
ලංකාවේ	LOC
සාම්ප්‍රදායික	O
නර්තන	O
කලාවන්	O
හා	O
උඩරට	LOC
,	O
පහතරට	LOC
සහ	O
සබරගමුව	LOC
නර්තන	O
හා	O
දමිළ	O
නර්තන	O
වලින්	O
මෙවර	O
උළෙල	O
වර්ණවත්	O
විය	O
.	O
ජාත්‍යන්තර	O
නර්තන	O
දිනය	O
සෑම	O
වසරකම	O
අප්‍රේල්	O
29	O
වැනිදාට	O
යෙදී	O
තිබේ	O
.	O
යුනෙස්කෝ	ORG
සංවිධානය	ORG
විසින්	O
1982	O
වර්ෂයේ	O
දී	O
ප්‍රකාශයට	O
පත්කිරීමෙන්	O
අනුතුරැව	O
ලෝකයේ	O
සෑම	O
වසරකම	O
එදිනට	O
සැමරුම්	O
දිනය	O
සමරයි	O
.	O
ශ්‍රී	LOC
ලංකාවේ	LOC
1992	O
සිට	O
නර්තන	O
දිනය	O
සමරයි	O
.	O
ප්‍රථම	O
සැමරුම	O
කොළඹ	LOC
ජොන්	LOC
ද	LOC
සිල්වා	LOC
සමරැ	LOC
රඟහලේ	LOC
දී	O
මුද්‍ර	O
නමින්	O
ප්‍රවීන	O
නර්තනවේදී	O
ආචාර්ය	O
චිත්‍රසේන	PER
මහතාගේ	O
ප්‍රධානත්වයෙන්	O
මුදියන්සේ	PER
දිසානායක	PER
,	O
කුලසිරිබුදවත්ත	PER
,	O
චන්න	PER
විජේවර්ධන	PER
,	O
රවිබන්දු	PER
විද්‍යාපති	PER
සහ	O
ඛේමා	PER
ද	PER
කොස්තා	PER
ශිල්පී	O
හූ	O
නර්තන	O
දායකත්වයෙන්	O
විශේෂ	O
නර්තන	O
උළෙකින්	O
ආරම්භ	O
විය	O
.	O
(විශේෂ	O
ස්තුතිය	O
මහාචාර්ය	O
මුදියන්සේ	PER
දිසානායක	PER
මහතාට)	O
.	O
ඉන්දික	PER
සෙනෙවිරත්න	PER
,	O
ලක්මාලි	PER
රාජ්කුමාරි	PER
,	O
විමල්	PER
දයානන්ද	PER
,	O
නර්තන	O
ශිල්පීයාට	O
උපහාර	O
සම්මාන	O
ප්‍රදානය	O
කළ	O
අයුරු	O
.	O
වෛරමුත්තු	PER
සිවරාමලිංගම්	PER
නර්තන	O
ශිලිපියාට	O
උපහාර	O
සම්මාන	O
ප්‍රදානය	O
කළ	O
අයුරු	O
.	O
ක්‍රිෂාන්ති	PER
රවින්ද්‍ර	PER
නර්තන	O
ශිල්පිනියට	O
උපහාර	O
සම්මානය	O
ප්‍රදානය	O
කළ	O
අයුරු	O
.	O
විශේෂ	O
දේශනය	O
පැවැත්	O
වූ	O
ශ්‍රී	LOC
ලංකා	LOC
කලා	ORG
මණ්ඩලයේ	ORG
සභාපති	O
ජ්‍යෙෂ්ඨ	O
මහාචාර්ය	O
මුදියන්සේ	PER
දිසානායක	PER
මහතා	O
2013	O
සමස්ත	O
ලංකා	O
නර්තන	O
තරගාවලියේදී	O
දිස්ත්‍රික්ක	O
4ක්	O
අභිබවා	O
යමින්	O
අම්පාර	LOC
නාමල්ඔය	ORG
විද්‍යාලයේ	ORG
නර්තනයකට	O
ප්‍රථම	O
ස්ථානය	O
හිමිව	O
ඇත	O
.	O
විද්‍යාලයේ	O
ශිෂ්‍යයින්	O
පස්දෙනෙක්	O
ඉදිරිපත්	O
කළ	O
නර්තනයේ	O
තේමාව	O
සබරගමු	LOC
මංගල	O
දවුල්	O
වාදනයයි	O
.	O
මහරගම	LOC
සේකර	ORG
විදුහල	ORG
ක්‍රිඩා	ORG
අමාත්‍යාංශයේ	ORG
ක්‍රිඩා	O
සංවර්ධන	O
අරමුදලින්	O
රුපියල්	O
ලක්ෂ	O
තුන්සිය	O
විස්සක්	O
වැයකර	O
නවීකරණය	O
කරන	O
ලද	O
මහනුවර	LOC
දිස්ත්‍රික්	LOC
පාසල්	O
ප්‍රථම	O
ගෘහස්ථ	O
ක්‍රිඩාංගණය	O
ක්‍රිඩා	O
අද	O
(01දා)	O
ක්‍රීඩා	O
ඇමති	O
මහින්දානන්ද	PER
අලුත්ගමගේ	PER
මහතාගේ	O
ප්‍රධානත්වයෙන්	O
විවෘත	O
කෙරිණි	O
.	O
මධ්‍යම	LOC
පළාත්	LOC
ආණ්ඩුකාර	O
ටිකිරි	PER
කොබ්බෑකඩුව	PER
සහ	O
පළාත්	O
ප්‍රධාන	O
ඇමති	O
සරත්	PER
ඒකනායක	PER
මහත්වරු	O
ඇතුළු	O
ආරධිතයින්	O
රැසක්	O
මේ	O
අවස්ථාවට	O
සහභාගි	O
වූහ	O
.	O
බළංගොඩ	LOC
රත්මලවින්න	ORG
මහ	ORG
විදුහලේ	ORG
10	O
වැනි	O
ශ්‍රේණියේ	O
ඉගෙනුම	O
ලබන	O
15	O
හැවිදිරි	O
දිනෝද්	PER
ඉසංක	PER
බිම්සර	PER
ශිෂ්‍යයා	O
,	O
සිය	O
පස්	O
හැවිරිදි	O
සොහොයුරු	O
පසිඳු	PER
බඹසර	PER
සමග	O
,	O
ගමේ	O
වැඩිහිටියන්	O
ගෙන්	O
ආධාර	O
ලබාගෙන	O
,	O
පොසොන්	O
පොහොය	O
දින	O
‘සව්	O
දන්සැලක්’	O
පැවැත්	O
වූ	O
ආකාරය	O
මෙහි	O
දැක්වේ	O
.	O
රත්මලවින්න	LOC
මංසන්දිය	O
අසල	O
පැවති	O
මෙම	O
සිඟිති	O
දන්සැල	O
බොහෝ	O
දෙනාගේ	O
පැසසුමට	O
ලක්	O
විය	O
.	O
බළංගොඩ	LOC
නන්දසේන	PER
පිනිදියආරච්චි	PER
සමුද්‍රිය	PER
පරිසර	ORG
ආරක්‍ෂණ	ORG
අධිකාරිය	ORG
මගින්	O
පවත්වනු	O
ලැබූ	O
”සමුදුරු	O
මිණිමුතු”	O
ගාල්ල	LOC
දිස්ත‍්‍රික්	O
අන්තර්	O
පාසල්	O
දැනුම	O
මිනුම	O
තරගාවලියේ	O
ශූරතාව	O
ලකුණු	O
55ක්	O
ලබාගත්	O
ගාල්ල	LOC
සංඝමිත්තා	ORG
බාලිකා	ORG
විද්‍යාලයට	ORG
හිමි	O
විය	O
.	O
අනුශූරතාව	O
ලකුණු	O
50ක්	O
ලබාගත්	O
ගාල්ල	LOC
අනුලා	ORG
දේවි	ORG
බාලිකා	ORG
විද්‍යාලයට	ORG
හිමිවිය	O
.	O
ශූරතාව	O
සඳහා	O
ශූරතා	O
කුසලාන	O
සමග	O
රු.	O
7500.00ක	O
මුදලක්	O
ද	O
,	O
අනුශූරතාව	O
සඳහා	O
අනුශූරතා	O
කුසලාන	O
සමග	O
රු.	O
5000.00ක	O
මුදලක්	O
ද	O
පිරිනැමුණි	O
.	O
තරගාවලියේ	O
තෙවන	O
ස්ථානය	O
හික්කඩුව	LOC
මහාමායා	ORG
බාලිකා	ORG
විද්‍යාලයටත්	ORG
,	O
සිව්වන	O
ස්ථානය	O
අම්බලන්ගොඩ	LOC
ශ්‍රී	ORG
දේවානන්ද	ORG
විද්‍යාලයටත්	ORG
හිමිවිය	O
.	O
ජූනි	O
මස	O
08	O
වන	O
දිනට	O
යෙදුණු	O
ලෝක	O
සාගර	O
දිනයට	O
සමගාමීව	O
මෙම	O
තරගාවලිය	O
සංවිධානය	O
කර	O
තිබුණි	O
.	O
අවසන්	O
මහා	O
තරගය	O
ගාල්ල	LOC
සංඝමිත්තා	ORG
බාලිකා	ORG
විද්‍යාලයේ	ORG
දී	O
පැවැත්විණි	O
.	O
සමුද්‍රිය	ORG
පරිසර	ORG
ආරක්‍ෂණ	ORG
අධිකාරියේ	ORG
සාමාන්‍යාධිකාරි	O
රියර්	O
අද්මිරාල්	O
එස්.	PER
ආර්.	O
සමරතුංග	PER
,	O
සහකාර	O
අධ්‍යක්‍ෂ	O
සුනිල්	PER
ගරුසිංහ	PER
සහකාර	O
කළමනාකරු	O
නිලන්ත	PER
පියදාස	PER
,	O
දකුණු	LOC
පළාත්	O
සහකාර	O
කළමනාකාරිණි	O
රේණුකා	PER
රණවීර	PER
,	O
සහකාර	O
අධ්‍යාපන	O
අධ්‍යක්‍ෂිකා	O
අනුරුද්ධිකා	PER
කළහේවත්ත	PER
යන	O
මහත්ම	O
මහත්මීන්	O
අතින්	O
ජයසංකේත	O
පිරිනැමීම	O
සිදුවිය	O
.	O
රත්ගම	LOC
ගාමිණී	PER
මහදුර	O
බදුල්ල	LOC
ශ්‍රී	ORG
ධම්මානන්ද	ORG
මහා	ORG
විද්‍යාලයේ	ORG
සිසු	O
දරුවන්	O
හැටදෙනෙකුට	O
ශිෂ්‍ය	O
නායක	O
පත්වීම්	O
ලබාදී	O
නිල	O
ලාංඡුන	O
පැලඳවීම	O
පසුගියදා	O
බදුල්ල	LOC
කොට්ඨාස	O
අධ්‍යාපන	O
අධ්‍යක්ෂ	O
ඩබ්.	PER
ඞී.	PER
ජයතිලක	PER
සහ	O
ඌව	LOC
පළාත්	O
සභා	O
මන්තී‍්‍ර	O
මානෙල්	PER
රත්නායක	PER
මහත්වරුන්ගේ	O
ප‍්‍රදානත්වයෙන්	O
විද්‍යාලයීය	O
ප‍්‍රධාන	O
ශාලාවේදී	O
පැවැත්විණි	O
.	O
විද්‍යාලයේ	O
විදුහල්පති	O
බන්දුල	PER
බණ්ඩාරනායක	PER
මහතාගේ	O
උපදෙස්	O
පරිදි	O
ශිෂ්‍යභාර	O
ආචාරිනි	O
ඒ.	PER
ජී.	PER
අජන්තා	PER
ලාලනි	PER
පි‍්‍රයංකා	PER
මහත්මිය	O
උත්සවය	O
සංවිධානය	O
කොට	O
තිබුණි	O
.	O
2012/2013	O
වර්ෂය	O
සඳහා	O
තෝරාගත්	O
සිසු	O
දරුවන්	O
හැටදෙනා	O
අතුරෙන්	O
ප‍්‍රධාන	O
ශිෂ්‍ය	O
නායක	O
ලෙස	O
ඞී.	PER
එම්.	PER
මධුශංක	PER
සහ	O
ප‍්‍රධාන	O
ශිෂ්‍ය	O
නායිකාව	O
ලෙස	O
නිලක්ෂි	PER
දිසානායක	PER
නියෝජ්‍ය	O
ප‍්‍රධාන	O
ශිෂ්‍ය	O
නායක	O
ලෙස	O
සුපුන්	PER
ලක්මාල්	PER
සහ	O
නියෝජ්‍ය	O
ප‍්‍රධාන	O
ශිෂ්‍ය	O
නායිකාව	O
මධු	PER
මාධවි	PER
රත්නායකට	PER
ප‍්‍රධාන	O
ආරාධිතයන්	O
අතින්	O
හා	O
නිල	O
ලාංඡුන	O
පැලඳවීම	O
සිදු	O
කෙරිණි	O
.	O
සෙසු	O
ශිෂ්‍ය	O
නායක	O
නායිකාවන්	O
සඳහා	O
නිල	O
ලාංඡුන	O
පැලඳවීම	O
තම	O
දෙමාපියන්	O
අතින්	O
සිදු	O
කෙරුණි	O
.	O
මෙම	O
අවස්ථාවට	O
ඌව	LOC
පළාත්	LOC
අධ්‍යාපන	ORG
දෙපාර්තමේන්තුවේ	ORG
ගෘහ	O
විද්‍යා	O
විෂය	O
භාර	O
සහකාර	O
අධ්‍යක්ෂිකා	O
සරෝජනී	PER
තෙන්නකෝන්	PER
මහත්මිය	O
,	O
සමාජ	O
විද්‍යා	O
විෂය	O
භාර	O
සහකාර	O
අධ්‍යක්ෂක	O
සිරිල්	PER
වෙදගෙදර	PER
මහතා	O
සහ	O
ශ්‍රී	ORG
සුමංගල	ORG
විද්‍යාලයේ	ORG
විදුහල්පති	O
ආලෝක	PER
බණ්ඩාර	PER
මහතා	O
සහභාගිවූහ	O
.	O
ස්පි‍්‍රංවැලි	LOC
අතුල	PER
ජයලත්	PER
ගාල්ල	LOC
කලාප	O
ක‍්‍රීඩා	O
උළෙලේ	O
වයස	O
අවුරුදු	O
19න්	O
පහළ	O
බාලිකා	O
පාපන්දු	O
ශූරතාව	O
දිනූ	O
ගාල්ල	LOC
,	O
මහමෝදර	LOC
සී.	ORG
ඩබ්ලිව්.	ORG
ඩබ්ලිව්.	ORG
කන්නන්ගර	ORG
මහ	ORG
විදුහල්	ORG
කණ්ඩායම	O
ජයග‍්‍රහණයෙන්	O
පසු	O
ඡායාරූපයකට	O
පෙනී	O
සිටි	O
අයුරු	O
.	O
විදුහල්පතිනි	O
ජේ.	PER
එම්.	PER
ඒ.	PER
ආර්.	PER
පෙරේරා	PER
,	O
නියෝජ්‍ය	O
විදුහල්පති	O
අයි.	PER
කේ.	PER
කොඩිතුවක්කු	PER
,	O
ක‍්‍රීඩා	O
භාර	O
ආචාර්ය	O
ඩබ්.	PER
ඒ.	PER
වී.	PER
චන්දිමාල්	PER
යන	O
මහත්ම	O
මහත්මීන්	O
ද	O
ඡායාරූපයේ	O
වෙති	O
.	O
රත්ගම	LOC
ගාමිණී	PER
මහදුර	PER
.	O
දකුණු	LOC
පළාත්	LOC
අධ්‍යාපන	ORG
දෙපාර්තමේන්තුව	ORG
මගින්	O
පැවැත්වූ	O
2012	O
දකුණු	LOC
පළාත්	LOC
අන්තර්	O
පාසල්	O
පාපන්දු	O
තරගාවලියේ	O
19න්	O
පහළ	O
බාලිකා	O
ශූරතාව	O
දොඩන්¥ව	LOC
රෝහණ	ORG
විද්‍යාලයීය	ORG
කණ්ඩායම	O
විසින්	O
දිනා	O
ගන්නා	O
ලදී	O
.	O
ඉදිරිපෙළ	O
වමේ	O
සිට	O
–	O
උපනායිකා	O
ඩබ්ලිව්.	PER
මනෝරි	PER
අරුන්දතී	PER
,	O
ඊ.	PER
ඞී.	PER
දුලීකා	PER
මධුෂානි	PER
,	O
එස්.	PER
ෂයිනි	PER
,	O
නායිකා	O
ඩබ්ලිව්.	PER
අමාලි	PER
දුෂන්ති	PER
,	O
ඩබ්ලිව්.	PER
නිමේෂිකා	PER
දිල්රුක්ෂි	PER
,	O
ආර්.	PER
ඒ.	PER
මධුෂානි	PER
.	O
පසුපෙළ	O
වමේ	O
සිට	O
–	O
පී.	PER
එච්.	PER
මාදිනී	PER
විමුක්තිකා	PER
,	O
ඩබ්ලිව්.	PER
සඳුනි	PER
,	O
ජී.	PER
එච්.	PER
ටී.	PER
ඕෂනී	PER
කාංචනා	PER
,	O
එස්.	PER
තිලානි	PER
අයෝධ්‍යා	PER
,	O
කේ.	PER
හර්ෂා	PER
මධුවන්ති	PER
,	O
ඩබ්ලිව්.	PER
එම්.	PER
සාලනී	PER
,	O
එන්.	PER
එච්.	PER
ඉසුරිකා	PER
නිශාදි	PER
.	O
අමරසේන	PER
විතානගේ	PER
හික්කඩුව	LOC
.	O
සම්පත්	ORG
බැංකුව	ORG
,	O
නෙත්	ORG
එෆ්.	ORG
එම්	ORG
ගුවන්	ORG
විදුලිය	ORG
සමග	O
එක්ව	O
මෙවර	O
ශිෂ්‍යත්ව	O
විභාගය	O
ඉලක්ක	O
කර	O
ගනිමින්	O
සම්මන්ත්‍රණ	O
මාලාවක්	O
පැවැත්වීමට	O
කටයුතු	O
යොදා	O
ඇති	O
බව	O
ශ්‍රී	ORG
ලංකා	ORG
පදනම්	ORG
ආයතන‍යේ	ORG
පැවති	O
මාධ්‍ය	O
දැන්ම්වත්	O
කිරී‍මේ	O
සාකච්ඡාවකදී	O
එහි	O
අ‍ලෙවි	O
සහ	O
ව්‍යාපාර	O
සංවර්ධන	O
නියෝජ්‍ය	O
සමාන්‍යාධිකාරි	O
තාරක	PER
රන්වල	PER
මහතා	O
කියයි	O
.	O
දිවයිනේ	O
සියලුම	O
පළාත්	O
ආවරණය	O
වන	O
පරිදි	O
පැවැත්වීමට	O
කටයුතු	O
යොදා	O
ඇති	O
මෙම	O
සම්මන්ත්‍රණ	O
මාලාව	O
සඳහා	O
දිවයිනේ	O
ශිෂ්‍යත්ව	O
විභාගය	O
සම්බන්ධයෙන්	O
ප්‍රවීනතම	O
ආචාර්යවරැ	O
විසින්	O
පවත්වනු	O
බවද	O
ඔහු	O
සඳහන්	O
කරයි	O
.	O
ජුනි	O
07	O
තිස්සමාහාරම	LOC
,	O
ජුනි	O
21	O
බුත්තල	LOC
,	O
ජුනි	O
28	O
දෙහිඅත්තකණ්ඩිය	LOC
,	O
ජූලි	O
05	O
හඟුරන්කෙත	LOC
,	O
ජුලි	O
19	O
කුලියාපිටිය	LOC
,	O
ජූලි	O
26	O
මුලතිව්	LOC
සහ	O
අගෝස්තු	O
02	O
කහටගස්දිගිලිය	LOC
ප්‍රදේශවලදී	O
පැවැත්වීමට	O
සැලසුම්	O
කර	O
ඇති	O
බව	O
පවසන	O
සම්පත්	ORG
බැංකුව	ORG
වැඩි	O
විස්තර	O
ප්‍රාදේශීය	O
සම්පත්	ORG
බැංකු	ORG
කාර්යාලවලින්	O
ලබා	O
ගත	O
හැකි	O
බවද	O
ඔහු	O
කියයි	O
.	O
නෙත්	ORG
එෆ්.	ORG
එම්	ORG
ප්‍රධාන	O
විධායක	O
නිලධාරි	O
අසංක	PER
ජයසූරිය	PER
,	O
නියෝජ්‍ය	O
සමාන්‍යාධිකාරි	O
නුවන්	PER
ලියනගේ	PER
මහතා	O
ද	O
මේ	O
අවස්ථාවට	O
සහභාගී	O
වූහ	O
.	O
ඕනෑම	O
අයෙකුට	O
ප්‍රශ්න	O
පත්‍ර	O
කට්ටල	O
නෙත්	ORG
ගුවන්	ORG
විදුලියෙන්	ORG
හා	O
සම්පත්	ORG
බැංකු	ORG
කාර්යාලවලින්	O
නොමිලයේ	O
ලබා	O
ගත	O
හැක	O
.	O
ඇමරිකාවේ	LOC
සැන්	LOC
දියෝගෝහී	LOC
කැලිෆෝනියා	ORG
විශ්ව	ORG
විද්‍යාලයේ	ORG
පර්යේෂකයන්	O
බැක්ටීරියා	O
යොදා	O
ගෙන	O
‘නියොන්’	O
බැදබ	O
පහන්	O
විශේෂයක්	O
විද්යුත්	O
සංඥා	O
පුවරු	O
සඳහා	O
නිර්මාණය	O
කරල	O
තියෙනවා	O
.	O
මිලියන	O
ගණනක්	O
බැක්ටීරියාවල	O
ජීව	O
චක‍්‍ර	O
එක	O
තැනක	O
දී	O
එක්	O
මොහොතක	O
දී	O
සමකාලික	O
:ීහබජයරදබස‘ැ*	O
කර	O
අවශ්‍ය	O
ආකාරයෙන්	O
දීප්තියක්	O
මතු	O
කර	O
ගන්නට	O
මේ	O
ක‍්‍රමයෙන්	O
පුළුවන්	O
.	O
දැනට	O
භාවිත	O
කෙරෙන	O
පරීක්ෂණ	O
කට්ටල	O
බොහොමයක්	O
එක්	O
වරක්	O
පමණක්	O
භාවිත	O
කර	O
ඉවතලන	O
ඒවායි	O
.’	O
මෙසේ	O
කියන්නේ	O
සැන්	LOC
දියෝගෝහී	LOC
කැලිෆෝනියා	ORG
විශ්ව	ORG
විද්‍යාලයේ	ORG
ජීව	O
විද්‍යා	O
හා	O
ජෛව	O
ඉංජිනේරු	O
විද්‍යා	O
අංශයේ	O
මහාචාර්ය	O
ජෙෆ්	PER
හේස්ටියි	PER
.	O
ඔහු	O
තමයි	O
,	O
ඒ	O
විශ්ව	O
විද්‍යාලයට	O
අයත්	O
ජීව	O
විද්‍යා	O
අංශයේ	O
හා	O
ජීවපරිපථ	O
ආයතනයේ	O
පර්යේෂක	O
පිරිසේ	O
නායකත්වය	O
දැරුවේ	O
.	O
‘මේ	O
බැක්ටීරියාවල	O
ප‍්‍රතිචාර	O
දැක්වීම	O
විවිධාකාරයි	O
.	O
ඒවා	O
විවිධ	O
සාන්ද්‍රණවල	O
දී	O
ඔවුන්ගේ	O
නිවි	O
නිවී	O
දැල්වෙන	O
රටාව	O
වෙනස්	O
කරමින්	O
ප‍්‍රතිචාර	O
දක්වනවා	O
.	O
ඒ	O
නිසා	O
එක්	O
එක්	O
අවස්ථාවල	O
ව්‍යාධිජනක	O
(රෝග	O
කාරක*	O
බැක්ටීරියා	O
හෝ	O
විෂ	O
ද්‍රව්‍යවල	O
අනතුරුදායක	O
විය	O
හැකි	O
තත්ත්වය	O
ගැන	O
නිරන්තරව	O
අවේක්ෂණය	O
කරමින්	O
යාවත්කාලීන	O
කරමින්	O
අප	O
විසින්	O
නියම	O
කරනු	O
ලබන	O
ඕනෑම	O
අවස්ථාවක	O
අපට	O
අවශ්‍ය	O
තොරතුරු	O
ලබා	O
දෙන්න	O
ඒවා	O
පුළුවන්	O
.’	O
යැයි	O
මහාචාර්ය	O
ජෙෆ්	PER
හේස්ටි	PER
තවදුරටත්	O
කියනවා	O
.	O
ලූසිත	PER
ජයමාන්න	PER
ඬේලිමේල්	ORG
ඇසුරිනි	O
.	O
විදුලි	O
සංදේශ	O
අමාත්‍ය	O
හා	O
දැයට	O
කිරුළ	O
ප්‍රදර්ශනයේ	O
සභාපති	O
රංජිත්	PER
සියඹලාපිටිය	PER
මහතා	O
විජය	ORG
ප්‍රදර්ශන	O
කුටිය	O
වෙත	O
පැමිණි	O
අවස්ථාවේ	O
ඇමතිවරයා	O
වෙත	O
ලංකාවේ	LOC
ප්‍රථම	O
බ්‍රේල්	O
මාධ්‍ය	O
පුවත්පත	O
හඳුන්වාදීම	O
.	O
විදුලි	O
සංදේශ	O
අමාත්‍ය	O
හා	O
දැයට	O
කිරුළ	O
ප්‍රදර්ශනයේ	O
සභාපති	O
රංජිත්	PER
සියඹලාපිටිය	PER
මහතා	O
විජය	ORG
ප්‍රදර්ශන	O
කුටිය	O
වෙත	O
පැමිණි	O
අවස්ථාවේ	O
ඇමතිවරයා	O
ලංකාවේ	LOC
ප්‍රථම	O
බ්‍රේල්	O
මාධ්‍ය	O
පුවත්පත	O
කියවීම	O
පිළිබඳ	O
අත්හදා	O
බැලීම	O
.	O
දැයට	O
කිරුළ	O
අධ්‍යාපන	O
හා	O
සංස්කෘතික	O
ප්‍රදර්ශනය	O
-	O
අනුරාධපුරය	LOC
.	O
අනුරාධපුර	LOC
ඔයාමඩුව	LOC
ඇලයාපත්තුවේ	LOC
දින	O
දහයක්	O
පුරා	O
පැවති	O
දැයට	O
කිරුළ	O
ප‍්‍රදර්ශනය	O
අග‍්‍රාමාත්‍ය	O
දි.	PER
මු.	PER
ජයරත්න	PER
මහතාගේ	O
ප‍්‍රධානත්වයෙන්	O
ඊයේ	O
(12)	O
දින	O
අවසන්	O
විය	O
.	O
මෙතෙක්	O
පැවති	O
දැයට	O
කිරුළ	O
ප‍්‍රදර්ශන	O
අතුරින්	O
ලක්‍ෂ	O
30	O
ක්	O
වන	O
වැඩිම	O
පිරිසක්	O
සහභාගී	O
වූ	O
දැයට	O
කිරුළ	O
ප‍්‍රදර්ශනය	O
මෙය	O
බව	O
දැයට	O
කිරුළ	O
ප‍්‍රදර්ශණ	O
සම්බන්ධීකරණ	O
ලේකම්	O
උදය	PER
සෙනෙවිරත්න	PER
මහතා	O
පැවසීය	O
.	O
ප‍්‍රදර්ශනයේ	O
සමාප්ති	O
දිනය	O
ජයමාධ්‍ය	O
දිනය	O
වශයෙන්	O
නම්	O
කර	O
තිබූ	O
අතර	O
තොරතුරු	ORG
හා	ORG
ජනමාධ්‍ය	ORG
අමාත්‍යාංශයේ	ORG
සංවිංධානයෙන්	O
සියලූ	O
ජනමාධ්‍ය	O
ආයතනවල	O
එකමුතුවෙන්	O
සංගීත	O
ප‍්‍රසංගයක්	O
ද	O
පැවැත්විණි	O
.	O
මෙම	O
දින	O
පුරාවටම	O
සාමයට	O
බාධා	O
කිසිදු	O
කටයුත්තක්	O
සිදු	O
නොවුණි	O
.	O
පස්	O
වන	O
දැයට	O
කිරුළ	O
ප‍්‍රදර්ශනය	O
අම්පාර	LOC
දිස්ත‍්‍රික්කයේ	O
පැවැත්වීමට	O
තීරණය	O
කර	O
තිබේ	O
.	O
විශ්ව	PER
ගැමුණු	PER
ප්‍රියන්කර	PER
.	O
වාද්දුව	LOC
ධම්මානන්ද	ORG
මහා	ORG
විද්‍යාලීය	ORG
නිවාසාන්තර	O
මළල	O
ක‍්‍රීඩා	O
තරඟාවලියේදී	O
ගැමුණු	PER
,	O
විජය	PER
හා	O
පරාක‍්‍රම	PER
යන	O
නිවාස	O
තුනෙන්	O
,	O
සමස්ථ	O
ශූරතාවය	O
ලකුණු	O
511	O
ක්	O
රැුස්	O
කල	O
විජය	PER
නිවාසය	O
විසින්	O
දිනා	O
ගන්නා	O
ලද	O
අතර	O
,	O
අනුශූරතාවය	O
දිනාගත්	O
පරාක‍්‍රම	O
නිවාසය	O
ලබා	O
ගත්	O
මුළු	O
ලකුණූ	O
සංඛ්‍යාව	O
412	O
ක්	O
විය	O
.	O
ඡුායා	O
රූපයෙන්	O
දැක්වෙන්නේ	O
ජයග‍්‍රාහී	O
විජය	PER
නිවාසයේ	O
නිවාස	O
නායක	O
ඉසුරු	PER
ලක්මාල්	PER
සහ	O
නිවාස	O
නායිකා	O
තිළණි	PER
ප‍්‍රියංගිකා	PER
යන	O
ශිෂ්‍ය	O
ශිෂ්‍යාවන්	O
දෙදෙනා	O
,	O
ප‍්‍රීතිඝෝෂා	O
මැද්දේ	O
සමස්ථ	O
ශූරතා	O
පළිහ	O
,	O
බස්නාහිර	LOC
පළාත්	O
සභා	O
මන්ත‍්‍රී	O
සුමිත්	PER
ලාල්	PER
මෙන්ඩිස්	PER
මහතා	O
වෙතින්	O
ලබා	O
ගත්	O
අයුරුයි	O
.	O
විදුහල්්පති	O
හර්ෂන	PER
පීරිස්	PER
සෙනරත්	PER
මහතා	O
ද	O
ඡුායාරූපයේ	O
සිටී	O
.	O
(වාද්දුව	O
විශේෂ	O
සුනිල්	PER
ලූණුවිල	PER
.	O
රුපියල්	PER
ලක්ෂ	O
80	O
ක	O
වියදමින්	O
මොළගොඩ	LOC
ප‍්‍රාථමික	ORG
විද්‍යාලයේ	ORG
ඉදිකරන	O
ලද	O
රැුස්වීම්	O
ශාලාවක්	O
සහිත	O
නව	O
පන්ති	O
කාමර	O
ගොඩනැගිල්ල	O
සබරගමුව	LOC
මහ	O
ඇමති	O
මහීපාල	PER
හේරත්	PER
මහතා	O
අතින්	O
උත්සවාකාරයෙන්	O
විවෘත	O
කෙරිණි	O
.	O
එම	O
උත්සවයට	O
මහ	O
ඇමතිවරයා	O
සහභාගී	O
වූයේ	O
පාසලට	O
අවශ්‍ය	O
ක‍්‍රීඩා	O
උපකරණ	O
තොගයක්ද	O
රැගෙනය	O
.	O
(	O
රඹුක්කන	LOC
කරුණාරත්න	PER
අතුකෝරාල	PER
)	O
අම්බන්ගොඩ	LOC
ශ්‍රී	ORG
දේවානන්ද	ORG
විද්‍යාලයේ	ORG
ක්‍රිකට්	O
ක්‍රීඩාව	O
ආරම්භ	O
කර	O
වසර	O
50ක්	O
සපිරීම	O
නිමිත්තෙන්	O
විද්‍යාලයීය	O
ආදි	O
ක්‍රිකට්	O
ක්‍රීඩකසංගමය	O
සංවිධානය	O
කරන	O
චන්න	PER
ශ්‍රී	PER
සාලිය	PER
මැන්දිස්	PER
අභියෝග	O
ශූරතා	O
කුසලාන	O
නන්දියස්	O
ප්‍රීමියර්	O
ලීග්	O
ක්‍රිකට්	O
තරගාවලිය	O
මේ	O
මස	O
08	O
වැනිදා	O
අම්බන්ගොඩ	LOC
නගර	LOC
සභා	LOC
ක්‍රීඩාංගණයේදී	LOC
පැවැත්වෙයි	O
.	O
දේවානන්ද	ORG
විදුහල්	ORG
ක්‍රිකට්	O
ක්‍රීඩාව	O
ආරම්භ	O
කෙරුණු	O
1963	O
වසරේදී	O
විදුහල්	O
කණ්ඩායමේ	O
ආරම්භක	O
සාමාජිකයෙකුවූ	O
කපිතාන්	O
ජී.	PER
කුලරත්න	PER
මහතාගේ	O
ප්‍රධානත්වයෙන්	O
මේ	O
ක්‍රිකට්	O
තරගාවලිය	O
ආරම්භ	O
විය	O
.	O
මේ	O
තරගාවලියේ	O
ශූරතාව	O
දිනා	O
ගන්නා	O
කණ්ඩායමට	O
චන්න	PER
ශ්‍රී	PER
සාලික	PER
මැන්දිස්	PER
අභියෝගීතා	O
ශූරතා	O
කුසලානය	O
පිරිනැමේ	O
.	O
නුගේගොඩ	LOC
අනුලා	ORG
විද්‍යාලයේ	ORG
සිසුවියකගේ	O
දක්‍ෂතා	O
,	O
කුලසතා	O
ඇගයෙන	O
වාර්ෂික	O
ත්‍යාග	O
ප්‍රදානෝත්සවය	O
අධ්‍යාපන	O
ඇමති	O
බන්දුල	PER
ගුණවර්ධන	PER
මහතාගේ	O
ප්‍රධානත්වයෙන්	O
අද	O
10.00ට	O
විද්‍යාලයීය	O
ප්‍රධාන	O
ශාලාවේදී	O
පැවැත්වේ	O
.	O
නුගේගොඩ	LOC
අනුලා	ORG
විද්‍යාලයේ	ORG
සිසුවියකගේ	O
දක්‍ෂතා	O
,	O
කුලසතා	O
ඇගයෙන	O
වාර්ෂික	O
ත්‍යාග	O
ප්‍රදානෝත්සවය	O
අධ්‍යාපන	O
ඇමති	O
බන්දුල	PER
ගුණවර්ධන	PER
මහතාගේ	O
ප්‍රධානත්වයෙන්	O
අද	O
විද්‍යාලයීය	O
ප්‍රධාන	O
ශාලාවේදී	O
පැවැත්වෙන	O
බව	O
විදුහල්පතිනි	O
එච්.	PER
ඩබ්ලිව්.	PER
එන්.	PER
කේ.	PER
ඒකනායක	PER
මහත්මිය	O
පැවසුවාය	O
.	O
කොළඹ	LOC
,	O
බාලදක්ෂිකා	ORG
මූලස්ථානය	ORG
වාර්ෂිකව	O
”ඒඩ්ස්”	O
රෝගය	O
පිළිබඳව	O
පාසල්	O
සිසුන්	O
දැනුම්වත්	O
කිරීමේලා	O
9	O
වැනි	O
වරටත්	O
සංවිධානය	O
කරන	O
විශේෂ	O
අධ්‍යාපනික	O
වැඩසටහනක්	O
සහ	O
චිත්‍ර	O
ප්‍රදර්ශනයක්	O
දෙසැම්බර්	O
මස	O
2	O
සහ	O
03	O
යන	O
දිනවලදී	O
බාලදක්ෂිකා	O
මූලස්ථානයේදී	O
පැවැත්වේ	O
.	O
එක්	O
එක්	O
දිස්ත්‍රික්	O
කේන්ද්‍ර	O
කරගනිමින්	O
අවුරුදු	O
15ත්	O
23ත්	O
අතර	O
වයසේ	O
පසුවන	O
තෝරාගත්	O
බාලදක්ෂයන්	O
,	O
බාලදක්ෂිකාවන්	O
සහ	O
පාසල්	O
සිසුන්ට	O
මේ	O
සඳහා	O
සහභාගි	O
විය	O
හැක	O
.	O
වැඩසටහනේ	O
පළමුදින	O
දේශනය	O
ඇසුරෙන්	O
ලබා	O
දෙන	O
තේමාවට	O
අදාළව	O
සිසුන්	O
චිත්‍ර	O
නිර්මාණය	O
කළ	O
යුතු	O
අතර	O
,	O
වර්ණ	O
ගැන්වීම	O
සඳහා	O
ඕනෑම	O
මාධ්‍යයක්	O
භාවිත	O
කළ	O
හැකිවේ	O
.	O
ජයග්‍රාහී	O
නිර්මාණ	O
දෙසැම්බර්	O
3	O
වැනිදා	O
මූලස්ථාන	O
ශාලාවේදී	O
ප්‍රදර්ශනය	O
කෙරේ	O
.	O
මීට	O
සමගාමීව	O
මෙදින	O
ශ්‍රී	ORG
ලංකා	ORG
පවුල්	ORG
සෞඛ්‍ය	ORG
සංවිධානයේ	ORG
තරුණ	O
ප්‍රශ්න	O
අළලා	O
විශේෂ	O
කුටියක්	O
ද	O
පැවැත්වීමට	O
නියමිතය	O
.	O
වැඩි	O
විස්තර	O
කොළඹ	ORG
බාලදක්ෂිකා	ORG
මූලස්ථානයේ	ORG
011	O
2689052	O
දුරකතන	O
අංකය	O
ඔස්සේ	O
ලබා	O
ගත	O
හැක	O
.	O
බූස්ස	LOC
,	O
මැදවල	LOC
,	O
ශ්‍රී	ORG
පුෂ්පාරාම	ORG
විහාරස්ථ	ORG
ශ්‍රී	ORG
විජයානන්ද	ORG
දහම්	ORG
පාසලේ	ORG
වාර්ෂික	O
ත්‍යාග	O
ප‍්‍රදානෝත්සවය	O
විහාරස්ථ	O
ධර්ම	O
ශාලාවේ	O
දී	O
පැවැත්විණි	O
.	O
ප‍්‍රධානාචාර්ය	O
ඌරල	PER
නාගිත	PER
හිමියන්ගේ	O
අනුශාසනා	O
පරිදි	O
දහම්	O
පාසල්	O
ආචාර්ය	O
මණ්ඩලය	O
මෙම	O
උත්සවය	O
සංවිධානය	O
කර	O
තිබුණි	O
.	O
කැලණිය	ORG
විශ්වවිද්‍යාලයේ	ORG
සංස්කෘත	O
අධ්‍යයන	O
අංශයේ	O
කථිකාචාර්ය	O
දේවගොඩ	PER
පියරතන	PER
,	O
හබරාදුවේ	PER
සුමේධවංශ	PER
,	O
රන්සෑගොඩ	PER
විනීත	PER
යන	O
හිමිවරු	O
මෙම	O
උත්සවයට	O
වැඩම	O
කර	O
සිටියහ	O
.	O
දකුණු	LOC
පළාත්	O
සභා	O
මන්ත‍්‍රී	O
අසෝක	PER
ධනවංශ	PER
,	O
රත්ගම	ORG
ප‍්‍රාදේශීය	ORG
සභාවේ	ORG
විපක්ෂ	O
නායක	O
මංගල	PER
ලියනගේ	PER
,	O
ප‍්‍රාදේශීය	O
සභා	O
මන්ත‍්‍රීවරුන්	O
වන	O
ශක්ති	PER
නාලක	PER
,	O
ෂොකට්	PER
ධර්මතිලක	PER
යන	O
මහත්වරු	O
අතින්	O
ත්‍යාග	O
පිරිනැමීම	O
සිදුවිය	O
.	O
රත්ගම	LOC
ගාමිණී	PER
මහදුර	PER
.	O
මැරීමට	O
ගෙන	O
ගිය	O
ගවයකු	O
නිදහස්	O
කර	O
ගොවි	O
පුතෙකුට	O
බාරකිරීමේ	O
පින්කමක්	O
පසුගිය	O
පොසොන්	O
පොහෝ	O
දින	O
උතුරු	ORG
පව්ව	ORG
විහාරස්ථානයේදී	ORG
සිදු	O
කෙරිණි	O
.	O
මෙම	O
පින්කම	O
ගොකරැුල්ල	ORG
මධ්‍ය	ORG
විදුහලේ	ORG
විදුහල්පති	O
ඒ.	PER
එම්.	PER
බී.	PER
සෙනවිරත්න	PER
මහතා	O
ඇතුළු	O
සිසු	O
දරුවන්	O
විසින්	O
සංවිධාන	O
කර	O
තිබුණි	O
.	O
උතුරු	ORG
පව්ව	ORG
රජමහා	ORG
විහාරාධිපති	ORG
මානපහ	PER
ආනන්ද	PER
හිමි	O
සහ	O
විදුහල්පති	O
සෙනෙවිරත්න	PER
මහතා	PER
ගොවිපුතුට	O
ගවයා	O
බාරදුන්	O
අවස්ථාව	O
.	O
ගොකරැුල්ල	LOC
චරිත	PER
රත්නායක	PER
.	O
වෙන්නොරුව	LOC
විජයබා	ORG
මහා	ORG
විද්‍යාලය	ORG
සංවිධානය	O
කළ	O
පොසොන්	O
වැඩ	O
සටහනක්	O
පසුගියදා	O
විද්‍යාලයේ	O
දී	O
පැවැත්විණි	O
.	O
විද්‍යාලයේ	O
6-13	O
ශ්‍රේණිවල	O
දරුවන්	O
සහ	O
ආචාර්ය	O
මණ්ඩලය	O
සිල්	O
සමාදන්ව	O
ආගමික	O
වතාවත්වල	O
නිරත	O
වූහ	O
.	O
1-5	O
ශ්‍රේණිවල	O
දරුවන්	O
විසින්	O
සංවිධානය	O
කළ	O
සිඟිති	O
පොසොන්	O
පෙරහර	O
විද්‍යාලයේ	O
සිට	O
වෙන්නොරුව	LOC
ශ්‍රී	ORG
සාරානන්ද	ORG
විහාරස්ථානය	ORG
වෙත	O
ගමන්	O
කිරීමෙන්	O
අනතුරුව	O
එම	O
දරුවන්	O
ආගමික	O
වතාවත්වල	O
නිරත	O
වූහ	O
.	O
විදුහල්පති	O
එම්.	PER
එම්.	PER
රාජකරුණා	PER
මහතාගේ	O
මගපෙන්වීම	O
යටතේ	O
නියෝජ්‍ය	O
විදුහල්පති	O
නාරම්මල	PER
ධම්මිස්සර	PER
හා	O
වෙන්නොරුව	LOC
සාරානන්ද	ORG
විහාරස්ථානයේ	ORG
කල්තොට	PER
සුමංගල	PER
හිමිවරුන්	O
විසින්	O
මෙම	O
ආගමික	O
වැඩසටහන්	O
කි‍්‍රයාත්මක	O
කළහ	O
.	O
නාරම්ල	LOC
පී.	PER
වී.	PER
සී.	PER
විදානගේ	PER
ජාත්‍යන්තර	O
ළමා	O
ශ‍්‍රමික	O
දිනය	O
අළලා	O
නුවරඑළිය	LOC
ළමා	ORG
ආරක්‍ෂක	ORG
අධිකාරිය	ORG
සංවිධානය	ORG
කළ	O
දැනුවත්	O
කිරීමේ	O
පාගමන	O
නුවරඑළිය	LOC
නගර	O
මධ්‍යයේදී	O
පැවැත්විණි	O
.	O
පාසල්	O
දරුවන්	O
හා	O
වැඩිහිටියෝ	O
ළමා	O
ශ‍්‍රමය	O
පිටුදකිමු	O
.	O
මැයෙන්	O
පෝස්ටර්	O
ප‍්‍රදර්ශනය	O
කරමින්	O
නුවරඑළිය	LOC
නගරය	O
තුළ	O
ගමන්ගත්	O
අයුරු	O
නුවරඑළිය	LOC
ෂෙල්ටන්	PER
හෙට්ටිආරච්චි	PER
උඩප්පුව	PER
–	O
ආඬිමුනේ	ORG
මහ	ORG
විදුහලෙහි	ORG
ඉදිකරන	O
ලද	O
පුස්තකාලය	O
,	O
පන්ති	O
කාමර	O
ගොඩනැගිල්ල	O
සහ	O
ක‍්‍රීඩා	O
මණ්ඩපය	O
සිසු	O
අයිතියට	O
පත්කිරීම	O
පසුගියදා	O
වයඹ	LOC
පළාත්	O
ප‍්‍රධාන	O
ඇමැති	O
නීතිඥ	O
අතුල	PER
විජේසිංහ	PER
මහතා	O
අතින්	O
සිදුවිය	O
.	O
ඒ	O
සඳහා	O
පැමිණි	O
අතුල	PER
විජේසිංහ	PER
මහතා	O
,	O
විදුහලෙහි	O
ශිෂ්‍යාවන්	O
දෙදෙනෙකු	O
විසින්	O
හින්දු	O
චාරිත‍්‍රානුකූලව	O
මහත්	O
හරසරින්	O
පිළිගනු	O
ලැබූ	O
අයුරු	O
.	O
හිරියාල	LOC
රත්නසිරි	PER
හෙට්ටිගේ	PER
.	O
අවුරුදු	O
මිලියන	O
190ක්	O
පැරණි	O
ඩයිනොසෝර	O
බිත්තර	O
තැන්පතුවක්	O
අපි‍්‍රකාවෙන්	LOC
හමුවී	O
තියෙනවා	O
.	O
එහි	O
බිත්තර	O
340ක්	O
තියෙනවා	O
.	O
මෙතෙක්	O
හමු	O
වී	O
ඇති	O
ඉතාමත්	O
පැරණි	O
බිත්තර	O
තැන්පතුව	O
මෙයයි	O
.	O
ඩයිනොසෝරයන්ගේ	O
බිත්තර	O
දැමීමේ	O
හා	O
බිත්තර	O
රැුකීමේ	O
පුරුදු	O
ගැන	O
,	O
ඔවුන්ගේ	O
ප‍්‍රජනක	O
චර්යාවන්	O
ගැන	O
හදාරන්න	O
හොඳම	O
අවස්ථාවක්	O
මෙයින්	O
ලැබෙන	O
බවයි	O
,	O
විද්‍යාඥයන්ගේ	O
අදහස	O
වන්නේ	O
.	O
බිත්තර	O
තැන්පතු	O
මෙම	O
බිත්තර	O
රාශිය	O
හමු	O
වූ	O
කැණීම්	O
බිම	O
ඇත්තේ	O
දකුණු	LOC
අපි‍්‍රකාවේයි	LOC
.	O
ජොහැන්නස්බර්ග්	LOC
නුවර	O
සිට	O
කිලෝමීටර්	O
350ක්	O
පමණ	O
දුරින්	O
පිහිටි	O
ගෝල්ඩන්	ORG
ගේට්	ORG
හයිලන්ඞ්ස්	ORG
ජාතික	ORG
වනෝද්‍යානය	ORG
තුළ	O
වූ	O
මේ	O
කැණීම්	O
බිමෙහි	O
ඇති	O
කැදැලිවල	O
බිත්තර	O
දමා	O
ඇත්තේ	O
මැසොස්පොන්ඩිලස්	O
නම්	O
ඩයිනොසෝර	O
විශේෂයයි	O
.	O
මෙහිදී	O
හමු	O
වී	O
තියෙනවා	O
,	O
බිත්තර	O
තැන්පතු	O
රාශියක්	O
.	O
කැනඩාවේ	LOC
ඔන්ටාරියෝ	ORG
රාජකීය	ORG
කෞතුකාගාරයේ	ORG
පෘෂ්ඨවංශික	O
පොසිලවේදය	O
(පාෂාණභූතී	O
ද්‍රව්‍ය	O
පිළිබඳ	O
විද්‍යාව*	O
පිළිබඳ	O
සම	O
සංරක්ෂක	O
ඬේවිඞ්	PER
එවන්ස්	PER
කියන්නේ:	O
”ඩයිනොසෝරයන්ගේ	O
පොසිල	O
අපට	O
කොතෙකුත්	O
හමුවෙලා	O
තියෙනවා	O
.	O
ඒත්	O
ඔවුන්ගේ	O
ප‍්‍රජනක	O
ජීව	O
විද්‍යාවට	O
අදාළ	O
පොසිල	O
තොරතුරු	O
ඇත්තේ	O
ඉතාමත්	O
ස්වල්පයක්	O
පමණයි	O
.	O
විශේෂයෙන්	O
ම	O
ඉතා	O
පැරණි	O
ඩයිනොසෝරයන්ගේ	O
බිත්තර	O
ගැන	O
හදාරන්න	O
මෙය	O
අනගි	O
අවස්ථාවක්”	O
කියලයි	O
.	O
මෙසේ	O
කියන්නේ	O
පොසිල	O
විද්‍යාඥයකු	O
වන	O
මහාචාර්ය	O
රොබට්	PER
රීස්	PER
ඒ	O
දුර්ලභ	O
අධ්‍යයනය	O
ගැන	O
සඳහන්	O
කරමිනුයි	O
.	O
මෙම	O
කැදලිවල	O
එකක	O
බිත්තර	O
34	O
බැගින්	O
ළං	O
ළංව	O
අසුරා	O
තියෙනවා	O
.	O
අවසාදිත	O
පාෂාණ	O
අතර	O
රැුඳි	O
මේ	O
පොසිලවලින්	O
හෙළිවන්නේ	O
ඔවුන්	O
රංචු	O
වශයෙන්	O
එක්	O
ප‍්‍රදේශයක්	O
තෝරාගෙන	O
කැදලි	O
තනා	O
බිත්තර	O
දමා	O
ඇති	O
බවයි	O
.	O
මීටර	O
6ක්	O
පමණ	O
දිගින්	O
යුත්	O
ඩයිනොසෝර	O
මවගේ	O
සිරුරේ	O
ප‍්‍රමාණයේ	O
හැටියට	O
මේ	O
බිත්තර	O
ඉතා	O
කුඩයි	O
.	O
ඒ	O
බිත්තරයක	O
විශ්කම්භය	O
6-7	O
ජප	O
ක්	O
පමණ	O
වෙනවා	O
.	O
මේ	O
කැදලිවල	O
බිත්තර	O
අසුරා	O
ඇති	O
අන්දම	O
අනුව	O
බිත්තර	O
දැමූ	O
පසු	O
මව	O
විසින්	O
ඒවා	O
එකටෙක	O
ළංකර	O
තබන්නට	O
ඇතැයි	O
යන්න	O
මේ	O
පිළිබඳව	O
අධ්‍යයන	O
කළ	O
රොබට්	PER
රීස්	PER
කියනවා	O
.	O
පැරණිම	O
කලලය	O
මහාචාර්ය	O
රීස්	PER
වැඩිදුරටත්	O
කියන්නේ	O
,	O
”මේ	O
බිත්තර	O
,	O
කලලයන්	O
හා	O
කැදලි	O
හමුවී	O
ඇත්තේ	O
කන්දක්	O
කැපූ	O
පාරක	O
මීටර	O
25ක	O
පමණ	O
පාෂණ	O
තීරුවකයි	O
.	O
අපට	O
මෙහි	O
කැදලි	O
දහයක්	O
පමණ	O
හමුවුණා	O
.	O
අපට	O
හිතෙනවා	O
තවත්	O
මෙවැනි	O
කැදලි	O
රැුසක්	O
කන්ද	O
මුදුනේ	O
ප‍්‍රපාතාකාර	O
බෑවුමේ	O
ඇති	O
කියලා	O
.	O
කාලගුණික	O
කි‍්‍රයාවන්	O
නිසා	O
ඒවා	O
නුදුරු	O
අනාගතයේ	O
දීම	O
විනාශ	O
වී	O
යාමට	O
ඉඩ	O
ඇති	O
බවයි	O
.”	O
මේ	O
පොසිල	O
හමුවී	O
ඇත්තේ	O
මුල්	O
ජුරාසික	O
අවධියට	O
අයත්	O
අවසාදිත	O
පාෂණ	O
අතරෙයි	O
.	O
මැසොස්පොන්ඩිලස්	O
නම්	O
ඩයිනොසෝර	O
විශේෂයට	O
අයත්	O
මෙතෙක්	O
සොයා	O
ගෙන	O
ඇති	O
පැරණිම	O
කලලය	O
මතු	O
කර	O
ගනු	O
ලැබුවේත්	O
මේ	O
ස්ථානයේදිමයි	O
.	O
මෙම	O
මැසොස්පොන්ඩිලස්	O
ඩයිනොසෝරයන්	O
දිගු	O
බෙල්ලක්	O
ඇති	O
ශාක	O
භක්ෂකයන්	O
.	O
ජුරාසික	O
හා	O
ක්‍රෙටීසියානු	O
අවදිවලට	O
අයත්	O
සතුන්	O
යෝධ	O
සතුන්	O
විශේෂයක්	O
.	O
ලූසිත	PER
ජයමාන්න	PER
,	O
ඬේලි	ORG
මේල්	ORG
ඇසුරිනි	O
.	O
මීගමුව	LOC
ආවේ	ORG
මරියා	ORG
බාලිකා	ORG
විද්‍යාලයේ	ORG
(කන්‍යාරාමයේ)	O
2013	O
වර්ණ	O
ප්‍රදානෝත්සවය	O
පොදු	ORG
රාජ්‍ය	ORG
මණ්ඩලයීය	ORG
රිදී	O
පදක්කම්ලාභී	O
හා	O
මලල	O
ක‍්‍රීඩා	O
ව්‍යාපෘති	O
නිලධාරිධාරිනී	O
ශ්‍රීයානි	PER
කුලවංශ	PER
මහත්මියගේ	O
ප්‍රධානත්වයෙන්	O
පැවැත්විණි	O
.	O
එහිදී	O
2012	O
වසරේ	O
19	O
න්	O
පහළ	O
සමස්ත	O
ලංකා	O
පැසිපන්දු	O
තරගාවලියෙන්	O
ජය	O
කෙහෙළි	O
නැංවූ	O
රදිකා	PER
ද	PER
සිල්වා	PER
තමන්ට	O
හිමි	O
වර්ණ	O
සහතිකය	O
කුලවංශ	PER
මහත්මියගෙන්	O
ලබාගත්	O
අයුරු	O
.	O
විදුහල්පතිනි	O
ශිරානි	PER
අල්ගම	PER
කන්‍යා	O
සොහොයුරියද	O
ඡායාරූපයේ	O
සිටී	O
.	O
(ඡායාරූපය-	O
ඩබ්ලිව්.	PER
හියුබට්	PER
ප්‍රනාන්දු	PER
-	O
ලංකාදීප	ORG
අනුග්‍රහෙයනි)	O
අනුරාධපුර	LOC
ඇලයාපත්තුව	LOC
ඔයාමඩුවේදී	LOC
පැවැත්වෙන	O
දැයට	O
කිරුළ	O
ප්‍රදර්ශනය	O
බැලීමට	O
හය	O
වන	O
දිනය	O
වන	O
විට	O
විසි	O
අට	O
ලක්ෂයක්	O
එහි	O
පැමිණි	O
බව	O
දැයට	O
කිරුළ	O
සම්බන්ධිකරණ	O
ලේකම්	O
උදය	PER
සෙනෙවිරත්න	PER
මහතා	O
කියයි	O
.	O
මේ	O
සදහා	O
පාසල්	O
සිසුන්ට	O
සහ	O
ගුරු	O
මහත්ම	O
මහත්මීන්ට	O
නොමිලේ	O
ඇතුළු	O
විය	O
හැකි	O
.	O
විශ්ව	PER
ගැමුණු	PER
ප්‍රියන්කර	PER
,	O
දැයට	O
කිරැළ	O
ප්‍රදර්ශණභූමියේ	O
සිට	O
.	O
මහනුවර	ORG
උසස්	ORG
බාලිකා	ORG
විද්‍යාලයේ	ORG
134	O
වැනි	O
වාර්ෂික	O
ත්‍යාග	O
ප්‍රදානෝත්සවය	O
විශ්ව	ORG
විද්‍යාල	ORG
ප්‍රතිපාදන	ORG
කොමිෂන්	ORG
සභාවේ	ORG
සභාපතිනි	O
මහාචාර්ය	O
ක්ෂණිකා	PER
හිරිඹුරේගම	PER
මහත්මියගේ	PER
ප්‍රධානත්වයෙන්	O
පසුගිය	O
දා	O
විදුහල්	O
කොන්ස්ටන්ට්	LOC
මැලට	LOC
ශාලාවේ 	LOC
දී	O
පැවැත්විණි	O
.	O
විදුහල්පතිනී	O
එම්.	PER
අබේගුණසේකර	PER
මහත්මියගේ	O
උපදෙස්	O
පරිදි	O
නියෝජ්‍ය	O
විදුහල්පතිනි	O
මානෙල්	PER
වාසල	PER
මහත්මිය	O
සංවිධානය	O
කළ	O
මෙම	O
තෑගි	O
උළෙලේ	O
දී	O
ත්‍යාග	O
හා	O
සහතික	O
නවසියයකට	O
වැඩි	O
ප්‍රමාණයක්	O
ප්‍රදානය	O
කරන	O
ලදී	O
.	O
අ.	O
පො.	O
ස.	O
සාමාන්‍ය	O
පෙළ	O
2013	O
විභාගයේ	O
උත්තර	O
පත‍්‍ර	O
අගැයීමේ	O
කටයුතු	O
අද	O
(30)	O
සිට	O
ආරම්භ	O
කෙරෙන	O
බව	O
විභාග	ORG
දෙපාර්තමේන්තුව	ORG
පවසයි	O
.	O
උත්තර	O
පත්‍ර	O
අගැයීම	O
අදියර	O
දෙකක්	O
යටතේ	O
සිදු	O
කෙරෙන	O
අතර	O
එහි	O
පළමු	O
අදියර	O
පාසල්	O
79	O
කදී	O
අද	O
(30	O
.12	O
.2013)	O
සිට	O
ජනවාරි	O
මස	O
7	O
වැනිදා	O
දක්වාත්	O
දෙවැනි	O
අදියර	O
පාසල්	O
19	O
කදී	O
ජනවාරි	O
16	O
වැනිදා	O
සිට	O
24	O
වැනිදා	O
දක්වාත්	O
සිදු	O
කෙරෙන	O
බව	O
විභාගකොමසාරිස්	O
ජනරාල්	O
ඩබ්ලිව්.	PER
එම්.	PER
එන්.	PER
ජේ.	PER
පුෂ්පකුමාර	PER
මහතා	O
නිකුත්	O
කළ	O
නිවේදනයක	O
දැක්වේ	O
.	O
මේ	O
සඳහා	O
ගුරුවරුන්	O
40,000	O
ක්	O
පමණ	O
සහභාගි	O
වන	O
අතර	O
දිවයින	O
පුරා	O
මධ්‍යස්ථාන	O
122	O
කදී	O
අගැයීම්	O
මණ්ඩල	O
1842	O
ක්	O
ක්‍රියාත්මක	O
වන	O
බව	O
ද	O
එම	O
නිවේදනයේ	O
සඳහන්	O
වේ	O
.	O
උත්තර	O
පත්‍ර	O
එක්කෝටි	O
දශ	O
ලක්‍ෂයක්	O
පමණ	O
අගැයීමට	O
නියමිත	O
බවද	O
විභාග	O
කොමසාරිස්	O
ජනරාල්වරයා	O
සඳහන්	O
කරයි	O
.	O
2013	O
රාජ්‍ය	O
ළමා	O
නාට්‍ය	O
උළෙලේ	O
හොඳම	O
ළමා	O
නළුවා	O
ලෙස	O
හොරණ	LOC
විද්‍යාරතන	ORG
විශ්ව	ORG
විද්‍යාපීඨය	ORG
ඉදරිපත්	O
කළ	O
‘‘පාට	O
තුනයි	O
එකම	O
මලයි	O
”	O
නාට්‍යෙය්	O
ලොකු	O
මල්ලිගේ	O
චරිතය	O
රඟපෑ	O
ඒ	PER
ලක්කාන්ත	PER
විහඟ	PER
අබේවික්‍රම	PER
සිසුවාත්	O
හොඳම	O
ළමා	O
නිළිය	O
ලෙස	O
මොනරාගල	LOC
රාජකීය	ORG
විද්‍යාලය	ORG
ඉදිරිපත්	O
කළ	O
‘‘රන්කාසි	O
වැස්ස	O
නාට්‍යෙය්	O
එළිසාගේ	PER
චරිතය	O
නිරුපණය	O
කළ	O
සුපිපි	PER
මැදවල	PER
සිසුවියට	O
හිමි	O
විය	O
.	O
2013	O
රාජ්‍ය	O
ළමා	O
නාට්‍ය	O
උළෙලේ	O
හොඳම	O
ළමා	O
නළුවා	O
ලෙස	O
හොරණ	LOC
විද්‍යාරතන	ORG
විශ්ව	ORG
විද්‍යාපීඨය	ORG
ඉදරිපත්	O
කළ	O
‘‘පාට	O
තුනයි	O
එකම	O
මලයි	O
”	O
නාට්‍යෙය්	O
ලොකු	O
මල්ලිගේ	O
චරිතය	O
රඟපෑ	O
ඒ	PER
ලක්කාන්ත	PER
විහඟ	PER
අබේවික්‍රම	PER
සිසුවාත්	O
හොඳම	O
ළමා	O
නිළිය	O
ලෙස	O
මොනරාගල	LOC
රාජකීය	ORG
විද්‍යාලය	ORG
ඉදිරිපත්	O
කළ	O
‘‘රන්කාසි	O
වැස්ස	O
නාට්‍යෙය්	O
එළිසාගේ	PER
චරිතය	O
නිරුපණය	O
කළ	O
සුපිපි	PER
මැදවල	PER
සිසුවියට	O
හිමි	O
විය	O
.	O
අනුරාධපුර	LOC
අටමස්ථානය	O
,	O
මිහින්තලය	LOC
සහ	O
තන්තිරිමලය	LOC
පූජනීය	O
ස්ථාන	O
කේන්ද්‍ර	O
කර	O
ගනිමින්	O
පැවැත්වෙන	O
පොසොන්	O
උත්සවය	O
වෙනුවෙන්	O
පැමිණෙන	O
පොලිස්	O
නිලධාරීන්ට	O
නවාතැන්	O
ගැනීමට	O
සහ	O
ඔවුන්	O
ගේ	O
වෙනත්	O
සුබසාධන	O
කටයුතු	O
සදහා	O
අවශ්‍ය	O
පහසුකම්	O
සලසාදීමට	O
එම	O
ප්‍රදේශවල	O
පිහිටි	O
පහත	O
සඳහන්	O
විද්‍යාල	O
15ක්	O
අද	O
(09)	O
සිට	O
15	O
වන	O
දින	O
දක්වා	O
වසා	O
තබන	O
බව	O
උතුරු	LOC
මැද	LOC
පළාත්	LOC
අධ්‍යාපන	ORG
අමාත්‍යාංශය	ORG
සඳහන්	O
කරයි	O
.	O
අ/මධ්‍ය	ORG
විද්‍යාලය	ORG
,	O
අ/ස්වර්ණපාලී	ORG
බාලිකා	ORG
ජාතික	ORG
පාසල	ORG
,	O
අ/ශාන්ත	ORG
ජොශප්	ORG
මහා	ORG
විද්‍යාලය	ORG
,	O
අ/වලිසිංහ	ORG
හරිස්චන්ද්‍ර	ORG
මහා	ORG
විද්‍යාලය	ORG
,	O
අ/සහීරා	ORG
මුස්ලිම්	ORG
මහා	ORG
විද්‍යාලය	ORG
,	O
අ/විවේකානන්ද	ORG
දෙමළ	ORG
මහා	ORG
විද්‍යාලය	ORG
,	O
අ/නිවත්ත	ORG
කචේතිය	ORG
මහා	ORG
විද්‍යාලය	ORG
,	O
අ/රත්මලේ	ORG
තිස්ස	ORG
මහා	ORG
විද්‍යාලය	ORG
,	O
අ/අලුත්වැව	ORG
විද්‍යාලය	ORG
,	O
අ/මහා	ORG
ශ්‍රී	ORG
මහා	ORG
බෝධී	ORG
මහා	ORG
විද්‍යාලය	ORG
,	O
අ/නීරාවිය	ORG
දේවානම්	ORG
පියතිස්ස	ORG
විද්‍යාලය	ORG
,	O
තන්තිරිමලය	ORG
විමලඥාන	ORG
මහා	ORG
විද්‍යාලය	ORG
,	O
කම්මලක්කුලම	ORG
විද්‍යාලය	ORG
මෙසේ	O
වසා	O
දමා	O
ඇත	O
.	O
මෙසේ	O
වසා	O
දැමෙන	O
පාසල්වල	O
අතපසු	O
වන	O
අධ්යන	O
කටයුතු	O
වෙනුවෙන්	O
සති	O
අන්තය	O
හිළවු	O
සැසි	O
පැවැත්වීමට	O
ද	O
කටයුතු	O
කරන	O
බව	O
උතුරු	LOC
මැද	LOC
පළාත්	LOC
අධ්‍යාපන	ORG
දෙපාර්තුමේන්තුව	ORG
සඳහන්	O
කරයි’	O
.	O
ෆෝබ්ස්	ORG
සඟරාවට	ORG
අනුව	O
ලොව	O
හත්වැනි	O
ධනවත්	O
කාන්තාව	O
ධෛර්යයත්	O
,	O
නොපසුබස්නා	O
උත්සාහයත්	O
ඇත්නම්	O
කාන්තාවකට	O
සියලුම	O
බාධක	O
මැඩ	O
ගෙන	O
සිය	O
ජීවිතය	O
ජය	O
ගත	O
හැකි	O
බවටතවත්	O
එක්	O
උදාහරණයක්	O
පසුගියදා	O
චීනයෙන්	LOC
අසන්නට	O
ලැබුණි	O
.	O
ඇය	O
නමින්	O
සැන්ග්	PER
ෂින්	PER
ය	O
.	O
අන්ත	O
දුප්පත්	O
ළදැරියක	O
ලෙස	O
ඉපැදුනු	O
ඇය	O
අද	O
ඩොලර්	O
බිලියන	O
3.6	O
වත්කමක	O
හිමිකාරිනියක්	O
.	O
ෆෝබ්ස්	ORG
සඟරාව	ORG
සඳහන්	O
කරන	O
ආකාරයට	O
ලෝකයේ	O
හත්වැනි	O
පොහොසත්ම	O
කාන්තාව	O
වන්නේද	O
ඇයයි	O
.	O
ලොව	O
පොහොසත්ම	O
කාන්තාවන්	O
අතරින්	O
ජනප්‍රියම	O
චරිතයක්	O
වන	O
ඔප්රා	PER
වින්ෆ්‍රීටත්	PER
වඩා	O
ඇය	O
ඩොලර්	O
මිලියන	O
අටසීයකින්	O
පොහොසත්	O
බව	O
සඟරාව	O
සඳහන්	O
කරයි	O
.	O
සඟරාවට	O
අනුව	O
2013	O
වනවිට	O
ලොව	O
කාන්තා	O
බිලියනපතියන්	O
24	O
දෙනෙකු	O
හඳුනාගෙන	O
ඇති	O
අතර	O
ඉන්	O
හය	O
දෙනෙකුම	O
චීන	O
ජාතිකයන්	O
.	O
සැන්ග්	PER
ෂින්ගේ	PER
ව්‍යාපාරය	O
ඉඩකඩම්	O
දේපළ	O
වෙළෙඳාම	O
සහ	O
ගොඩනැගිලි	O
ඉදිකිරීමයි	O
.	O
සොහෝ	ORG
ඇගේ	O
වෙළෙඳ	O
නාමයයි	O
.	O
බීජිංහි	LOC
පමණක්	O
ඇගේ	O
මෙම	O
වෙළෙඳ	O
ලකුණ	O
යටතේ	O
ඉදි	O
කෙරෙන	O
ගොඩනැගිලි	O
ප්‍රමාණය	O
18	O
කි	O
.	O
ෂැංග්හයි	LOC
නුවරදී	O
11	O
කි	O
.	O
මේ	O
ඉදිකිරීම්වලටඅයත්	O
සම්පූර්ණ	O
භූමි	O
ප්‍රමාණය	O
වර්ග	O
අඩි	O
මිලියන	O
56	O
කි	O
.	O
මේවා	O
බොහෝමයක්ම	O
චීනයේ	LOC
ප්‍රමුඛ	O
පෙළේ	O
ගොඩනැගිලිවීමද	O
විශේෂත්වයක්	O
ගනී	O
.	O
සැන්ග්	PER
මෙම	O
ගොඩනැගිලි	O
නිර්මාණය	O
කිරීම	O
සඳහා	O
ලොව	O
ප්‍රකට	O
ගෘහනිර්මාණශිල්පීන්ගේ	O
දායකත්වයත්	O
ලබාගන්නීය	O
.	O
එහෙත්	O
සැන්ග්	PER
ගේ	O
ජීවිතය	O
ගෙවුනේ	O
රෝස	O
මල්	O
ඇතිරෑ	O
මාවතක	O
නොවේ	O
.	O
මේ	O
වනවිට	O
47	O
හැවිරිදි	O
වියේ	O
පසුවන	O
සැන්ග්	PER
බීජිං	LOC
නුවරට	O
පැමිණෙන්නේ	O
මව	O
සමගිනි	O
.	O
වයස	O
අවුරුදු	O
14	O
දී	O
සැන්ග්	PER
මවත්	O
සමග	O
හොංකොං	LOC
බලා	O
යන්නීය	O
.	O
එහිදී	O
වසර	O
පහක්	O
 ඇය	O
සෙල්ලම්බඩු	O
කර්මාන්තශාලාවක	O
සේවිකාවක්	O
ලෙස	O
සේවය	O
කළාය	O
.	O
තම	O
එකම	O
අරමුණ	O
වූයේ	O
යහමින්	O
මුදලක්	O
එකතු	O
කර	O
එංගලන්තයට	LOC
ගොස්	O
වැඩිදුර	O
අධ්‍යාපනය	O
ලැබීම	O
බව	O
සැන්ග්	PER
පවසන්නීය	O
.	O
කිසිදු	O
අධ්‍යාපනයක්	O
නොමැතිව	O
,	O
අඩුම	O
තරමින්	O
හොංකොං	LOC
හි	O
භාෂාවවත්	O
නොදැන	O
එහි	O
රැකියාවක්	O
කිරීම	O
අතිශය	O
පීඩාකාරී	O
වූ	O
බව	O
ඇය	O
කියයි	O
.	O
එහෙත්	O
වසර	O
පහකට	O
පසුව	O
ඇය	O
ලන්ඩන්	LOC
යෑමට	O
ටිකට්	O
පතකට	O
සරිලන	O
මුදලක්	O
එකතු	O
කර	O
ගැනීමට	O
සමත්	O
වූවාය	O
.	O
මේ	O
අතරම	O
ඉංග්‍රීසි	O
භාෂා	O
පාඨමාලාවක්ද	O
හැදෑරු	O
ඇයට	O
බ්‍රිතාන්‍ය	LOC
විශ්වවිද්‍යාලයකින්	O
ශිෂ්‍යත්වයක්ද	O
හිමිව	O
තිබුණි	O
.	O
ඒ	O
අවසරයෙන්	O
කේම්බ්‍රිජ්	ORG
විශ්වවිද්‍යාලයට	ORG
ඇතුළු	O
වී	O
ආර්ථිකවිද්‍යාව	O
පිළිබඳ	O
උසස්	O
උපාධියට	O
ඇය	O
ඉගෙන	O
ගත්තාය	O
.	O
අනතුරුව	O
සිය	O
පළමු	O
රුකියාව	O
ලෙස	O
පත්වීම්	O
ලැබුවේ	O
ඇමෙරිකාවේ	LOC
ගෝල්ඩ්මන්	ORG
සැච්ස්	ORG
බැංකුවෙහිය	ORG
.	O
වසර	O
කීපයකට	O
පසුව	O
සැන්ග්	PER
යළිත්	O
සිය	O
මවුබිමට	O
ඒමට	O
තීරණය	O
කර	O
ඇත	O
.	O
බීජිංහිදී	LOC
විවාහ	O
වන	O
ඇය	O
සිය	O
සැමියාද	O
සමගින්	O
එකතුව	O
1995	O
දී	O
සොහෝ	ORG
ව්‍යාපාරය	O
ඇරඹීමට	O
කටයුතු	O
කළාය	O
.	O
මිනිස්සු	O
ගොඩ	O
දෙනෙක්	O
කතා	O
කළා	O
චීනය	LOC
වෙනස්	O
වෙන්න	O
ඕනේ	O
කොහොමද	O
කියලා	O
.	O
මම	O
හිතනවා	O
දැන්	O
චීනය	LOC
සම්පූර්ණයෙන්ම	O
අලුත්	O
වෙමිනුයි	O
තියෙන්නේ	O
.	O
එහි	O
කොටස්කාරයෙක්	O
වෙන්න	O
මටත්	O
වුවමනාව	O
තිබුණා	O
.	O
සැන්ග්	PER
ආඩම්බරයෙන්	O
යුතුව	O
පවසන්නීය	O
.	O
සැන්ග්	PER
තමන්ගේ	O
ව්‍යාපාර	O
කටයුතු	O
කරගෙන	O
යාමට	O
අමතරව	O
කාලීන	O
සිදුවීම්	O
,	O
ගෘහනිර්මාණ	O
කටයුතු	O
සහ	O
වෙළෙඳාම්	O
කටයුතු	O
ගැනත්	O
නිරන්තරයෙන්	O
සිය	O
අදහස්	O
දක්වන්නීය	O
.	O
ඇය	O
ඒ	O
සඳහා	O
යොදාගන්නේ	O
චීනයේ	LOC
සමාජ	O
ජාල	O
වෙබ්	O
අඩවිය	O
යන	O
වෙයිබෝ	ORG
අඩවියයි	O
.	O
ට්විටර්	ORG
වෙබ්	O
අඩවිය	O
හා	O
සමාන	O
වන	O
මේ	O
හරහා	O
මිලියන	O
5කට	O
අධික	O
පිරිසක්	O
ඇය	O
හා	O
සම්බන්ධ	O
වී	O
සිටින	O
බව	O
පැවසේ	O
.	O
තමන්	O
ලෝකයේ	O
කොතරම්	O
ලොකු	O
පෝසතෙකු	O
වුවත්	O
දරුවන්ට	O
ඕනෑ	O
ප්‍රමාණයට	O
වඩා	O
මුදල්	O
වියදම්	O
කිරීමට	O
ඉඩ	O
නොදෙන	O
බවත්	O
ඔවුන්ද	O
තමන්ගේ	O
ජීවිත	O
තමන්	O
විසින්ම	O
ගොඩනගා	O
ගත	O
යුතු	O
බවත්	O
සැන්ග්	PER
පවසා	O
සිටින්නීය	O
.	O
ඔවුන්	O
මුදල්	O
ඉල්ලා	O
සිටින	O
තෙක්	O
තමන්	O
ඔවුන්ට	O
මුදල්	O
නොදෙන	O
බවත්	O
ඇය	O
කියයි	O
.	O
මේ	O
වනවිට	O
14	O
හැවිරිදි	O
වියේ	O
පසුවන	O
ඇගේ	O
පුතාටද	O
රුකියාවක්	O
සොයා	O
ගන්න	O
යැයි	O
තමන්	O
කියා	O
ඇතැයිද	O
සැන්ග්	PER
ෂින්	PER
අභිමානවත්	O
කාන්තාවක්	O
,	O
බුද්ධිමත්	O
චරිතයක්	O
,	O
ව්‍යාපාරික	O
ගැහැණියක්	O
,	O
බිරිඳක්	O
සහ	O
මවක්	O
ලෙස	O
ප්‍රකාශ	O
කර	O
සිටින්නීය	O
.	O
ශ්‍රී	LOC
ලංකා	LOC
පාසල්	ORG
චෙස්	ORG
සංගමය	ORG
සංවිධානය	O
කර	O
පැවති	O
අන්තර්	O
පාසල්	O
බාලක	O
බාලිකා	O
කේවල	O
චෙස්	O
තරගාවලියේ	O
සමස්ත	O
බාලක	O
ශූරතාව	O
මහනුවර	LOC
කිංග්ස්වුඩ්	ORG
විද්‍යාලය	ORG
විසින්ද	O
,	O
එහි	O
සමස්ත	O
බාලිකා	O
ශූරතාව	O
කොළඹ	LOC
විශාකා	ORG
බාලිකා	ORG
විද්‍යායාලය	ORG
විසින්	O
ද	O
දිනා	O
ගනු	O
ලැබීය	O
.	O
පාසල්	O
රැසකම	O
චෙස්	O
ක්‍රීඩක	O
ක්‍රීඩිකාවන්	O
,	O
සහභාගීත්වයෙන්	O
පැවැති	O
චෙස්	O
තරගාවලියේ	O
නිල	O
ප්‍රතිඵල	O
මෙසේ	O
ය	O
.	O
පිහිටුවීම	O
අනිවාර්ය	O
බවත්	O
,	O
එයට	O
අදාළ	O
ඇමති	O
මණ්ඩල	O
නිර්දේශය	O
ලැබුණ	O
බවත්	O
,	O
පරිසර	O
හා	O
පුනර්ජනනීය	O
බලශක්ති	O
ඇමති	O
සුසිල්	PER
ප්‍රේමජයනත්	PER
මහතා	O
පැවසීය	O
.	O
ලබන	O
වර්ෂය	O
වනවිට	O
සම්පූර්ණයෙන්ම	O
දිවයිනේ	O
සෑම	O
පාසලකම	O
පරිසර	O
නියමු	O
කණ්ඩායම්	O
පිහිටුවා	O
ඔවුන්	O
පාරිසරික	O
,	O
සමාජ	O
ක්‍රීයාවන්ට	O
දායක	O
කරවන	O
බව	O
ද	O
ඇමතිවරයා	O
ප්‍රකාශ	O
කළේය	O
.	O
තවද	O
දිවයිනේ	O
ඉඩම්	O
හෙක්ටයාර	O
තුන්ලක්ෂ	O
පනස්	O
දහසක්	O
තුළ	O
පැළ	O
සිටුවීමට	O
ඉදිරි	O
වසරක	O
කාලය	O
තුළ	O
ක්‍රියාකරන	O
බවද	O
සුසිල්	PER
ප්‍රේම්ජයන්ත්	PER
මහතා	O
වැඩිදුරටත්	O
ප්‍රකාශ	O
කළේය	O
.	O
විශ්ව	O
විද්‍යාල	O
වරම්	O
නොලබා	O
,	O
අධ්‍යාපනය	O
අසමත්	O
ලේබලය	O
අලවා	O
තිබෙන	O
දරු	O
දැරියන්ට	O
නූතන	O
වෙළෙඳ	O
පොළ	O
ජය	O
ගැනීමට	O
අවශ්‍ය	O
දැනුම	O
ලබාදීම	O
සහ	O
විශ්ව	O
විද්‍යාල	O
විද්‍යායතන	O
25	O
ක්	O
රට	O
තුළ	O
ස්ථාපිත	O
කිරීමට	O
සැලසුම්	O
කර	O
තිබෙන	O
බව	O
යෞවන	O
කටයුතු	O
හා	O
නිපුණතා	O
සංවර්ධන	O
අමාත්‍ය	O
ඩලස්	PER
අලහප්පෙරුම	PER
මහතා	O
සඳහන්	O
කළේය	O
.	O
එම	O
විද්‍යායතන	O
තුළ	O
පාඨමාලා	O
47	O
ක්	O
ඉගැන්වීමට	O
සූදානම්	O
කර	O
තිබෙන	O
බවත්	O
,	O
එම	O
ප්‍රමාණන්	O
පාඨමාලා	O
22	O
ක්	O
මෙතෙක්	O
ලංකාව	LOC
තුළ	O
කිසිදු	O
ආයතනයක	O
ඉගැන්වීම්	O
කටයුතු	O
සිදුකර	O
නොමැති	O
බවත්	O
ඒ	O
මහතා	O
පවසා	O
සිටියේය	O
.	O
මේ	O
රටතුළ	O
මුල්	O
බැසගෙන	O
තිබෙන	O
ආකල්පයන්ට	O
අනුව	O
විශ්ව	O
විද්‍යාල	O
වරම්	O
ලබාගැනීමට	O
නොහැහැකි	O
සියලු	O
දෙනාම	O
අධ්‍යාපනය	O
අසමත්	O
පිරිස්	O
ලෙස	O
හඳුන්දීම	O
,	O
මෙවැනි	O
වැඩපිළිවෙළක්	O
සකස්	O
කිරීමට	O
ප්‍රධානම	O
හේතුව	O
වී	O
තිබෙන	O
බව	O
අමාත්‍යවරයා	O
කියා	O
සිටියේ	O
ය	O
.	O
එහෙත්	O
විශ්ව	O
විද්‍යාල	O
අධ්‍යාපනය	O
ලබාගන්නා	O
දරුවන්	O
සේම	O
වෘත්තීය	O
පුහුණුව	O
ලබාගන්නා	O
දරුවන්ද	O
රටකට	O
විශාල	O
සම්ප	O
තක්	O
බවත්	O
,	O
මේ	O
පිළිබඳව	O
වටහාගත්	O
ආණ්ඩුව	O
ලොව	O
ජයගැනීමට	O
අවශ්‍ය	O
තාක්ෂණය	O
ලබාදීමට	O
සැලසුම්කතිබෙන	O
බවත්	O
හෙතෙම	O
පවසා	O
සිටියේ	O
ය	O
.	O
මෙවර	O
විභාගයට	O
අදාළව	O
සම්බන්ධීකරණ	O
මධ්‍යස්ථාන	O
534	O
ක්	O
,	O
ප්‍රාදේශීය	O
එක්රුස්	O
කිරීමේ	O
මධ්‍යස්ථාන	O
33	O
ක්	O
සහ	O
මධ්‍යම	O
එක්රැස්	O
කිරීමේ	O
මධ්‍යස්ථාන	O
02	O
ක්	O
නම්	O
කර	O
ඇතැයි	O
විභාග	ORG
දෙපාර්තමේන්තුව	ORG
පවසයි	O
.	O
විශේෂ	O
අධ්‍යාපන	O
විභාග	O
මධ්‍යස්ථාන	O
කිහිපයක්ද	O
ඇති	O
අතර	O
,	O
රත්මලාන	LOC
,	O
තංගල්ල	LOC
,	O
මාතර	LOC
,	O
හලාවත	LOC
,	O
අඹේපුස්ස	LOC
සහ	O
කොළඹ	LOC
මැගසින්	LOC
බන්ධනාගාරය	LOC
යන	O
ස්ථානවල	O
ඒවා	O
පිහිටුවා	O
තිබේ	O
.	O
පොලොන්නරුව	LOC
දිස්ත්‍රික්කයේ	LOC
සමස්ත	O
සිසු	O
සිසුවියන්	O
වෙනුවෙන්	O
රුපියල්	O
මිලියන	O
425ක	O
වියදමින්	O
සම්පූර්ණයෙන්	O
නවීකරණය	O
කරන	O
ලද	O
පොලොන්නරුව	LOC
රාජකීය	ORG
මධ්‍ය	ORG
මහා	ORG
විද්‍යාලය	ORG
ජනාධිපති	O
මහින්ද	PER
රාජපක්ෂ	PER
මැතිතුමාගේ	O
ප්‍රධානත්වයෙන්	O
ලබන	O
11	O
දා	O
සිසු	O
අයිතියට	O
පැවරීමට	O
නියමිතය	O
.	O
දිස්ත්‍රික්කයේ	O
සියලු	O
අධ්‍යාපන	O
පහසුකම්	O
සහිත	O
පාසලක්	O
ලෙස	O
නවීකරණය	O
කරන	O
ලද	O
මේ	O
විද්‍යාලයේ	O
වත්මන්	O
ශිෂ්‍ය	O
සංඛ්‍යාව	O
3000ක්	O
පමණ	O
වේ	O
.	O
පාසල	O
අවට	O
සියලුම	O
ප්‍රවේශ	O
මාර්ග	O
නවීකරණය	O
හා	O
සමස්ත	O
පාසල්	O
භූමියම	O
ළමා	O
මිතුරු	O
පරිසරයක්	O
ලෙස	O
සංවර්ධන	O
කිරීම	O
ද	O
මේ	O
යටතේ	O
සිදු	O
කරන	O
බව	O
පොලොන්නරුව	LOC
අප	O
දිස්ත්‍රික්	ORG
මාධ්‍ය	ORG
ඒකකය	ORG
පැවසීය	O
.	O
මැදිරිගිරිය	ORG
ජාතික	ORG
පාසලේ	ORG
තාක්ෂණික	O
විද්‍යාගාරයත්	O
11	O
වෙනිදා	O
ජනපති	O
අතින්	O
සිසු	O
අයිතියට	O
මැදිරිගිරිය	O
ජාතික	O
පාසලේ	O
තාක්ෂණික	O
විද්‍යාගාරය	O
ලබන	O
11	O
දින	O
ජනාධිපති	O
මහින්ද	PER
රාජපක්ෂ	PER
මැතිතුමාගේ	O
ප්‍රධානත්වයෙන්	O
සිසු	O
අයිතියට	O
පත්කිරීමට	O
නියමිත	O
බව	O
පොලොන්නරුව	LOC
අප	O
දිස්ත්‍රික්	ORG
මාධ්‍ය	ORG
ඒකකය	ORG
පවසයි	O
.	O
ජනාධිපති	O
මහින්ද	PER
රාජපක්ෂ	PER
මැතිතුමාගේ	O
සංකල්පයකට	O
අනුව	O
සෑම	O
දරුවෙකුටම	O
සම	O
අධ්‍යාපනික	O
පහසුකම්	O
ලබාදීමේ	O
අරමුණින්	O
ක්‍රියාත්මක	O
කෙරෙන	O
මහින්දෝදය	O
තාක්ෂණික	O
විද්‍යාගාර	O
23ක්	O
පොලොන්නරුව	LOC
දිස්ත්‍රික්කයේ	O
සමස්ත	O
දරු	O
පරපුර	O
වෙනුවෙන්	O
ලබාදීමට	O
මෙහිදී	O
කටයුතු	O
කොට	O
ඇත	O
.	O
පොලොන්නරුව	LOC
,	O
දිඹුලාගල	LOC
සහ	O
හිඟුරක්ගොඩ	LOC
අධ්‍යාපනික	O
කලාපවලට	O
අයත්	O
පාසල්	O
23ක	O
මේ	O
තාක්ෂණික	O
විද්‍යාගාර	O
ඉදිකොට	O
තිබේ	O
.	O
පොසොන්	O
පොහොය	O
නිමිත්තෙන්	O
මිහින්තලා	LOC
පුද	LOC
බිමට	LOC
පැමිණෙන	O
පාසල්	O
සිසුන්	O
වෙනුවෙන්	O
පොසොන්	O
මහා	O
පොත්	O
දන්සැලක්	O
පැවැත්වීමට	O
අධ්‍යාපන	ORG
අමාත්‍යංශය	ORG
පියවර	O
ගෙන	O
ඇත	O
.	O
ජනාධිපති	O
මහින්ද	PER
රාජපක්ෂ	PER
මැතිතුමා	O
ද	O
අරලියගහ	LOC
මන්දිරයේ	LOC
දී	O
ඒ	O
සඳහා	O
පොත්	O
පරිත්‍යාග	O
කළේය	O
.	O
ජුනි	O
12	O
සහ	O
13	O
දෙදින	O
මිහින්තලා	LOC
පහත	LOC
මළුවේදී	LOC
මෙම	O
පොත්	O
දන්සැල	O
පැවැත්වේ	O
.	O
මේ	O
සඳහා	O
පාවිච්චි	O
කිරීමට	O
සුදුසු	O
තත්ත්වයේ	O
පවතින	O
අතිරේක	O
කියවීම්	O
පොත්	O
,	O
ළමා	O
කතන්දර	O
පොත්	O
,	O
පසුගිය	O
ප්‍රශ්නෝත්තර	O
පොත්	O
,	O
විෂය	O
පොත්	O
,	O
සාහිත්‍ය	O
පොත්	O
යනාදී	O
කෘතීන්	O
භාර	O
දිය	O
හැකිය	O
.	O
පරිත්‍යාගශීලීන්ට	O
තමන්	O
ලබාදෙන	O
පොත්	O
ලබන	O
06	O
වැනි	O
දා	O
දක්වා	O
අධ්‍යාපන	ORG
අමාත්‍යංශයේ	ORG
ග්‍රන්ථ	ORG
ප්‍රකාශන	ORG
උපදේශක	ORG
මණ්ඩලයට	ORG
හා	O
ජාතික	O
පාසල්	O
,	O
පළාත්	O
හා	O
කලාප	O
අධ්‍යාපන	O
කාර්යාලවලට	O
ද	O
භාර	O
දිය	O
හැකිය	O
.	O
අධ්‍යාපන	O
අමාත්‍ය	O
බන්දුල	PER
ගුණවර්ධන	PER
,	O
රාජ්‍ය	O
ආරක්ෂක	O
හා	O
නාගරික	O
සංවර්ධන	O
අමාත්‍යංශයේ	O
ලේකම්	O
ගෝඨාභය	PER
රාජපක්ෂ	PER
,	O
අධ්‍යාපන	O
අමාත්‍යංශයේ	O
ලේකම්	O
අනුර	PER
දිසානායක	PER
,	O
අධ්‍යාපන	O
ප්‍රකාශන	O
කොමසාරිස්	O
තිස්ස	PER
හේවාවිතාරණ	PER
මහත්වරුන්	O
ද	O
ආරක්ෂක	O
මාණ්ඩලික	O
ප්‍රධානී	O
ජෙනරාල්	O
ජගත්	PER
ජයසූරිය	PER
මහතා	O
ඇතුළු	O
ත්‍රිවිධ	O
හමුදාපතිවරුන්	O
ඇතුළු	O
පිරිසක්	O
මෙම	O
අවස්ථාවට	O
එක්ව	O
සිටියහ	O
.	O
හැමෝගෙම	O
කතාව	O
පාපන්දු	O
ලෝක	O
කුසලාන	O
තරගාවලිය	O
ගැන	O
.	O
රවිඳුටත්	PER
ඒ	O
ගැන	O
තව	O
තොරතුරැ	O
හොයන්න	O
ඕනෑ	O
වුණ	O
නිසා	O
එයා	O
පුස්තකාලය	O
පැත්තට	O
ගියා	O
.	O
ජූනි	O
මස	O
12	O
වැනිදා	O
බ්‍රසීලය	LOC
සහ	O
ක්‍රොඒෂියාව	LOC
අතර	O
පැවැත්වෙන	O
තරගයෙන්	O
ආරම්භ	O
වන	O
පාපන්දු	O
ලෝක	O
කුසලාන	O
තරගාවලිය	O
ජූලි	O
13	O
වැනිදා	O
දක්වා	O
පුරා	O
මාසයක	O
කාලයක්	O
පැවැත්වේ	O
.	O
තරගාවලියට	O
ඇතුළත්	O
සම්පූර්ණ	O
තරග	O
සංඛ්‍යාව	O
64	O
ක්	O
වන	O
අතර	O
ජයග්‍රාහකයන්ට	O
රැපියල්	O
කෝටි	O
450	O
ක්	O
ඉක්මවූ	O
ත්‍යාගයක්	O
පිරිනැමේ	O
.	O
වර්ෂ	O
1930	O
දී	O
පළමුවරට	O
උරැගුවේ	LOC
රාජ්‍යයේදී	LOC
පැවැත්වුණ	O
පාපන්දු	O
ලෝක	O
කුසලාන	O
තරගාවලියේදී	O
සත්කාරක	O
උරැගුවේ	LOC
රාජ්‍යයම	LOC
පාපන්දු	O
ලෝක	O
කුසලාන	O
දිනාගත්තේය	O
.	O
එහෙත්	O
එය	O
ඔවුන්	O
විසින්	O
දිනාගන්නා	O
ලද	O
එකම	O
ලෝක	O
කුසලානය	O
විය	O
.	O
මේ	O
දක්වා	O
පැවැති	O
ලෝක	O
කුසලාන	O
තරගාවලි	O
19	O
දී	O
බ්‍රසීලය	LOC
පස්	O
වතාවක්ම	O
ලෝක	O
කුසලාන	O
දිනාගනිමින්	O
පාපන්දු	O
ලෝකයේ	O
සාර්ථකම	O
කණ්ඩායම	O
වී	O
සිටී	O
.	O
අවසන්	O
වරට	O
තරගාවලිය	O
පැවැති	O
2010	O
වසරේදී	O
ලෝක	O
කුසලාන	O
දිනාගත්තේ	O
ස්පාඤ්ඤයයි	LOC
.	O
පාපන්දු	O
ලෝක	O
කුසලාන	O
තරගාවලිය	O
ලෙසින්	O
හැඳින්වෙන	O
නමුත්	O
සත්‍ය	O
වශයෙන්ම	O
මෙය	O
පාපන්දු	O
ලෝක	O
කුසලාන	O
තරගාවලියේ	O
අවසන්	O
වටයයි	O
.	O
ලෝකයේ	O
මහාද්වීප	O
අතුරින්	O
විශාලම	O
මහාද්වීපය	O
වන	O
ආසියා	LOC
මහාද්වීපයට	LOC
සහ	O
ඕස්ටේ‍්‍රලියානු	LOC
මහාද්වීපයටත්	LOC
යන	O
දෙකටම	O
ඇත්තේ	O
ස්ථාන	O
4	O
ක්	O
පමණි	O
.	O
එහෙත්	O
යුරෝපා	LOC
මහාද්වීපයට	LOC
ස්ථාන	O
13	O
ක්	O
ද	O
,	O
අප්‍රිකානු	LOC
මහාද්වීපයට	LOC
ස්ථාන	O
5	O
ක්ද	O
මධ්‍යම	O
සහ	O
දකුණු	LOC
ඇමරිකානු	LOC
මහාද්වීප	LOC
සඳහා	O
ස්ථාන	O
10	O
ක්	O
ද	O
වෙන්කෙරේ	O
.	O
එය	O
ඔලිම්පික්	O
ක්‍රීඩා	O
උළෙලේ	O
පේ‍්‍රක්‍ෂක	O
පිරිසටත්	O
වඩා	O
විශාලය	O
.	O
කොකා	ORG
කෝලා	ORG
,	O
මැක්ඩොනල්ඩ්ස්	ORG
,	O
අඩිඩාස්	ORG
වැනි	O
ලෝකයේ	O
ප්‍රකට	O
වෙළෙඳ	O
සමාගම්	O
පාපන්දු	O
ලෝක	O
කුසලාන	O
තරගාවලිය	O
සමග	O
අත්වැල්	O
බැඳගෙන	O
සිටිති	O
.	O
තරගාවලියේ	O
අනුග්‍රාහකයන්	O
වශයෙන්	O
ඉදරියට	O
එමින්	O
තරගාවලියේ	O
සාර්ථකත්වය	O
සඳහා	O
මුදල්	O
යොදවන	O
මෙම	O
වාණිජ	O
සමාගම්	O
තම	O
තමන්ගේ	O
නිෂ්පාදන	O
ප්‍රචලිත	O
කරමින්	O
දීර්ඝ	O
කාලීනව	O
විශාල	O
ලාභ	O
උපයති	O
.	O
බ්‍රසීලයේ	LOC
පැවැත්වෙන	O
තරගාවලියට	O
සුදුසුකම්	O
ලබාගැනීම	O
හේතුවෙන්	O
අවසන්	O
වටයේ	O
තරගාවලියට	O
සහභාගි	O
වන	O
රටවල්	O
32	O
අතුරින්	O
ඩොලර්	O
මිලියන	O
8	O
ක්	O
හෙවත්	O
ශ්‍රී	LOC
ලංකාවේ	LOC
මුදලින්	O
රැපියල්	O
කෝටි	O
104	O
බැගින්	O
කණ්ඩායම්	O
16	O
කට	O
වෙන්කෙරේ	O
.	O
එතැන්	O
සිට	O
ඒ	O
ඒ	O
කණ්ඩායම්	O
වල	O
දස්කම්	O
අනුව	O
ඉදිරියට	O
යාමේදී	O
සෑම	O
කණ්ඩායමකටම	O
හිමිවන	O
ත්‍යාග	O
මුදල්	O
ප‍්‍රමාණය	O
වැඩිවෙයි	O
.	O
අපේ	O
සෞරග‍්‍රහ	O
මණ්ඩලයේ	O
,	O
විශාලත්වයෙන්	O
දෙවැනි	O
තැන	O
ගන්නා	O
ග‍්‍රහකය	O
පසුගියදා	O
පෘථිවිය	LOC
අසලින්ම	O
ගමන්	O
කළා	O
.	O
බය	O
වෙන්න	O
දෙයක්	O
නැහැ	O
.	O
ග‍්‍රහකයෙන්	O
පෘථිවියට	O
කිසිදු	O
ආකාරයක	O
අනතුරක්	O
හෝ	O
බලපෑමක්	O
හෝ	O
සිදුවුණේ	O
නැහැ	O
.	O
ඒත්	O
වසර	O
ගණනාවකට	O
පසුවයි	O
මෙතරම්	O
විශාල	O
ග‍්‍රහකයක්	O
පෘථිවිය	LOC
අසලින්	O
ගමන්	O
කළේ	O
.	O
ඒ	O
නිසා	O
තාරකා	O
විද්‍යාඥයන්ට	O
ඒක	O
ඉතා	O
වැදගත්	O
සිදුවීමක්	O
වුණා	O
.	O
මේ	O
ග‍්‍රහකය	O
තමයි	O
‘433	O
ඊරෝස්’	O
.	O
එහි	O
විශාලත්වය	O
ලන්ඩන්	LOC
නගරය	O
මෙන්	O
400	O
ගුණයක්	O
.	O
එය	O
පෘථිවියට	LOC
සැතපුම්	O
මිලියන	O
16.6	O
ක්	O
සමීප	O
වුණා	O
.	O
මීට	O
කලින්	O
එය	O
පෘථිවිය	LOC
අසලින්	O
ගමන්	O
කළේ	O
මීට	O
අවුරුදු	O
37	O
කට	O
කලින්	O
.	O
ඒ	O
කියන්නේ	O
1975	O
වසරේදීයි	O
.	O
මෙය	O
යලිත්	O
පෘථිවිය	LOC
අසලින්	O
යෑමට	O
නියමිතව	O
ඇත්තේ	O
2056	O
වසරේදීයි	O
.	O
ඊරෝස්ට	O
හිරු	O
වටේ	O
භ‍්‍රමනය	O
වෙන්න	O
දින	O
643	O
ක්	O
ගත	O
වෙනවා	O
.	O
එය	O
සෑම	O
පැය	O
හයකටම	O
සහ	O
මිනිත්තු	O
16	O
කටම	O
වතාවක්	O
කැරකෙනවා	O
.	O
ග‍්‍රහකය	O
සොයා	O
ගනු	O
ලැබුවේ	O
1898	O
දී	O
ජර්මන්	LOC
තාරකා	O
විද්‍යාඥ	O
ගුස්ටෝව්	PER
විට්	PER
සහ	O
ප‍්‍රංශ	LOC
විද්‍යාඥ	O
ඔගස්ටී	PER
විසිනුයි	O
.	O
ගුරුවරුන්	O
,	O
පාසල්	O
දරු	O
දැරියන්	O
ඇතුළු	O
350	O
දෙනකු	O
සමඟ	O
යාත‍්‍රා	O
කරද්දී	O
මුහුදේ	O
ගිලූණු	O
පැපුවා	LOC
නිව්ගිනි	LOC
මගී	O
පාරුවේ	O
සිරවූවන්	O
බේරා	O
ගැනීමේ	O
මෙහෙයුම්	O
පසුගිය	O
3	O
වැනිසා	O
දවස	O
පුරා	O
කි‍්‍රයාත්මක	O
වූ	O
අතර	O
අයහපත්	O
කාලගුණයෙන්	O
ඊට	O
බාධා	O
එල්ල	O
විය	O
.	O
එම්.	O
වී.	O
රබෝල්	O
ක්වීන්’	O
නමැති	O
එම	O
මගී	O
පාරුව	O
ඉකුත්	O
දෙවැනිදා	O
පැපුවා	LOC
නිව්	LOC
ගිනියාවට	LOC
ඔබ්බෙන්	O
මුහුදේ	O
පෙරළී	O
ගිලී	O
ගියේ	O
ප‍්‍රචණ්ඩ	O
රළ	O
පහරකට	O
හසුවීමෙනි	O
.	O
සැඩ	O
රළ	O
පහරට	O
හසුවෙද්දී	O
පාරුව	O
,	O
කිම්	LOC
දූපතේ	LOC
සිට	O
ප‍්‍රධාන	O
වරාය	O
නගරය	O
වන	O
ලා	LOC
තෙක්	O
යාත‍්‍රා	O
කරමින්	O
තිබුණු	O
බව	O
වාර්තා	O
වේ	O
.	O
පාරුවේ	O
ගමන්	O
කළ	O
වැඩි	O
දෙනා	O
පුහුණු	O
ගුරුවරුන්	O
සහ	O
සිසුදරු	O
දැරියන්	O
යැයි	O
පැපුවා	LOC
නිව්ගිනියා	LOC
රජය	ORG
පවසයි	O
.	O
